snr_db,method,sample_id,semantic_calls,profile_end_to_end_ms,matched_primary_ms,ordinary_stage_ms,byt5_pipeline_ms,assisted_bp_ms,semantic_update_ms,other_ms,decisions_match
2,LDPC-BP,0,0,7.944299999962823,7.214066666549002,7.877099999859638,0.0,0.0,0.0,0.06720000010318472,true
2,LM-Top1,0,1,27.079299999968498,55.25936666669532,7.117699999980687,19.864099999722384,0.0,0.0,0.09750000026542693,true
2,BM-BP,0,1,36.08390000044892,62.57596666674203,7.586799999899085,26.232899999740766,0.6475000004684262,1.3910000002397283,0.22570000010091462,true
2,SF-BP,0,1,39.157199999863224,60.99906666669123,7.293699999991077,25.053200000002107,0.6575000002158049,5.962700000509358,0.19009999914487707,true
2,LDPC-BP,1,0,7.200600000032864,7.050499999922503,7.17080000003989,0.0,0.0,0.0,0.029799999992974335,true
2,LM-Top1,1,1,27.256900000338646,53.064399999917335,8.138099999996484,19.036200000300596,0.0,0.0,0.08260000004156609,true
2,BM-BP,1,1,40.56570000011561,70.4686333334017,7.32930000003762,25.330299999950512,6.162799999401614,1.4597000003959693,0.28360000032989774,true
2,SF-BP,1,1,44.99840000016775,70.20219999999829,7.395699999960925,25.67289999979039,1.1283999997431238,10.569000000486994,0.2324000001863169,true
2,LDPC-BP,2,0,7.268299999850569,7.816733333374515,7.230400000025838,0.0,0.0,0.0,0.03789999982473091,true
2,LM-Top1,2,1,26.503600000069127,52.27646666677307,7.308400000056281,19.093099999736296,0.0,0.0,0.10210000027655042,true
2,BM-BP,2,6,211.38739999969403,352.5122333333215,7.136100000025181,150.54849999978615,43.996599998081365,8.556200001748948,1.150000000052387,true
2,SF-BP,2,2,172.48479999989286,218.17016666667396,7.188999999925727,51.49630000005345,11.465100003078987,101.7580999960046,0.5763000008300878,true
2,LDPC-BP,3,0,7.59410000000571,7.259433333429636,7.536500000242086,0.0,0.0,0.0,0.05759999976362451,true
2,LM-Top1,3,1,28.48839999978736,53.687399999959716,7.197800000085408,21.196599999711907,0.0,0.0,0.09399999999004649,true
2,BM-BP,3,1,36.27999999980602,61.28636666677423,7.223200000225916,26.232200000322337,1.201600000513281,1.3993999996273487,0.22359999911714112,true
2,SF-BP,3,1,44.683100000384,62.85429999998845,7.247999999890453,26.920199999949546,1.0684000003493566,9.17589999971824,0.2706000004764064,true
2,LDPC-BP,4,0,7.12180000027729,7.340566666625155,7.066200000281242,0.0,0.0,0.0,0.0555999999960477,true
2,LM-Top1,4,1,28.64240000008067,40.87966666669729,8.411400000113645,20.09310000039477,0.0,0.0,0.13789999957225518,true
2,BM-BP,4,1,38.13209999998435,60.77716666657906,8.65380000004734,26.06340000011187,1.592600000094535,1.4522000005854352,0.3700999991451681,true
2,SF-BP,4,1,44.5662999995875,65.94393333345157,7.0717999997214065,25.73339999980817,1.166400000329304,10.323300000436575,0.2713999992920435,true
2,LDPC-BP,5,0,7.385199999589531,8.088666666710745,7.327799999984563,0.0,0.0,0.0,0.05739999960496789,true
2,LM-Top1,5,1,27.45260000028793,50.280800000025515,7.097800000337884,20.25969999976951,0.0,0.0,0.09510000018053688,true
2,BM-BP,5,1,37.54750000007334,60.97679999992304,7.454500000221742,26.609000000007654,1.8755000000965083,1.3864000002286048,0.2220999995188322,true
2,SF-BP,5,1,46.20359999989887,67.6895333332735,7.172099999934289,26.975999999649503,1.1669000009533192,10.650400000031368,0.2381999993303907,true
2,LDPC-BP,6,0,7.3114000001623936,7.854233333355627,7.267299999966781,0.0,0.0,0.0,0.044100000195612665,true
2,LM-Top1,6,1,27.071199999681994,47.24496666669845,7.528999999976804,19.45160000013857,0.0,0.0,0.09059999956662068,true
2,BM-BP,6,1,37.288900000021385,61.577199999939346,7.822699999906035,25.966000000153144,1.8577999990156968,1.4138999999886437,0.22850000095786527,true
2,SF-BP,6,1,43.552899999667716,65.94523333341584,7.058199999846693,26.298899999801506,1.0603000014270947,8.865900000273541,0.26959999831888126,true
2,LDPC-BP,7,0,7.526200000029348,6.948666666676928,7.4733999999807565,0.0,0.0,0.0,0.052800000048591755,true
2,LM-Top1,7,1,26.602599999932863,46.73846666674445,6.9991999998819665,19.519700000273588,0.0,0.0,0.08369999977730913,true
2,BM-BP,7,1,36.70860000011089,54.92999999997158,8.060499999828608,26.34600000010323,0.6353000003400666,1.4203000000634347,0.24649999977555126,true
2,SF-BP,7,1,40.93560000001162,60.40253333340336,7.169299999986833,26.78539999988061,0.719300000127987,6.0582999994949205,0.20330000052126707,true
2,LDPC-BP,8,0,7.593700000143144,6.989833333426769,7.549599999947532,0.0,0.0,0.0,0.044100000195612665,true
2,LM-Top1,8,1,26.98690000033821,46.829500000002376,7.2493000002396,19.635099999959493,0.0,0.0,0.10250000013911631,true
2,BM-BP,8,1,35.85179999981847,58.107333333372445,7.368700000370154,25.980800000070303,0.9012999998958549,1.3707000002796121,0.2302999992025434,true
2,SF-BP,8,1,40.51470000013069,63.21033333332456,7.1623999997427745,24.865800000043237,0.8672000003571156,7.426300000133779,0.19299999985378236,true
2,LDPC-BP,9,0,7.705099999839149,7.029633333329362,7.66620000013063,0.0,0.0,0.0,0.03889999970851932,true
2,LM-Top1,9,1,26.705399999627843,53.45036666661921,7.275299999946583,19.35600000024351,0.0,0.0,0.07409999943774892,true
2,BM-BP,9,1,33.888300000398885,64.3353999999808,6.958800000120391,24.636799999825598,0.7342000003518478,1.364800000374089,0.1936999997269595,true
2,SF-BP,9,1,42.7506999999423,70.74919999995426,7.717200000115554,25.03500000011627,0.9417999999641324,8.85790000029374,0.19879999945260352,true
2,LDPC-BP,10,0,7.0811000000503554,7.9136666666457245,7.05100000004677,0.0,0.0,0.0,0.030100000003585592,true
2,LM-Top1,10,1,25.578600000244478,56.05656666650205,6.699699999899167,18.80990000017846,0.0,0.0,0.06900000016685226,true
2,BM-BP,10,1,35.76069999962783,65.87106666662379,7.368699999915407,24.59129999988363,2.1296000013535377,1.464600000417704,0.20649999805755215,true
2,SF-BP,10,1,42.94110000000728,70.97463333317577,7.166400000187423,25.522600000385864,0.9737000009408803,9.072500000002037,0.20589999849107699,true
2,LDPC-BP,11,0,7.500900000195543,6.94933333342244,7.469199999832199,0.0,0.0,0.0,0.03170000036334386,true
2,LM-Top1,11,1,27.31869999979608,51.51306666667802,8.318900000176654,18.914799999947718,0.0,0.0,0.08499999967170879,true
2,BM-BP,11,1,36.557499999616994,61.27899999999068,8.155800000167801,25.273200000356155,1.5225999991343997,1.3578999992205354,0.24800000073810224,true
2,SF-BP,11,1,46.150699999998324,70.35776666663669,7.526599999891914,25.143299999854207,1.372400000491325,11.82349999953658,0.2849000002242974,true
2,LDPC-BP,12,0,6.758800000170595,7.081866666604005,6.731500000114465,0.0,0.0,0.0,0.027300000056129647,true
2,LM-Top1,12,1,25.399600000127975,56.29600000000797,6.9708999999420485,18.333699999857345,0.0,0.0,0.09500000032858225,true
2,BM-BP,12,1,34.538700000211975,63.5421666665934,7.34550000015588,24.62149999973917,1.0192000008828472,1.3706000008824049,0.18189999855167116,true
2,SF-BP,12,1,43.71590000027936,70.66436666665392,7.763900000099966,25.275999999848864,1.1210999987270043,9.32650000004287,0.22840000156065798,true
2,LDPC-BP,13,0,7.66010000006645,7.019266666707343,7.608699999764212,0.0,0.0,0.0,0.05140000030223746,true
2,LM-Top1,13,1,25.739100000009785,53.24706666655269,6.944799999928364,18.721900000400638,0.0,0.0,0.07239999968078337,true
2,BM-BP,13,3,105.03559999960999,186.46486666657816,7.2857999998632295,75.02290000002176,17.92570000543492,4.22199999957229,0.5791999947177828,true
2,SF-BP,13,6,647.0985999999357,800.9680666665287,7.28930000013861,154.0284999996402,48.515099998894584,435.77160000859294,1.494099992669362,true
2,LDPC-BP,14,0,6.971600000269973,7.228999999911186,6.926000000021304,0.0,0.0,0.0,0.04560000024866895,true
2,LM-Top1,14,1,26.714799999808747,59.892499999937364,7.470500000181346,19.16490000030535,0.0,0.0,0.07939999932204955,true
2,BM-BP,14,1,34.77579999980662,67.58443333324611,7.2995999998966,25.500300000203424,0.44410000100469915,1.3458000003083725,0.18599999839352677,true
2,SF-BP,14,1,37.219199999981356,67.45663333326964,6.878900000174326,25.11499999991429,0.4617000004145666,4.573200000322686,0.19039999915548833,true
2,LDPC-BP,15,0,7.393299999876035,7.096266666633729,7.361100000252918,0.0,0.0,0.0,0.03219999962311704,true
2,LM-Top1,15,1,25.2040999998826,53.69806666674629,6.68679999989763,18.440199999986362,0.0,0.0,0.07709999999860884,true
2,BM-BP,15,1,35.761099999945145,67.47843333332781,7.655800000065938,24.797600000056264,1.6464999994241225,1.4015000001563749,0.25970000024244655,true
2,SF-BP,15,1,47.28620000014416,75.41393333340096,7.329900000058842,26.476499999716907,1.2716000001091743,11.962800000219431,0.24540000003980822,true
2,LDPC-BP,16,0,7.275700000263896,7.598600000029876,7.228899999972782,0.0,0.0,0.0,0.046800000291113975,true
2,LM-Top1,16,1,25.91500000016822,53.391066666553876,7.184099999903992,18.65829999997004,0.0,0.0,0.07260000029418734,true
2,BM-BP,16,2,68.61609999987195,124.80449999991332,7.325200000195764,49.6117000002414,8.506199999374076,2.803600001243467,0.3693999988172436,true
2,SF-BP,16,1,65.86449999986144,89.04183333326661,7.090200000220648,25.59480000036274,3.388199999335484,29.561800000010408,0.22949999993215897,true
2,LDPC-BP,17,0,7.4012000000038825,7.297266666680476,7.3567999997976585,0.0,0.0,0.0,0.04440000020622392,true
2,LM-Top1,17,1,26.739599999928032,55.89059999985935,7.399699999950826,19.264300000031653,0.0,0.0,0.07559999994555255,true
2,BM-BP,17,1,36.474600000019564,67.89156666670593,7.36910000023272,24.69660000042495,2.7463999999781663,1.4556999994965736,0.2067999998871528,true
2,SF-BP,17,1,45.114400000329624,77.2684999999728,6.8436000001383945,25.165999999899213,1.2508999989222502,11.648700000023382,0.20520000134638394,true
2,LDPC-BP,18,0,7.232800000110728,7.0350666667735595,7.199499999842374,0.0,0.0,0.0,0.03330000026835478,true
2,LM-Top1,18,1,25.98200000011275,62.395799999973654,7.014300000264484,18.894999999702122,0.0,0.0,0.07270000014614197,true
2,BM-BP,18,1,34.01490000032936,67.72606666665955,6.941999999980908,24.68689999977869,0.7805999998709012,1.3844999998582352,0.22090000084062922,true
2,SF-BP,18,1,40.53710000016508,73.50796666663466,8.875499999703607,24.720299999898998,0.6213999995452468,6.085099998927035,0.23480000209019636,true
2,LDPC-BP,19,0,7.300600000235136,7.348066666747144,7.259499999690888,0.0,0.0,0.0,0.04110000054424745,true
2,LM-Top1,19,1,25.664600000254723,57.65560000011879,7.150800000090385,18.408200000067154,0.0,0.0,0.10560000009718351,true
2,BM-BP,19,1,35.58800000018891,63.731966666733086,7.35530000019935,25.205399999777,1.292299999477109,1.4145999998618208,0.32040000087363296,true
2,SF-BP,19,1,42.526100000031875,80.40596666665796,7.233000000269385,24.8501999999462,1.0255999995933962,9.215500000209431,0.20180000001346343,true
2,LDPC-BP,20,0,7.630599999629339,6.937799999902221,7.592099999783386,0.0,0.0,0.0,0.038499999845953425,true
2,LM-Top1,20,1,25.523400000110996,60.43246666667912,7.0212000000537955,18.430999999964115,0.0,0.0,0.07120000009308569,true
2,BM-BP,20,1,37.84270000005563,71.97486666668713,7.1121999999377294,24.779800000032992,4.198699998596567,1.5520000010837975,0.20000000040454324,true
2,SF-BP,20,1,45.01009999967209,77.98773333331728,7.105599999704282,25.7605999995576,1.117099999646598,10.785299999952258,0.24150000081135659,true
2,LDPC-BP,21,0,7.3711999998522515,7.188999999952965,7.337600000028033,0.0,0.0,0.0,0.033599999824218685,true
2,LM-Top1,21,1,25.651599999946484,63.18763333341811,7.209700000203156,18.370000000231812,0.0,0.0,0.07189999951151549,true
2,BM-BP,21,1,35.697199999958684,68.28973333324721,7.559399999991001,25.130800000169984,1.4575999989574484,1.3435999994726444,0.20580000136760646,true
2,SF-BP,21,1,42.54350000019258,80.0309666665567,7.120300000224233,25.24700000003577,1.0515000008126663,8.904599999823404,0.22009999929650803,true
2,LDPC-BP,22,0,7.406200000332319,7.217099999937915,7.3647999997774605,0.0,0.0,0.0,0.04140000055485871,true
2,LM-Top1,22,1,26.029399999970337,56.492166666725296,7.467799999631097,18.48279999967417,0.0,0.0,0.07880000066506909,true
2,BM-BP,22,1,34.594599999763886,68.96753333326089,6.943999999748485,25.228900000001886,0.7857999999032472,1.3912999993408448,0.2446000007694238,true
2,SF-BP,22,1,39.580000000114524,75.20346666660889,7.331100000101287,25.4095000000234,0.6721000008838018,5.957799999578128,0.20949999952790677,true
2,LDPC-BP,23,0,6.956400000035501,7.49213333338498,6.923100000221893,0.0,0.0,0.0,0.03329999981360743,true
2,LM-Top1,23,1,26.563599999917642,56.009899999967416,7.735499999853346,18.74679999991713,0.0,0.0,0.08130000014716643,true
2,BM-BP,23,1,34.84500000013213,67.62616666675925,7.019700000000739,25.137800000265997,1.1097999986304785,1.3597000001936976,0.21800000104121864,true
2,SF-BP,23,1,41.861100000005536,74.94129999995636,7.1208999997907085,26.007100000242644,0.854400000662281,7.6664999996864935,0.21219999962340808,true
2,LDPC-BP,24,0,7.925100000193197,7.02326666669606,7.883499999934429,0.0,0.0,0.0,0.04160000025876798,true
2,LM-Top1,24,1,26.532200000019657,61.23266666663696,7.3425000000497676,19.111399999928835,0.0,0.0,0.07830000004105386,true
2,BM-BP,24,1,34.237299999858806,59.86010000001348,6.917900000189547,25.05269999983284,0.7325999990825949,1.3513000003513298,0.18280000040249433,true
2,SF-BP,24,1,38.70520000009492,75.02943333330118,6.9642000003113935,24.907399999847257,0.6321000005300448,6.014199999754055,0.18729999965216848,true
2,LDPC-BP,25,0,7.326100000227598,7.045766666636884,7.291500000064843,0.0,0.0,0.0,0.03460000016275444,true
2,LM-Top1,25,1,26.43469999975423,47.24463333327478,7.150600000386476,19.206799999665236,0.0,0.0,0.07729999970251811,true
2,BM-BP,25,1,34.08429999990403,68.87233333335985,6.990099999711674,24.580499999956373,0.7409000004372501,1.5774999997120176,0.19530000008671777,true
2,SF-BP,25,1,39.18539999995119,64.11779999998639,7.01580000031754,25.15620000031049,0.6576999994649668,6.15769999967597,0.19800000018221908,true
2,LDPC-BP,26,0,7.4451000000408385,7.135599999893809,7.416500000090309,0.0,0.0,0.0,0.02859999995052931,true
2,LM-Top1,26,1,26.641599999948085,53.84229999993432,6.938399999853573,19.629099999747268,0.0,0.0,0.07410000034724362,true
2,BM-BP,26,2,74.31659999974727,129.7572000000713,7.057199999962904,49.56049999964307,14.276999997946405,2.8750000028594513,0.5468999993354373,true
2,SF-BP,26,2,172.3535000000993,240.4375666665359,7.229599999845959,50.386299999900075,11.73529999823586,102.41710000036619,0.5852000017512182,true
2,LDPC-BP,27,0,7.032400000298367,7.353500000025548,6.982899999911751,0.0,0.0,0.0,0.049500000386615284,true
2,LM-Top1,27,1,25.395599999683327,55.21916666669213,6.9526000002042565,18.357800000103452,0.0,0.0,0.08519999937561806,true
2,BM-BP,27,2,68.89760000012757,142.0070333333451,7.5187999996160215,50.17309999993813,8.083400002760754,2.777899999273359,0.34439999853930203,true
2,SF-BP,27,1,49.24250000021857,77.33196666667652,7.234600000174396,25.506899999982124,1.5744000020276872,14.727199999924778,0.19939999810958398,true
2,LDPC-BP,28,0,7.494299999962095,7.184166666592755,7.461100000000442,0.0,0.0,0.0,0.03319999996165279,true
2,LM-Top1,28,1,25.39040000010573,61.214200000041075,6.602299999940442,18.727899999703368,0.0,0.0,0.060200000461918535,true
2,BM-BP,28,3,104.59140000011757,177.22853333331182,7.361099999798171,76.6233999997894,15.79069999843341,4.1907000008905015,0.6255000012060918,true
2,SF-BP,28,1,84.19569999978194,119.27376666672392,6.787499999973079,26.62529999997787,4.959299997608468,45.54229999985182,0.2813000023706991,true
2,LDPC-BP,29,0,7.421199999953387,7.036966666693918,7.372799999757262,0.0,0.0,0.0,0.04840000019612489,true
2,LM-Top1,29,1,26.156299999911425,58.95023333343611,7.01279999975668,19.064300000081857,0.0,0.0,0.07920000007288763,true
2,BM-BP,29,1,35.2364000000307,69.47083333316802,7.300000000213913,25.377800000114803,1.025399999889487,1.3532999996641593,0.1799000001483364,true
2,SF-BP,29,1,45.80509999959759,74.90163333328799,7.15009999976246,26.018800000201736,1.3291000004755915,11.020199999165925,0.2868999999918742,true
2,LDPC-BP,30,0,7.596700000249257,7.295066666706873,7.528800000272895,0.0,0.0,0.0,0.06789999997636187,true
2,LM-Top1,30,1,26.631100000031438,57.80823333334695,7.353899999998248,19.09299999988434,0.0,0.0,0.18420000014884863,true
2,BM-BP,30,1,37.89020000021992,69.23906666673456,7.57049999992887,25.284800000008545,3.4126999989894102,1.404700000421144,0.21750000087195076,true
2,SF-BP,30,1,56.774200000290875,86.748366666626,7.203600000138977,26.415299999825947,2.3559000010209274,20.558600000185834,0.24079999911919003,true
2,LDPC-BP,31,0,7.0913999998083455,7.85693333336468,6.986899999901652,0.0,0.0,0.0,0.10449999990669312,true
2,LM-Top1,31,1,25.504600000203936,56.60530000005556,7.090300000072602,18.345200000112527,0.0,0.0,0.0691000000188069,true
2,BM-BP,31,1,38.050299999667914,67.25946666663418,7.294699999874865,25.026100000104634,3.7826999996468658,1.748499999393971,0.1983000006475777,true
2,SF-BP,31,1,44.207599999936065,74.14196666671795,6.924499999968248,25.08140000009007,1.0976000003211084,10.87299999926472,0.23110000029191724,true
2,LDPC-BP,32,0,7.438399999955436,7.570666666500377,7.403399999930116,0.0,0.0,0.0,0.03500000002532033,true
2,LM-Top1,32,1,25.321100000383012,55.852733333270045,6.87000000016269,18.38049999969371,0.0,0.0,0.07060000052661053,true
2,BM-BP,32,6,211.8202999999994,388.7272333333461,7.228700000268873,150.70049999940238,43.58209999600149,9.154600006695546,1.154399997631117,true
2,SF-BP,32,6,650.4563999997117,832.4944333332169,7.566899999801535,151.12079999971684,50.1879999992525,440.1123000043299,1.4683999966109695,true
2,LDPC-BP,33,0,7.143999999698281,7.3722000000013095,7.103999999799271,0.0,0.0,0.0,0.03999999989900971,true
2,LM-Top1,33,1,26.452699999936158,59.0517333333788,7.09820000020045,19.28300000008676,0.0,0.0,0.0714999996489496,true
2,BM-BP,33,1,34.22369999998409,65.5927999999335,6.822100000135833,24.7269999999844,1.0829999996531114,1.3728999992963509,0.2187000009143958,true
2,SF-BP,33,1,42.29170000007798,74.78563333346717,7.464299999810464,25.135100000170496,0.9304999998676067,8.583200000884972,0.17859999934444204,true
2,LDPC-BP,34,0,7.130100000267703,7.171199999949825,7.099399999788147,0.0,0.0,0.0,0.030700000479555456,true
2,LM-Top1,34,1,26.032399999621703,59.802833333326554,7.19970000000103,18.769699999666045,0.0,0.0,0.06299999995462713,true
2,BM-BP,34,1,35.15749999996842,66.50289999997246,7.058600000164006,25.333799999771145,1.198000000385946,1.3738000002376793,0.19329999940964626,true
2,SF-BP,34,1,41.34670000030383,76.81646666672985,7.148299999698793,25.830999999925552,0.776400000177091,7.390399999621877,0.2006000008805131,true
2,LDPC-BP,35,0,7.024399999863817,7.926066666639049,6.997599999976956,0.0,0.0,0.0,0.02679999988686177,true
2,LM-Top1,35,1,26.112600000033126,55.475700000056825,7.239500000196131,18.79919999964841,0.0,0.0,0.073900000188587,true
2,BM-BP,35,1,35.71390000024621,61.02006666668084,7.370000000264554,25.661000000127387,1.1051999995288497,1.3652000002366549,0.21250000008876668,true
2,SF-BP,35,1,38.68649999958507,70.71040000010005,6.999299999733921,24.923799999669427,0.6495999991784629,5.900799999835726,0.21300000116752926,true
2,LDPC-BP,36,0,7.7042000002620625,7.842566666669863,7.645099999990634,0.0,0.0,0.0,0.059100000271428144,true
2,LM-Top1,36,1,26.029300000118383,53.0639333332464,6.897100000060163,19.062599999870145,0.0,0.0,0.06960000018807477,true
2,BM-BP,36,1,36.87820000004649,70.47426666658178,7.14830000015354,25.69020000009914,2.4531000003662484,1.385100000334205,0.20149999909335747,true
2,SF-BP,36,1,42.67679999975371,77.39049999995491,7.043000000066968,25.65099999992526,0.9382000007462921,8.845299999848066,0.19929999916712404,true
2,LDPC-BP,37,0,6.949399999939487,8.046800000045096,6.915399999797955,0.0,0.0,0.0,0.03400000014153193,true
2,LM-Top1,37,1,26.079700000082084,52.92750000001689,6.676799999695504,19.33259999987058,0.0,0.0,0.07030000051599927,true
2,BM-BP,37,1,34.32149999980538,64.55563333329432,7.198700000117242,24.71960000002582,0.7424000004903064,1.453199999559729,0.2075999996122846,true
2,SF-BP,37,1,39.65390000030311,75.10756666662151,7.004699999924924,25.75070000011692,0.6480000010924414,6.021399999553978,0.22909999961484573,true
2,LDPC-BP,38,0,7.383000000118045,6.921466666786576,7.3406999999861,0.0,0.0,0.0,0.042300000131945126,true
2,LM-Top1,38,1,26.72370000027513,59.26156666672,6.962999999814201,19.695299999966664,0.0,0.0,0.06540000049426453,true
2,BM-BP,38,1,35.623300000224845,63.73083333327164,7.15070000023843,25.376699999924313,1.4499999992949597,1.3782000000901462,0.26770000067699584,true
2,SF-BP,38,1,45.95079999990048,80.53199999998621,7.194299999810028,25.31460000000152,1.2903000006190268,11.876200000187964,0.2753999992819445,true
2,LDPC-BP,39,0,7.0925999998507905,7.516133333292411,7.055600000057893,0.0,0.0,0.0,0.03699999979289714,true
2,LM-Top1,39,1,25.806699999975535,58.070833333185114,7.321600000068429,18.40780000020459,0.0,0.0,0.07729999970251811,true
2,BM-BP,39,6,210.2487000001929,396.97210000003,7.016699999894627,151.4100999997936,42.07170000063343,8.447800002159056,1.3023999977122003,true
2,SF-BP,39,2,150.56920000006357,220.57236666668226,7.057700000132172,49.54510000015944,8.897999998680461,84.63710000205538,0.4312999990361277,true
2,LDPC-BP,40,0,7.330299999921408,7.676233333408315,7.295799999610608,0.0,0.0,0.0,0.034500000310799805,true
2,LM-Top1,40,1,26.018999999905645,60.50156666676069,7.41569999991043,18.53350000010323,0.0,0.0,0.06979999989198404,true
2,BM-BP,40,1,34.483999999793014,67.12030000000387,7.0845999998709885,24.733000000196625,1.1058000000048196,1.3598000000456523,0.20079999967492768,true
2,SF-BP,40,1,43.17489999993995,70.38313333337953,7.071699999869452,25.87180000000444,0.9674000016275386,9.043300000485033,0.2206999979534885,true
2,LDPC-BP,41,0,7.201000000350177,7.104666666724786,7.161200000155077,0.0,0.0,0.0,0.03980000019510044,true
2,LM-Top1,41,1,26.112800000191783,59.12366666661958,7.571600000119361,18.44219999975394,0.0,0.0,0.09900000031848322,true
2,BM-BP,41,1,36.41220000008616,70.31573333334033,7.8132000003279245,25.91279999978724,1.0964999996758706,1.3844999998582352,0.20520000043688924,true
2,SF-BP,41,1,39.55379999979414,72.75643333330824,7.287800000085554,25.47739999999976,0.6164000014905469,5.94710000041232,0.22509999780595535,true
2,LDPC-BP,42,0,6.969999999910215,7.50756666679564,6.941999999980908,0.0,0.0,0.0,0.027999999929306796,true
2,LM-Top1,42,1,26.200499999958993,51.463233333362744,7.275299999946583,18.849799999770767,0.0,0.0,0.07540000024164328,true
2,BM-BP,42,6,210.39220000011483,404.6214999999573,7.186099999671569,151.73860000004424,41.9007999967107,8.4845000005771,1.0822000031112111,true
2,SF-BP,42,6,650.0578000000132,843.4908666667483,6.923299999925803,152.6052999993226,49.24620000747382,439.7643000002063,1.5186999930847378,true
2,LDPC-BP,43,0,7.650900000044203,7.171133333194746,7.579499999792461,0.0,0.0,0.0,0.07140000025174231,true
2,LM-Top1,43,1,26.30460000000312,49.09843333330125,7.344699999976001,18.865200000163895,0.0,0.0,0.09469999986322364,true
2,BM-BP,43,2,69.58010000016657,121.75813333337497,7.391399999960413,51.50610000009692,7.467000000360713,2.797999999984313,0.4175999997642066,true
2,SF-BP,43,2,144.3116000000373,213.35436666664268,7.435299999997369,50.100799999654555,8.759100003771891,77.52050000090094,0.4958999957125343,true
2,LDPC-BP,44,0,7.035099999939121,7.675366666605991,6.9865000000390864,0.0,0.0,0.0,0.04859999990003416,true
2,LM-Top1,44,1,26.374999999916326,49.70336666673821,7.260100000166858,19.02330000029906,0.0,0.0,0.09159999945040909,true
2,BM-BP,44,1,34.90409999994881,61.73183333333062,7.361499999660737,25.064600000405335,0.8958999997048522,1.359899999897607,0.22220000028028153,true
2,SF-BP,44,1,41.12840000016149,72.74563333337625,7.2687000001678825,25.217800000064017,0.9206999993693898,7.517499999721622,0.2037000008385803,true
2,LDPC-BP,45,0,7.331900000281166,6.961699999905591,7.300499999928434,0.0,0.0,0.0,0.031400000352732604,true
2,LM-Top1,45,1,25.61070000001564,52.0376333332635,7.31339999992997,18.23240000021542,0.0,0.0,0.0648999998702493,true
2,BM-BP,45,2,69.23049999977593,132.5889000000018,7.422799999858398,50.674500000241096,7.921399997940171,2.827800000886782,0.3840000008494826,true
2,SF-BP,45,1,45.062700000016775,69.3747666667169,7.608799999616167,25.504900000214548,1.1844000000564847,10.539399999743182,0.2252000003863941,true
2,LDPC-BP,46,0,7.2921999999380205,7.290966666751331,7.2520000003351015,0.0,0.0,0.0,0.04019999960291898,true
2,LM-Top1,46,1,25.65890000005311,54.55626666672705,7.000800000241725,18.580200000087643,0.0,0.0,0.07789999972374062,true
2,BM-BP,46,1,34.242599999743106,60.77196666668764,7.260200000018813,24.90879999959361,0.5017999997107836,1.3744000002589019,0.19740000016099657,true
2,SF-BP,46,1,37.87759999977425,64.38133333324221,7.032600000002276,25.262000000111584,0.5232999997133447,4.787999999734893,0.27170000021214946,true
2,LDPC-BP,47,0,7.176699999945413,7.27729999994627,7.128300000204035,0.0,0.0,0.0,0.04839999974137754,true
2,LM-Top1,47,1,26.655500000288157,57.2677000000373,7.343499999933556,19.206500000109372,0.0,0.0,0.10550000024522888,true
2,BM-BP,47,1,36.020900000039546,65.78803333335277,7.702599999902304,25.42970000013156,1.2071000005562382,1.4205000002220913,0.2609999992273515,true
2,SF-BP,47,1,42.36970000010842,69.02439999990406,7.41329999982554,24.75460000005114,1.0305999990123382,8.960600000591512,0.21060000062789186,true
2,LDPC-BP,48,0,7.089199999882112,8.078200000044925,7.052800000110437,0.0,0.0,0.0,0.03639999977167463,true
2,LM-Top1,48,1,26.241600000048493,54.49773333337996,7.364200000210985,18.806300000051124,0.0,0.0,0.0710999997863837,true
2,BM-BP,48,1,34.691100000145525,58.94826666668725,7.447099999808415,24.809999999888532,0.7465000007869094,1.4932999993106932,0.19420000035097473,true
2,SF-BP,48,1,38.60970000005182,68.43379999984478,7.164000000102533,24.40130000013596,0.6303999998635845,6.20969999999943,0.20429999995030812,true
2,LDPC-BP,49,0,7.283500000085041,7.094466666619799,7.24869999976363,0.0,0.0,0.0,0.03480000032141106,true
2,LM-Top1,49,1,25.958000000173342,46.96389999993755,7.51059999993231,18.37999999997919,0.0,0.0,0.06740000026184134,true
2,BM-BP,49,2,70.0011999997514,124.67896666653881,7.325900000068941,50.28309999988778,8.700500000031752,3.282700000454497,0.4089999993084348,true
2,SF-BP,49,2,148.86440000009316,210.69573333327912,7.08180000037828,51.362999999582826,8.833200000026409,81.16730000028838,0.41909999981726287,true
2,LDPC-BP,50,0,7.11090000004333,7.484699999975438,7.081499999912921,0.0,0.0,0.0,0.029400000130408444,true
2,LM-Top1,50,1,26.467200000297453,59.56519999998496,7.649299999684445,18.726300000253104,0.0,0.0,0.09160000035990379,true
2,BM-BP,50,1,34.45220000003246,66.48183333347173,7.2998000000552565,24.884800000108953,0.7287999992513505,1.3612000007015013,0.17759999991540099,true
2,SF-BP,50,1,41.97760000033668,68.27993333321321,7.578099999591359,26.116100000308506,0.7744999998067215,7.323299999370647,0.18560000125944498,true
2,LDPC-BP,51,0,7.313299999623268,7.159533333407353,7.279899999957706,0.0,0.0,0.0,0.03339999966556206,true
2,LM-Top1,51,1,26.461100000233273,60.5929666667393,7.168300000103045,19.220399999994697,0.0,0.0,0.07240000013553072,true
2,BM-BP,51,1,35.792899999705696,70.41970000007088,7.200200000170298,25.498900000002322,1.5683000010540127,1.354000000446831,0.17149999803223182,true
2,SF-BP,51,1,43.701599999621976,72.92543333334815,7.181800000125804,24.814099999730388,1.014999999824795,10.491099999853759,0.19960000008723,true
2,LDPC-BP,52,0,7.14769999967757,6.807900000003049,7.11440000031871,0.0,0.0,0.0,0.03329999935886008,true
2,LM-Top1,52,1,25.937599999906524,58.97699999997267,6.989900000007765,18.876900000122987,0.0,0.0,0.07079999977577245,true
2,BM-BP,52,1,36.77419999985432,68.88153333323999,8.40650000009191,25.06840000023658,1.6668000002937333,1.424300000508083,0.2081999987240124,true
2,SF-BP,52,1,44.22560000011799,75.139166666555,6.841199999598757,25.06840000023658,1.2566000004881062,10.796499999742082,0.2629000000524684,true
2,LDPC-BP,53,0,7.099600000401551,7.571933333262375,7.049999999708234,0.0,0.0,0.0,0.04960000069331727,true
2,LM-Top1,53,1,26.100399999904766,56.404699999902164,7.139699999697768,18.874999999752617,0.0,0.0,0.08570000045438064,true
2,BM-BP,53,1,37.36909999997806,67.07480000005243,7.2027999999590975,24.548500000037166,3.957400002036593,1.391999999214022,0.2683999987311836,true
2,SF-BP,53,1,42.73560000001453,76.74540000002139,7.632599999851664,24.7601000000941,1.041499999246298,9.06470000063564,0.23670000018682913,true
2,LDPC-BP,54,0,7.66860000021552,7.107433333307729,7.609599999796046,0.0,0.0,0.0,0.05900000041947351,true
2,LM-Top1,54,1,26.13419999988764,54.63549999991102,7.25430000011329,18.798799999785842,0.0,0.0,0.08109999998850981,true
2,BM-BP,54,3,104.36919999983729,205.81549999993362,7.5020999997832405,75.2807999997458,16.782000000603148,4.2050999995808525,0.5992000001242559,true
2,SF-BP,54,4,401.4089000002059,539.8552000001401,7.20210000008592,101.63380000039979,29.925599999387487,261.72860000178844,0.918799998544273,true
2,LDPC-BP,55,0,7.383000000118045,8.303333333441762,7.32930000003762,0.0,0.0,0.0,0.053700000080425525,true
2,LM-Top1,55,1,26.32610000000568,58.52013333338135,7.196899999598827,19.04880000029152,0.0,0.0,0.08040000011533266,true
2,BM-BP,55,1,35.28850000020611,69.30443333339535,7.138599999962025,25.965999999698397,0.6249999996725819,1.3663000004271453,0.19260000044596381,true
2,SF-BP,55,1,39.33790000019144,75.67263333340908,7.096999999703257,24.78659999997035,0.7156000006034446,6.5125000005537,0.2261999993606878,true
2,LDPC-BP,56,0,6.916499999988446,7.398666666621996,6.878400000005058,0.0,0.0,0.0,0.038099999983387534,true
2,LM-Top1,56,1,26.666600000226026,59.36950000004041,7.1769000001040695,19.415800000388117,0.0,0.0,0.07389999973383965,true
2,BM-BP,56,1,34.6001999996588,68.96076666654476,6.91240000014659,24.496799999724317,1.5345999977398606,1.4261000001170032,0.2303000019310275,true
2,SF-BP,56,1,42.742399999951886,76.66369999994534,6.947500000023865,25.65920000006372,0.9168000001409382,8.992500000658765,0.22639999906459707,true
2,LDPC-BP,57,0,7.014300000264484,7.072999999946224,6.980399999974907,0.0,0.0,0.0,0.03390000028957729,true
2,LM-Top1,57,1,26.348899999902642,57.83373333336309,7.470800000191957,18.802499999765132,0.0,0.0,0.07559999994555255,true
2,BM-BP,57,1,35.103000000162865,71.98646666673388,7.050100000014936,25.15620000031049,1.2968999999429798,1.4056000004529778,0.19419999944148003,true
2,SF-BP,57,1,41.160499999932654,72.79386666657928,7.646900000054302,24.87120000023424,0.823200000468205,7.463099999768019,0.3560999994078884,true
2,LDPC-BP,58,0,7.059900000058406,7.490866666702327,7.023399999980029,0.0,0.0,0.0,0.036500000078376615,true
2,LM-Top1,58,1,25.592599999981758,58.812200000048165,7.1250000000873115,18.395799999780138,0.0,0.0,0.0718000001143082,true
2,BM-BP,58,1,37.55249999994703,70.05803333335574,7.6782000001003325,24.87250000012864,3.3915999983946676,1.3788000001113687,0.2314000012120232,true
2,SF-BP,58,1,40.66439999996874,65.30780000007042,7.585299999846029,24.576100000103906,0.8741000001464272,7.401800000025105,0.22709999984726892,true
2,LDPC-BP,59,0,7.30569999996078,7.207766666591435,7.26570000006177,0.0,0.0,0.0,0.03999999989900971,true
2,LM-Top1,59,1,26.237900000069203,58.424500000053094,7.829200000287528,18.32830000012109,0.0,0.0,0.08039999966058531,true
2,BM-BP,59,1,35.35719999990761,65.71573333343632,7.313699999940582,25.509499999770924,0.9577000009812764,1.361599999199825,0.21470000001500011,true
2,SF-BP,59,1,39.46510000014314,75.5332666667196,7.453600000189908,25.22709999993822,0.6483000011030526,5.938700000115205,0.19739999879675452,true
2,LDPC-BP,60,0,7.038900000225112,7.042400000036271,7.006999999703112,0.0,0.0,0.0,0.03190000052200048,true
2,LM-Top1,60,1,25.568999999904918,51.92186666668638,7.118999999875086,18.346800000017538,0.0,0.0,0.10320000001229346,true
2,BM-BP,60,1,34.3750000001819,61.89096666665961,6.886099999974249,25.453200000356446,0.48389999983555754,1.3637000001835986,0.18809999983204762,true
2,SF-BP,60,1,37.82860000001165,66.62940000009125,7.20580000006521,25.40110000018103,0.4674000006161805,4.558499999802734,0.19579999934649095,true
2,LDPC-BP,61,0,7.315100000141683,7.603499999895291,7.282499999746506,0.0,0.0,0.0,0.03260000039517763,true
2,LM-Top1,61,1,25.969700000132434,56.90423333335559,7.143400000131805,18.7500000001819,0.0,0.0,0.0762999998187297,true
2,BM-BP,61,2,69.4551000001411,134.7139333333421,7.291200000054232,49.957199999880686,8.96619999957693,2.8286000001571665,0.4119000004720874,true
2,SF-BP,61,1,56.63069999991421,93.67136666652225,6.874500000321859,25.04910000016025,2.3942000020724663,22.06839999917065,0.24449999818898505,true
2,LDPC-BP,62,0,7.351499999913358,8.60306666671562,7.304799999928946,0.0,0.0,0.0,0.04669999998441199,true
2,LM-Top1,62,1,26.308099999823753,60.72883333326473,7.024500000170519,19.20109999991837,0.0,0.0,0.0824999997348641,true
2,BM-BP,62,2,71.88540000015564,135.84209999994337,7.331899999826419,50.26319999979023,10.970400002406677,2.8910999985782837,0.42879999955403036,true
2,SF-BP,62,1,67.28049999992436,100.31750000009747,7.146099999772559,25.586700000076235,3.438100000948907,30.826699999124685,0.28290000000197324,true
2,LDPC-BP,63,0,6.894999999985885,7.295699999969448,6.852499999695283,0.0,0.0,0.0,0.04250000029060175,true
2,LM-Top1,63,1,25.634200000240526,55.645366666681184,7.011199999851669,18.5471999998299,0.0,0.0,0.07580000055895653,true
2,BM-BP,63,2,69.99580000001515,138.49076666666585,7.973599999786529,50.95519999986209,7.91059999846766,2.8071999990970653,0.3492000028018083,true
2,SF-BP,63,1,43.21070000014515,75.92853333327554,7.09999999980937,25.922199999968143,0.9687999991001561,8.933000000070024,0.28670000119745964,true
2,LDPC-BP,64,0,6.989399999838497,7.052300000118805,6.9576999999299005,0.0,0.0,0.0,0.03169999990859651,true
2,LM-Top1,64,1,25.402600000234088,59.02243333337509,6.908500000008644,18.411600000035833,0.0,0.0,0.08250000018961146,true
2,BM-BP,64,1,36.80389999999534,63.4061333334183,7.957999999689491,26.474700000107987,0.6137999989732634,1.5173000001595938,0.2401000010650023,true
2,SF-BP,64,1,39.68739999982063,72.92259999998645,7.285700000011275,25.61329999980444,0.6642999987889198,5.913999999847874,0.21010000136811868,true
2,LDPC-BP,65,0,8.40539999990142,7.642666666702287,8.371899999929155,0.0,0.0,0.0,0.03349999997226405,true
2,LM-Top1,65,1,26.060099999995145,55.68369999998405,7.081799999923533,18.903299999692535,0.0,0.0,0.07500000037907739,true
2,BM-BP,65,1,35.09740000026795,62.43526666663731,7.167399999616464,25.644700000157172,0.7553000000370957,1.3430999997581239,0.1869000006990973,true
2,SF-BP,65,1,41.00749999997788,71.69420000001736,7.222100000035425,25.01750000010361,0.8247999999184685,7.683100000122067,0.25999999979831045,true
2,LDPC-BP,66,0,7.8131000000212225,7.300266666611321,7.742899999811925,0.0,0.0,0.0,0.07020000020929729,true
2,LM-Top1,66,1,26.11909999995987,57.86810000005952,7.10590000016964,18.92939999970622,0.0,0.0,0.08380000008401112,true
2,BM-BP,66,1,36.45150000011199,66.33556666673712,7.451599999967584,25.83139999978812,1.6085000002021843,1.3489000002664397,0.21109999988766504,true
2,SF-BP,66,1,42.32860000001892,76.32786666674936,7.131599999866012,25.005899999996473,1.0038999994321784,8.953199999723438,0.23400000100082252,true
2,LDPC-BP,67,0,7.3128999997607025,7.403466666637826,7.27839999990465,0.0,0.0,0.0,0.034499999856052455,true
2,LM-Top1,67,1,26.602000000366388,57.74549999992473,7.200399999874207,19.334700000399607,0.0,0.0,0.06690000009257346,true
2,BM-BP,67,1,35.4405000002771,67.1971333332877,7.3284999998577405,24.69100000007529,1.7902000004141883,1.4201999997567327,0.2106000001731445,true
2,SF-BP,67,1,43.54590000002645,69.96459999999398,6.973200000174984,25.107099999786442,1.1198999991393066,10.126000000127533,0.2197000007981842,true
2,LDPC-BP,68,0,7.329900000058842,7.165599999929384,7.294399999864254,0.0,0.0,0.0,0.03550000019458821,true
2,LM-Top1,68,1,26.643400000011752,45.207266666707824,7.316100000025472,19.256099999893195,0.0,0.0,0.07120000009308569,true
2,BM-BP,68,1,34.200699999928474,58.52556666669292,6.999899999755144,24.794199999632838,0.8777999996709696,1.350199999706092,0.17860000116343144,true
2,SF-BP,68,1,42.89490000019214,73.69916666672083,6.918900000073336,25.846099999853323,1.0300999992978177,8.902099998977064,0.19770000199059723,true
2,LDPC-BP,69,0,7.36300000016854,7.1488000000314855,7.33349999973143,0.0,0.0,0.0,0.02950000043711043,true
2,LM-Top1,69,1,26.340399999753572,55.23680000005745,7.333000000016909,18.93579999978101,0.0,0.0,0.07159999995565158,true
2,BM-BP,69,1,34.859099999721366,60.16156666665751,6.988499999806663,24.790399999801593,1.5307000007851457,1.3486000011653232,0.20089999816264026,true
2,SF-BP,69,1,48.06730000018433,72.83430000002984,7.6186999999663385,25.580400000308146,1.4827999993940466,13.153399998827808,0.23200000168799306,true
2,LDPC-BP,70,0,7.1859999998196145,7.247566666568635,7.149199999730627,0.0,0.0,0.0,0.03680000008898787,true
2,LM-Top1,70,1,25.942700000086916,58.29453333333845,7.0706999999856635,18.79579999967973,0.0,0.0,0.07620000042152242,true
2,BM-BP,70,1,34.39329999991969,71.04803333331233,7.373800000095798,24.814599999899656,0.6709999993290694,1.3404999999693246,0.19340000062584295,true
2,SF-BP,70,1,38.50499999998647,71.89369999991395,7.166400000187423,24.48759999970207,0.6304999997155392,6.0378000002856425,0.18270000009579235,true
2,LDPC-BP,71,0,7.08119999990231,6.915566666594468,7.049800000004325,0.0,0.0,0.0,0.031399999897985253,true
2,LM-Top1,71,1,25.79860000014378,59.07033333339484,7.294300000012299,18.42209999995248,0.0,0.0,0.0822000001790002,true
2,BM-BP,71,1,34.56010000036258,68.34403333323753,6.898999999975786,24.940000000242435,1.174499999251566,1.3567000009970798,0.18989999989571515,true
2,SF-BP,71,1,42.07840000026408,79.3876333332501,7.216199999675155,24.78209999981118,0.9400999997524195,8.922999999867898,0.21700000115743023,true
2,LDPC-BP,72,0,7.081599999764876,7.188666666600341,7.044200000109413,0.0,0.0,0.0,0.037399999655463034,true
2,LM-Top1,72,1,25.48109999997905,67.24209999992799,7.050100000014936,18.36460000004081,0.0,0.0,0.06639999992330559,true
2,BM-BP,72,2,72.17820000005304,129.30066666665616,7.293099999969854,50.47950000016499,11.2795000004553,2.7623000014500576,0.363799998012837,true
2,SF-BP,72,2,156.09600000016144,226.45653333330765,7.343299999774899,50.309700000070734,9.620799999083829,88.37460000086139,0.4476000003705849,true
2,LDPC-BP,73,0,6.706399999984569,6.779166666587362,6.681100000150764,0.0,0.0,0.0,0.025299999833805487,true
2,LM-Top1,73,1,26.2259000000995,51.523533333228976,7.317999999941094,18.822699999873294,0.0,0.0,0.08520000028511276,true
2,BM-BP,73,1,34.67130000035468,64.3032333332864,6.840900000042893,25.56219999996756,0.6527999998979794,1.402599999892118,0.2128000005541253,true
2,SF-BP,73,1,39.541900000131136,71.97656666662529,7.04310000037367,25.372600000082457,0.6992999992689874,6.202000000030239,0.22490000037578284,true
2,LDPC-BP,74,0,7.25430000011329,7.082599999951829,7.215699999960634,0.0,0.0,0.0,0.03860000015265541,true
2,LM-Top1,74,1,25.932099999863567,67.72200000007918,6.877599999825179,18.989899999724003,0.0,0.0,0.0646000003143854,true
2,BM-BP,74,1,34.847200000058365,73.03370000009579,7.054600000174105,24.92500000016662,0.7602000000588305,1.820899999984249,0.28649999967456097,true
2,SF-BP,74,1,42.36300000002302,80.27783333335255,7.118999999875086,26.40579999979309,0.8659999998599233,7.5123999995412305,0.4598000009536918,true
2,LDPC-BP,75,0,7.138399999803369,7.098800000126933,7.08600000007209,0.0,0.0,0.0,0.05239999973127851,true
2,LM-Top1,75,1,26.5650999999707,66.55726666655681,7.607199999711156,18.85260000017297,0.0,0.0,0.10530000008657225,true
2,BM-BP,75,1,33.7349000001268,76.66630000005625,6.885799999963638,24.547400000301423,0.7565999999314954,1.378700000259414,0.16639999967082986,true
2,SF-BP,75,1,39.09939999994094,80.4101333333828,7.494700000279408,24.751500000093074,0.6353999988277792,6.033600000591832,0.18420000014884863,true
2,LDPC-BP,76,0,6.964499999867257,7.370666666564792,6.932700000106706,0.0,0.0,0.0,0.031799999760551145,true
2,LM-Top1,76,1,26.376000000254862,70.49033333328936,7.412500000100408,18.88680000001841,0.0,0.0,0.07670000013604295,true
2,BM-BP,76,1,34.87330000007205,74.23023333334555,7.181400000263238,25.116799999977957,1.0256000000481436,1.3447999995150894,0.20470000026762136,true
2,SF-BP,76,1,42.434099999809405,79.50883333333063,7.173700000294048,25.134600000001228,0.9804000001167879,8.908300001166936,0.23709999823040562,true
2,LDPC-BP,77,0,7.4803000002248154,7.2764333334494795,7.417900000291411,0.0,0.0,0.0,0.062399999933404615,true
2,LM-Top1,77,1,25.784899999962363,67.04736666680115,7.063999999900261,18.605900000238762,0.0,0.0,0.11499999982333975,true
2,BM-BP,77,2,68.26829999999973,150.1796666666427,7.284699999672739,50.36980000022595,7.4627999979384185,2.7770000001510198,0.37400000201159855,true
2,SF-BP,77,1,51.6843999998855,90.9256999999594,7.0771000000604545,26.096500000221567,1.9030000016755366,16.310900000007678,0.29689999792026356,true
2,LDPC-BP,78,0,7.640600000286213,7.558399999946157,7.582600000205275,0.0,0.0,0.0,0.05800000008093775,true
2,LM-Top1,78,1,26.498199999878125,68.31793333328069,7.312100000035571,19.089700000222365,0.0,0.0,0.09639999962018919,true
2,BM-BP,78,1,34.99520000013945,76.31316666673864,7.538199999999051,25.4122000001189,0.4610000000866421,1.373399999920366,0.2104000000144879,true
2,SF-BP,78,1,36.93780000003244,80.60796666660508,7.045400000151858,24.580600000263075,0.5323999998836371,4.594300000462681,0.1850999992711877,true
2,LDPC-BP,79,0,7.533899999998539,6.988500000024563,7.4994000001424865,0.0,0.0,0.0,0.034499999856052455,true
2,LM-Top1,79,1,25.78270000003613,66.78233333327437,7.27660000029573,18.432899999879737,0.0,0.0,0.0731999998606625,true
2,BM-BP,79,1,34.330100000261154,79.55076666655714,6.8811000001005596,24.81259999967733,1.063000000158354,1.371700000618148,0.20169999970676145,true
2,SF-BP,79,1,43.22569999976622,87.30146666656917,7.269399999586312,25.354999999763095,0.9970999990400742,9.374100000513863,0.2301000008628762,true
2,LDPC-BP,80,0,6.859699999949953,7.633033333320327,6.828500000210624,0.0,0.0,0.0,0.031199999739328632,true
2,LM-Top1,80,1,25.81739999959609,69.15469999993225,7.239900000058697,18.51280000028055,0.0,0.0,0.06469999925684533,true
2,BM-BP,80,1,35.393500000282074,77.93240000001826,7.14830000015354,24.979699999676086,1.6021000001273933,1.4720999997734907,0.19130000055156415,true
2,SF-BP,80,1,45.619299999998475,82.20470000002204,7.402300000194373,26.931300000342162,1.0639999986779003,9.977600000183884,0.2441000006001559,true
2,LDPC-BP,81,0,6.825100000241946,6.995866666616261,6.792900000164082,0.0,0.0,0.0,0.03220000007786439,true
2,LM-Top1,81,1,26.444900000115013,65.61206666660269,7.335400000101799,19.002899999577494,0.0,0.0,0.10660000043571927,true
2,BM-BP,81,1,35.368299999845476,71.14019999992867,7.392600000002858,25.73809999967125,0.6050000001778244,1.4242999995985883,0.20830000039495644,true
2,SF-BP,81,1,39.83859999971173,77.38536666659239,7.374400000117021,25.32980000023599,0.7192000007307797,6.194299999606301,0.22089999902163981,true
2,LDPC-BP,82,0,7.231899999624147,7.241633333293862,7.19790000039211,0.0,0.0,0.0,0.033999999232037226,true
2,LM-Top1,82,1,26.310900000225956,62.771233333296074,7.123500000034255,19.117800000003626,0.0,0.0,0.06960000018807477,true
2,BM-BP,82,1,35.828399999900284,69.60490000004427,7.591800000227522,25.610300000153075,1.059200000781857,1.3595999998869956,0.20749999885083525,true
2,SF-BP,82,1,45.42549999996481,80.7471999999431,8.847400000377093,26.33479999985866,1.0350000002290471,8.977699999377364,0.23060000012264936,true
2,LDPC-BP,83,0,7.607300000017858,8.078166666727782,7.572499999696447,0.0,0.0,0.0,0.03480000032141106,true
2,LM-Top1,83,1,26.198999999905936,69.60200000010512,7.079800000155956,19.044499999836262,0.0,0.0,0.07469999991371878,true
2,BM-BP,83,1,36.66160000011587,77.71516666656215,7.291999999779364,25.63670000017737,2.108300000145391,1.425199999630422,0.19940000038332073,true
2,SF-BP,83,1,44.05980000001364,85.46136666665898,7.229800000004616,25.913800000125775,1.134899999215122,9.56469999937326,0.21660000129486434,true
2,LDPC-BP,84,0,7.431099999848811,7.0538333334132135,7.395300000098359,0.0,0.0,0.0,0.035799999750452116,true
2,LM-Top1,84,1,26.744000000235246,65.73546666659524,7.051600000067992,19.619800000327814,0.0,0.0,0.07259999983943999,true
2,BM-BP,84,1,33.90400000034788,75.85886666669712,7.14960000004794,24.447300000247196,0.7284000007530267,1.3771000003544032,0.2015999989453121,true
2,SF-BP,84,1,40.45240000004924,84.27210000002343,6.878400000005058,24.856199999703676,0.8736999989196192,7.627599999977974,0.2165000014429097,true
2,LDPC-BP,85,0,7.139600000300561,7.027899999982878,7.1017999998730375,0.0,0.0,0.0,0.03780000042752363,true
2,LM-Top1,85,1,26.56410000008691,65.97133333336085,7.329500000196276,19.13509999985763,0.0,0.0,0.09950000003300374,true
2,BM-BP,85,1,34.68910000037795,79.1461333332298,7.150399999773072,24.4964000003165,1.4107000001786218,1.4376999993146455,0.19390000079511083,true
2,SF-BP,85,1,51.79729999963456,87.50780000000209,7.15570000011212,25.004700000408775,2.0476000004236994,17.300499999691965,0.2887999989980017,true
2,LDPC-BP,86,0,7.2298999998565705,8.598566666715138,7.184699999925215,0.0,0.0,0.0,0.045199999931355705,true
2,LM-Top1,86,1,26.185300000179268,66.9569999998932,7.368400000359543,18.738700000085373,0.0,0.0,0.07819999973435188,true
2,BM-BP,86,1,35.79779999972743,81.08099999992173,8.557199999813747,24.69020000035016,0.7304999999178108,1.6286000000036438,0.19129999964206945,true
2,SF-BP,86,1,37.444199999754346,75.36376666672122,7.437700000082259,24.65810000012425,0.5663000001732144,4.583800000091287,0.19829999928333564,true
2,LDPC-BP,87,0,7.4022999997396255,6.998233333324795,7.36849999975675,0.0,0.0,0.0,0.033799999982875306,true
2,LM-Top1,87,1,26.222299999972165,49.487066666718725,7.236200000079407,18.913599999905273,0.0,0.0,0.07249999998748535,true
2,BM-BP,87,1,34.11939999978131,71.54723333328168,6.88819999959378,24.91680000002816,0.7664000004297122,1.375499999994645,0.17249999973500962,true
2,SF-BP,87,1,40.46919999973397,71.54760000007106,7.134800000130781,24.95969999972658,0.8147000007738825,7.377100000212522,0.18289999889020692,true
2,LDPC-BP,88,0,7.447099999808415,7.338933333334315,7.416200000079698,0.0,0.0,0.0,0.030899999728717376,true
2,LM-Top1,88,1,25.677300000097603,54.024566666752115,7.25109999984852,18.35209999990184,0.0,0.0,0.07410000034724362,true
2,BM-BP,88,1,36.093000000164466,77.15696666669676,6.997499999670254,26.236900000185415,1.3068000002931512,1.3556999997490493,0.1961000002665969,true
2,SF-BP,88,1,39.003800000045885,76.14956666662447,7.139499999993859,25.194499999997788,0.6222000001798733,5.867400000170164,0.1801999997042003,true
2,LDPC-BP,89,0,8.007800000086718,7.070699999924083,7.974900000135676,0.0,0.0,0.0,0.032899999951041536,true
2,LM-Top1,89,1,26.035999999749038,61.8240666666523,7.307299999865791,18.665000000055443,0.0,0.0,0.06369999982780428,true
2,BM-BP,89,1,35.788899999715795,72.90929999992812,7.287500000074942,25.99899999995614,0.8756000001994835,1.431700000011915,0.1950999994733138,true
2,SF-BP,89,1,40.62220000014349,81.1205333333073,6.874900000184425,25.30529999967257,0.7846999988032621,7.463599999937287,0.1937000015459489,true
2,LDPC-BP,90,0,7.3272999998152955,7.420033333389142,7.292100000086066,0.0,0.0,0.0,0.0351999997292296,true
2,LM-Top1,90,1,26.814400000148453,65.52736666667631,7.101200000306562,19.63309999973717,0.0,0.0,0.0801000001047214,true
2,BM-BP,90,1,34.699600000294595,71.19466666677236,6.766900000002352,25.618300000132876,0.7653000002392218,1.3690999994651065,0.1800000004550384,true
2,SF-BP,90,1,41.90669999979946,79.75930000013183,7.200399999874207,24.837100000240753,0.9921000000758795,8.667999999943277,0.20909999966534087,true
2,LDPC-BP,91,0,7.692199999837612,7.43426666671354,7.658600000013394,0.0,0.0,0.0,0.033599999824218685,true
2,LM-Top1,91,1,26.692299999922398,63.342900000004455,7.129600000098435,19.48839999977281,0.0,0.0,0.07430000005115289,true
2,BM-BP,91,1,34.41370000018651,73.93463333319043,7.21720000001369,25.153900000077556,0.44790000038119615,1.3837999995303107,0.21090000018375576,true
2,SF-BP,91,1,36.81749999987005,75.34976666673525,6.964300000163348,24.64010000039707,0.46550000024581095,4.551600000013423,0.19599999905040022,true
2,LDPC-BP,92,0,7.251500000165834,7.968133333413618,7.215799999812589,0.0,0.0,0.0,0.03570000035324483,true
2,LM-Top1,92,1,25.62270000044009,58.917966666636325,7.2130999997170875,18.341899999995803,0.0,0.0,0.06770000072719995,true
2,BM-BP,92,1,34.193599999980506,71.85256666678204,7.201299999906041,24.56050000000687,0.8814999996502593,1.3546000000133063,0.19570000040403102,true
2,SF-BP,92,1,40.80919999978505,75.93893333328576,7.481999999981781,24.902900000142836,0.7759999994050304,7.4488999994173355,0.19940000083806808,true
2,LDPC-BP,93,0,7.7120999999351625,6.950433333382004,7.677399999920453,0.0,0.0,0.0,0.034700000014709076,true
2,LM-Top1,93,1,25.346800000079384,54.0218666666874,6.8969999997534615,18.381700000190904,0.0,0.0,0.06810000013501849,true
2,BM-BP,93,1,34.612899999956426,62.30463333325768,7.944799999677343,24.40070000011474,0.7366999993791978,1.346600000942999,0.18409999984214664,true
2,SF-BP,93,1,39.99089999979333,64.52806666657551,7.193199999619537,25.650799999766605,0.7690999996157188,6.069900000511552,0.3079000002799148,true
2,LDPC-BP,94,0,7.924300000013318,6.930999999966048,7.8920999999354535,0.0,0.0,0.0,0.03220000007786439,true
2,LM-Top1,94,1,25.36370000007082,63.744933333367726,6.905700000061188,18.363899999712885,0.0,0.0,0.09410000029674848,true
2,BM-BP,94,2,69.35310000017125,150.2100999999835,7.238499999857595,50.572399999964546,8.309100002406922,2.79690000024857,0.4361999976936204,true
2,SF-BP,94,1,71.5251999999964,110.14496666669753,7.4190999998791085,24.76569999998901,3.8499000024785346,35.23979999954463,0.25069999810511945,true
2,LDPC-BP,95,0,7.219699999950535,7.574833333267843,7.171300000209158,0.0,0.0,0.0,0.04839999974137754,true
2,LM-Top1,95,1,25.54119999967952,67.26640000001065,6.859799999801908,18.606999999974505,0.0,0.0,0.07439999990310753,true
2,BM-BP,95,1,34.44630000012694,73.91026666660376,7.0937999998932355,24.762099999861675,1.0090999999192718,1.3913999996475468,0.18990000080520986,true
2,SF-BP,95,1,43.278099999952246,81.49493333326774,7.210699999632197,25.00159999999596,1.1040999997931067,9.765299999799026,0.19640000073195552,true
2,LDPC-BP,96,0,7.291899999927409,7.3559666667719625,7.262600000103703,0.0,0.0,0.0,0.029299999823706457,true
2,LM-Top1,96,1,25.971600000048056,63.5577666666857,7.374400000117021,18.526500000007218,0.0,0.0,0.07069999992381781,true
2,BM-BP,96,2,69.66409999995449,138.32669999997904,7.064500000069529,50.27350000000297,9.149400002570474,2.7886999973816273,0.3879999999298889,true
2,SF-BP,96,1,50.16609999984212,86.3982666665682,8.419700000104058,24.861399999736022,1.8178000004809292,14.74110000026485,0.32609999925625743,true
2,LDPC-BP,97,0,7.454299999608338,7.104566666581509,7.4164000002383546,0.0,0.0,0.0,0.03789999936998356,true
2,LM-Top1,97,1,25.597299999844836,67.38583333343229,7.082399999944755,18.449600000167266,0.0,0.0,0.0652999997328152,true
2,BM-BP,97,1,36.11060000002908,75.05526666662377,7.648200000403449,25.283399999807443,1.5283999996427156,1.426899999842135,0.2237000003333378,true
2,SF-BP,97,1,41.05710000021645,83.15826666674297,7.339299999784998,25.274999999965075,0.7856000006540853,7.428800000070623,0.22839999974166858,true
2,LDPC-BP,98,0,7.253300000229501,7.237699999992723,7.214499999918189,0.0,0.0,0.0,0.03880000031131203,true
2,LM-Top1,98,1,25.776800000130606,62.49026666659555,6.998899999871355,18.692799999826093,0.0,0.0,0.08510000043315813,true
2,BM-BP,98,1,34.8548000001756,74.1884333333284,7.468600000265724,25.01029999984894,0.7896999995864462,1.37849999964601,0.20770000082848128,true
2,SF-BP,98,1,39.10810000024867,81.11506666671649,6.8349000002854154,25.576300000011543,0.6135999992693542,5.85399999999936,0.22930000068299705,true
2,LDPC-BP,99,0,7.398899999770947,7.137033333319683,7.357800000136194,0.0,0.0,0.0,0.04109999963475275,true
2,LM-Top1,99,1,25.82899999970323,59.268600000092896,6.791799999973591,18.965299999763374,0.0,0.0,0.07189999996626284,true
2,BM-BP,99,1,34.79070000003048,77.41076666673052,7.256500000039523,24.764199999935954,1.1875999989570118,1.3754000001426903,0.20700000095530413,true
2,SF-BP,99,1,42.797300000074756,85.39256666675736,6.9536999999399995,25.653600000168808,0.9615000017220154,9.023200000228826,0.20529999801510712,true
3,LDPC-BP,0,0,7.24510000054579,7.844400000067253,7.188699999460368,0.0,0.0,0.0,0.056400001085421536,true
3,LM-Top1,0,1,55.51610000020446,56.34396666679701,6.933499999831838,48.47520000021177,0.0,0.0,0.10740000016085105,true
3,BM-BP,0,1,56.11140000019077,59.44113333346953,7.072500000504078,46.91030000049068,0.5195000003368477,1.3865000000805594,0.22259999877860537,true
3,SF-BP,0,1,64.06700000025012,70.46926666619886,7.575899999210378,51.255200000014156,0.48180000158026814,4.553099999611732,0.2009999998335843,true
3,LDPC-BP,1,0,8.059699999648728,7.434733333108549,8.010300000023562,0.0,0.0,0.0,0.04939999962516595,true
3,LM-Top1,1,1,61.77709999974468,56.1942666666558,7.250399999975343,54.438500000287604,0.0,0.0,0.08819999948173063,true
3,BM-BP,1,1,72.97639999978855,66.24153333329257,7.23050000033254,63.76280000040424,0.378400000045076,1.364399999147281,0.24029999985941686,true
3,SF-BP,1,1,73.2451999992918,64.88293333344093,7.2868999995989725,61.43069999961881,0.38390000099752797,3.921499999705702,0.22219999937078683,true
3,LDPC-BP,2,0,7.3142000001098495,7.25473333325984,7.2829999999157735,0.0,0.0,0.0,0.031200000194075983,true
3,LM-Top1,2,1,55.75460000000021,65.4792333336142,7.694400000218593,47.975700000279176,0.0,0.0,0.08449999950244091,true
3,BM-BP,2,1,68.08160000036878,66.84976666671598,7.94670000050246,58.01939999946626,0.4935000006298651,1.3872999998056912,0.23469999996450497,true
3,SF-BP,2,1,74.09740000002785,63.912633333226644,7.0200000000113505,61.79419999989477,0.48099999821715755,4.574499997943349,0.2277000039612176,true
3,LDPC-BP,3,0,7.370000000264554,7.402399999894745,7.312899999305955,0.0,0.0,0.0,0.057100000958598685,true
3,LM-Top1,3,1,51.028100000621635,58.266733333160424,7.16400000055728,43.71600000013132,0.0,0.0,0.1480999999330379,true
3,BM-BP,3,1,69.51350000053935,68.25300000006489,8.79960000020219,58.3572000005006,0.5894000005355338,1.5536000000793138,0.213699999221717,true
3,SF-BP,3,1,73.02579999941372,72.79903333331579,7.864000000154192,59.238799999548064,0.5424999981187284,5.132499999490392,0.2480000021023443,true
3,LDPC-BP,4,0,7.907199999863224,7.566533333222954,7.846599999538739,0.0,0.0,0.0,0.060600000324484427,true
3,LM-Top1,4,1,69.10059999972873,55.772366666739494,7.15570000011212,61.830900000131805,0.0,0.0,0.113999999484804,true
3,BM-BP,4,1,76.02810000025784,65.74399999984355,7.0991000002322835,66.56659999953263,0.768299998526345,1.3812000006510061,0.21290000131557463,true
3,SF-BP,4,1,84.46350000031089,75.03053333296823,8.021200000257522,68.0344000002151,0.8148999995682971,7.343599999330763,0.2494000009392039,true
3,LDPC-BP,5,0,7.746199999928649,7.5562000000293965,7.676600000195322,0.0,0.0,0.0,0.06959999973332742,true
3,LM-Top1,5,1,77.67010000043229,60.02346666643158,7.932999999866297,69.59249999999884,0.0,0.0,0.14460000056715216,true
3,BM-BP,5,1,82.95610000004672,73.3768666668766,7.35530000019935,73.23600000017905,0.624900000730122,1.452399999834597,0.287499999103602,true
3,SF-BP,5,1,86.30090000042401,77.30756666675613,6.889199999932316,74.12079999994603,0.49029999991034856,4.550700000436336,0.24990000019897707,true
3,LDPC-BP,6,0,7.546499999989464,7.182066666549265,7.476900000256137,0.0,0.0,0.0,0.06959999973332742,true
3,LM-Top1,6,1,69.91800000014337,56.58723333347856,6.883600000037404,62.934100000347826,0.0,0.0,0.10029999975813553,true
3,BM-BP,6,1,75.15210000019579,62.32623333319983,6.962700000258337,64.97359999957553,1.4104000010775053,1.5584000002490939,0.24699999903532444,true
3,SF-BP,6,1,86.04979999927309,77.17706666668771,7.30680000015127,65.55910000042786,1.3397000002441928,11.559900000975176,0.2842999974745908,true
3,LDPC-BP,7,0,7.559800000308314,7.147666666393586,7.508699999561941,0.0,0.0,0.0,0.05110000074637355,true
3,LM-Top1,7,1,60.002000000167754,58.9412000002388,7.153200000175275,52.7527000003829,0.0,0.0,0.09609999960957794,true
3,BM-BP,7,1,84.0939999998227,71.05873333330237,7.349000000431261,71.90200000059122,2.7568999967115815,1.844600000367791,0.2415000017208513,true
3,SF-BP,7,1,79.87489999959507,78.97463333362491,7.293300000128511,62.64439999995375,0.9432000033484655,8.786799999143113,0.2071999970212346,true
3,LDPC-BP,8,0,7.554699999673176,8.365033333272246,7.5031999995189835,0.0,0.0,0.0,0.051500000154192094,true
3,LM-Top1,8,1,70.14260000050854,56.83346666652748,6.899300000441144,63.15770000037446,0.0,0.0,0.0855999996929313,true
3,BM-BP,8,1,76.9549000006009,62.731033333117615,7.3805000001812004,67.51809999968827,0.46040000052016694,1.3570000000981963,0.23890000011306256,true
3,SF-BP,8,1,85.7691999999588,72.06003333324891,7.2687000001678825,73.08919999923091,0.5216999988988391,4.635799999050505,0.25380000261066016,true
3,LDPC-BP,9,0,7.792599999447702,7.521300000007614,7.740600000033737,0.0,0.0,0.0,0.05199999941396527,true
3,LM-Top1,9,1,57.23480000051495,57.19699999993585,6.94999999996071,50.161799999841605,0.0,0.0,0.12300000071263639,true
3,BM-BP,9,1,78.97170000069309,64.12246666680706,7.413500000438944,69.31379999969067,0.6295000002864981,1.3847000009263866,0.23019999935058877,true
3,SF-BP,9,1,82.231899999897,70.79253333328477,6.98980000015581,67.96639999993204,0.6386000004567904,6.316399999377609,0.3206999999747495,true
3,LDPC-BP,10,0,8.693400000083784,7.403499999933653,8.63870000011957,0.0,0.0,0.0,0.05469999996421393,true
3,LM-Top1,10,1,68.41970000004949,60.06799999992533,7.372799999757262,60.943399999814574,0.0,0.0,0.10350000047765207,true
3,BM-BP,10,1,81.85630000025412,68.58663333362831,7.111399999303103,70.00559999960387,3.1231000002662768,1.367200000458979,0.24900000062189065,true
3,SF-BP,10,1,94.4312000001446,78.09396666652901,6.993799999690964,70.60300000011921,1.7157999973278493,14.81820000026346,0.3004000027431175,true
3,LDPC-BP,11,0,7.18700000015815,7.484900000084356,7.123100000171689,0.0,0.0,0.0,0.0638999999864609,true
3,LM-Top1,11,1,73.37980000011157,56.606299999657494,7.937800000036077,65.33000000035827,0.0,0.0,0.11199999971722718,true
3,BM-BP,11,1,74.71259999965696,60.87150000015148,6.832400000348571,65.72359999972832,0.6044999990990618,1.3676000007762923,0.18449999970471254,true
3,SF-BP,11,1,86.35189999949944,65.95346666684539,7.3686999994606595,71.90470000023197,0.7453999996869243,6.008399998790992,0.32470000132889254,true
3,LDPC-BP,12,0,7.079599999997299,7.1576000001793245,7.038800000373158,0.0,0.0,0.0,0.04079999962414149,true
3,LM-Top1,12,1,61.09950000063691,54.41969999977422,7.128199999897333,53.841599999941536,0.0,0.0,0.12970000079803867,true
3,BM-BP,12,1,80.87570000043343,56.175566666600695,7.366599999841128,70.47060000058991,1.4724000002388493,1.36099999963335,0.20510000013018725,true
3,SF-BP,12,1,86.3139000002775,63.44186666683527,7.077400000525813,67.6525999997466,1.1219000016353675,10.215599999355618,0.24639999901410192,true
3,LDPC-BP,13,0,7.201899999927264,7.709099999980633,7.152799999857962,0.0,0.0,0.0,0.04910000006930204,true
3,LM-Top1,13,1,72.63830000010785,56.40220000001742,6.91240000014659,65.61669999973674,0.0,0.0,0.10920000022451859,true
3,BM-BP,13,1,74.38049999927898,63.74756666658262,6.966599999941536,64.89419999979873,0.9081999987756717,1.378300001306343,0.23319999945670133,true
3,SF-BP,13,1,80.32030000049417,78.47880000008445,8.761300000514893,60.405899999750545,1.1217000019314582,9.733200000482611,0.2981999978146632,true
3,LDPC-BP,14,0,8.51290000082372,8.027233333298986,8.459900000161724,0.0,0.0,0.0,0.05300000066199573,true
3,LM-Top1,14,1,64.5022999997309,55.01473333333706,7.365700000264042,57.042899999942165,0.0,0.0,0.09369999952468788,true
3,BM-BP,14,1,79.6291000006022,56.11110000018016,8.483200000227953,68.69209999968007,0.7479999985662289,1.4742000021215063,0.23160000000643777,true
3,SF-BP,14,1,79.03150000038295,64.00686666681092,7.377099999757775,65.74120000004768,0.5630999994536978,5.109699999593431,0.2404000015303609,true
3,LDPC-BP,15,0,7.097300000168616,7.745766666782099,7.050799999888113,0.0,0.0,0.0,0.04650000028050272,true
3,LM-Top1,15,1,68.94259999990027,62.193200000062156,6.632100000388164,62.23119999958726,0.0,0.0,0.07929999992484227,true
3,BM-BP,15,1,76.78269999996701,62.473066666674036,6.910399999469519,66.99310000021796,0.6448999984058901,2.0015000009152573,0.2328000009583775,true
3,SF-BP,15,1,76.21819999985746,68.60186666638886,7.005200000094192,63.77930000053311,0.6323999996311613,4.563899999084242,0.23740000051475363,true
3,LDPC-BP,16,0,7.43250000050466,7.714799999879081,7.382400000096823,0.0,0.0,0.0,0.0501000004078378,true
3,LM-Top1,16,1,69.88300000011805,48.52939999985514,7.342599999901722,62.4511000005441,0.0,0.0,0.08929999967222102,true
3,BM-BP,16,1,81.01039999928616,64.29630000002362,7.155799999964074,71.4391000001342,0.8829000007608556,1.3376999995671213,0.19489999885990983,true
3,SF-BP,16,1,86.32549999947514,68.78609999997327,7.247000000461412,67.9774999998699,1.1726000002454384,9.677099998953054,0.25129999994533136,true
3,LDPC-BP,17,0,7.0845999998709885,7.232033333366417,7.0357000004150905,0.0,0.0,0.0,0.04889999945589807,true
3,LM-Top1,17,1,68.80529999943974,56.47973333346575,6.77680000080727,61.931299999741896,0.0,0.0,0.09719999889057362,true
3,BM-BP,17,1,76.75089999975171,68.0038666667618,7.229599999845959,67.1437999999398,0.7844000010663876,1.3574999993579695,0.2355999995415914,true
3,SF-BP,17,1,83.636899999874,68.48800000004,7.243399999424582,69.28840000000491,0.6976999984544818,6.132799999249983,0.27460000274004415,true
3,LDPC-BP,18,0,7.154300000365765,7.572633333438716,7.099399999788147,0.0,0.0,0.0,0.0549000005776179,true
3,LM-Top1,18,1,65.14980000065407,52.4583999999777,8.050499999626481,57.00019999949291,0.0,0.0,0.0991000015346799,true
3,BM-BP,18,1,82.41389999966486,55.954466666814064,8.423600000242004,71.89950000065437,0.5006999981560512,1.3717000001634005,0.21840000044903718,true
3,SF-BP,18,1,84.53989999998157,65.30263333327942,7.524499999817635,71.78779999958351,0.47530000119877513,4.501200000049721,0.2510999993319274,true
3,LDPC-BP,19,0,6.87000000016269,7.720600000235815,6.817299999966053,0.0,0.0,0.0,0.05270000019663712,true
3,LM-Top1,19,1,65.35219999932451,60.94759999996313,7.0833999998285435,58.177599999908125,0.0,0.0,0.0911999995878432,true
3,BM-BP,19,1,77.22469999953319,69.10593333320018,7.626600000548933,67.19979999979842,0.7486999975299113,1.350800000182062,0.29880000147386454,true
3,SF-BP,19,1,80.33049999994546,81.56786666647047,7.056700000248384,66.11590000011347,0.7099000004018308,6.240200001229823,0.2077999979519518,true
3,LDPC-BP,20,0,7.352300000093237,7.237999999991492,7.26810000014666,0.0,0.0,0.0,0.08419999994657701,true
3,LM-Top1,20,1,72.48759999947652,68.73189999987517,7.657400000425696,64.67299999985698,0.0,0.0,0.15719999919383554,true
3,BM-BP,20,1,78.6127999999735,79.35443333341634,7.249500000398257,68.89720000071975,0.8925000011004158,1.3560000006691553,0.2175999970859266,true
3,SF-BP,20,1,84.1350999999122,80.00276666659072,7.874500000070839,70.88300000032177,0.5731999999625259,4.567199999655713,0.23719999990134966,true
3,LDPC-BP,21,0,8.096300000033807,7.3883000001539285,8.042899999963993,0.0,0.0,0.0,0.05340000006981427,true
3,LM-Top1,21,1,67.07300000016403,69.34756666669273,7.348699999965902,59.624299999995856,0.0,0.0,0.10000000020227162,true
3,BM-BP,21,1,81.85249999951338,76.30999999992127,6.880400000227382,72.7919999999358,0.4644999999072752,1.4488000015262514,0.26679999791667797,true
3,SF-BP,21,1,83.1568999992669,79.14096666657618,7.059699999445002,72.31230000070354,0.3362000006745802,3.1599999992977246,0.28869999914604705,true
3,LDPC-BP,22,0,7.301600000573671,7.560566666597879,7.231399999909627,0.0,0.0,0.0,0.07020000066404464,true
3,LM-Top1,22,1,70.30219999978726,62.950200000007804,7.281999999577238,62.912600000345265,0.0,0.0,0.10759999986476032,true
3,BM-BP,22,1,79.33439999942493,69.95420000005954,7.356599999184255,68.94269999975222,1.3476999993145,1.4312999974208651,0.2561000037530903,true
3,SF-BP,22,1,92.66949999982899,85.27793333329707,7.884999999987485,73.46729999972013,1.0034000006271526,9.89559999834455,0.41820000114967115,true
3,LDPC-BP,23,0,7.414699999571894,7.138999999976174,7.368900000074063,0.0,0.0,0.0,0.04579999949783087,true
3,LM-Top1,23,1,70.06439999986469,65.98143333349071,7.381600000371691,62.57729999924777,0.0,0.0,0.10550000024522888,true
3,BM-BP,23,1,76.08390000041254,68.63059999993008,8.181199999853561,64.97350000063307,0.7054999987303745,1.8552000001363922,0.3685000010591466,true
3,SF-BP,23,1,83.8594999995621,78.0566666667255,7.865799999308365,69.15789999948174,0.6534000003739493,5.913900000450667,0.2684999999473803,true
3,LDPC-BP,24,0,7.0679000000382075,7.493699999940873,7.022900000265508,0.0,0.0,0.0,0.044999999772699084,true
3,LM-Top1,24,1,70.49879999976838,57.46963333331223,8.10399999954825,62.2931999996581,0.0,0.0,0.10160000056202989,true
3,BM-BP,24,1,78.85170000008657,67.57083333332048,7.0679000000382075,69.31440000062139,0.4975000001650187,1.7310000002908055,0.24089999897114467,true
3,SF-BP,24,1,77.11980000021867,77.43813333339251,7.791600000018661,64.24330000027112,0.4672999984904891,4.4102000019847765,0.20739999945362797,true
3,LDPC-BP,25,0,6.766699999388948,8.08329999987715,6.739399999787565,0.0,0.0,0.0,0.027299999601382297,true
3,LM-Top1,25,1,72.23460000022897,59.65300000025309,7.21499999963271,64.9122000004354,0.0,0.0,0.10740000016085105,true
3,BM-BP,25,1,78.42100000016217,76.85876666649467,6.844300000011572,69.41529999949125,0.6046000007700059,1.3400999996520113,0.21670000023732428,true
3,SF-BP,25,1,83.96660000016709,80.39046666651,8.117200000015146,70.46429999991233,0.541700000212586,4.5434000003297115,0.29999999969732016,true
3,LDPC-BP,26,0,7.953299999826413,7.3787333334015175,7.913899999948626,0.0,0.0,0.0,0.039399999877787195,true
3,LM-Top1,26,1,68.81869999961054,69.68710000031327,7.348300000558083,61.38519999967684,0.0,0.0,0.08519999937561806,true
3,BM-BP,26,1,76.96450000003097,80.45476666666218,7.546699999693374,66.52130000020406,1.3225000002421439,1.3639000007970026,0.21009999909438193,true
3,SF-BP,26,1,81.07979999931558,75.70020000002842,7.932999999866297,61.430500000824395,1.2370999993436271,10.248399999909452,0.23079999937181128,true
3,LDPC-BP,27,0,7.0381999994424405,7.501866666492181,7.000800000241725,0.0,0.0,0.0,0.03739999920071568,true
3,LM-Top1,27,1,57.45389999992767,68.97173333345563,7.5164999998378335,49.833699999908276,0.0,0.0,0.10370000018156134,true
3,BM-BP,27,1,56.01999999998952,71.29890000017743,7.620499999575259,46.29110000041692,0.5117999999129097,1.35009999939939,0.24650000068504596,true
3,SF-BP,27,1,61.7552000003343,79.56576666674664,7.226800000353251,48.174000000472006,0.7178000005296781,5.378300000302261,0.25829999867710285,true
3,LDPC-BP,28,0,7.8104000003804686,7.037800000034622,7.749999999759893,0.0,0.0,0.0,0.060400000620575156,true
3,LM-Top1,28,1,53.52489999950194,64.1470333334837,7.099199999174743,46.31769999923563,0.0,0.0,0.10800000109156827,true
3,BM-BP,28,1,68.91360000008717,74.34160000032837,7.158099999287515,59.40100000043458,0.6083000007492956,1.5139999995881226,0.23220000002766028,true
3,SF-BP,28,1,77.13580000017828,71.39773333331807,7.00200000028417,64.62639999972453,0.4963000001225737,4.67329999901267,0.3378000010343385,true
3,LDPC-BP,29,0,7.589499999994587,7.8690666665958515,7.551899999270972,0.0,0.0,0.0,0.03760000072361436,true
3,LM-Top1,29,1,62.87739999970654,62.28769999991831,8.45729999946343,54.330400000253576,0.0,0.0,0.08969999998953426,true
3,BM-BP,29,1,72.5934000001871,64.48110000019369,7.652600000255916,62.56109999958426,0.8015000003069872,1.3790000002700253,0.19919999976991676,true
3,SF-BP,29,1,80.90789999914705,70.34403333318551,7.788900000377907,66.10230000023876,0.7038999992801109,6.077399999412592,0.23539999983768212,true
3,LDPC-BP,30,0,7.319700000152807,7.3827333333914185,7.246999999551917,0.0,0.0,0.0,0.07270000060088933,true
3,LM-Top1,30,1,69.18000000041502,62.59326666652972,6.716699999742559,62.351399999897694,0.0,0.0,0.11190000077476725,true
3,BM-BP,30,1,73.10729999971954,67.78133333318692,6.824799999776587,64.26970000029542,0.4597000006469898,1.372399999127083,0.1806999998734682,true
3,SF-BP,30,1,78.32719999987603,76.73539999965821,7.096999999703257,65.96530000024359,0.5176999984541908,4.520100000263483,0.22710000121151097,true
3,LDPC-BP,31,0,7.488799999919138,7.922300000094158,7.435800000166637,0.0,0.0,0.0,0.052999999752501026,true
3,LM-Top1,31,1,69.58740000027319,63.337699999920005,6.84220000039204,62.65739999980724,0.0,0.0,0.08780000007391209,true
3,BM-BP,31,1,81.60339999994903,73.6847333332662,6.971000000703498,72.50740000017686,0.5911000025662361,1.3467999997374136,0.18709999676502775,true
3,SF-BP,31,1,83.1557999999859,71.65786666655549,7.187899999735237,69.14820000019972,0.6974999996600673,5.9006000019508065,0.2215999984400696,true
3,LDPC-BP,32,0,7.5077000001329,7.399566666814887,7.455400000253576,0.0,0.0,0.0,0.05229999987932388,true
3,LM-Top1,32,1,72.83419999930629,58.76860000019709,6.797900000492518,65.93739999971149,0.0,0.0,0.09889999910228653,true
3,BM-BP,32,1,78.56489999994665,57.75646666643297,7.746700000097917,68.78369999958522,0.4515999980867491,1.349500001197157,0.2334000009796,true
3,SF-BP,32,1,85.80400000028021,70.24663333337837,7.326100000682345,72.5959999999759,0.584399998842855,5.047599999670638,0.24990000110847177,true
3,LDPC-BP,33,0,7.337099999858765,7.317066666776857,7.2820000004867325,0.0,0.0,0.0,0.05509999937203247,true
3,LM-Top1,33,1,64.3406999997751,54.253633333701146,6.718599999658181,57.548400000086986,0.0,0.0,0.07370000002993038,true
3,BM-BP,33,1,73.74840000011318,71.74570000021656,7.007700000031036,64.58980000024894,0.5980999976600287,1.3514000011127791,0.20140000106039224,true
3,SF-BP,33,1,78.78639999944426,77.99636666641163,7.036099999822909,64.99989999974787,0.6345000001601875,5.878199999642675,0.23770000007061753,true
3,LDPC-BP,34,0,7.514599999922211,7.296700000248772,7.472600000255625,0.0,0.0,0.0,0.04199999966658652,true
3,LM-Top1,34,1,72.22389999969892,53.581633333275626,7.595099999889499,64.52970000009373,0.0,0.0,0.0990999997156905,true
3,BM-BP,34,1,81.21310000024096,67.76676666686399,7.5602999995680875,71.0532000002786,0.9908000001814798,1.3560999987021205,0.25270000151067507,true
3,SF-BP,34,1,85.01549999982672,75.2786666666907,7.184000000052038,69.19319999997242,0.8177000008799951,7.577099999252823,0.2434999996694387,true
3,LDPC-BP,35,0,7.007399999565678,7.795000000138923,6.969000000026426,0.0,0.0,0.0,0.03839999953925144,true
3,LM-Top1,35,1,69.21909999982745,66.83043333320408,7.042799999908311,62.07949999952689,0.0,0.0,0.09680000039224979,true
3,BM-BP,35,1,76.53249999930267,74.71500000004501,7.514700000683661,66.25699999949575,1.1604999999690335,1.3802999992549303,0.21999999989930075,true
3,SF-BP,35,1,86.44120000008115,83.95476666692048,6.920199999512988,67.78869999925519,1.2062000041623833,10.260799999741721,0.26529999740887433,true
3,LDPC-BP,36,0,7.2983000000022,7.78343333331577,7.247600000482635,0.0,0.0,0.0,0.05069999951956561,true
3,LM-Top1,36,1,70.92269999975542,68.61586666658089,6.883600000037404,63.956299999517796,0.0,0.0,0.08280000020022271,true
3,BM-BP,36,1,77.80249999996158,71.7843333335016,7.030700000541401,68.54399999974703,0.6163999996715575,1.3990999996167375,0.2123000003848574,true
3,SF-BP,36,1,84.05219999986002,75.84296666664159,7.175400000051013,69.81969999924331,0.6928000002517365,6.10560000041005,0.2586999999039108,true
3,LDPC-BP,37,0,7.098200000655197,7.674100000258477,7.049100000585895,0.0,0.0,0.0,0.04910000006930204,true
3,LM-Top1,37,1,71.08100000004924,68.005766666829,7.6891999997315,63.294600000517676,0.0,0.0,0.09719999980006833,true
3,BM-BP,37,1,81.41770000020188,76.24803333343759,7.019399999990128,72.12840000011056,0.6079999984649476,1.4237999994293205,0.23810000220692018,true
3,SF-BP,37,1,83.28849999998056,80.65800000016073,6.975500000407919,71.06459999977233,0.5199999995966209,4.506000001128996,0.2223999990746961,true
3,LDPC-BP,38,0,7.116600000699691,7.4168999996497105,7.077899999785586,0.0,0.0,0.0,0.03870000091410475,true
3,LM-Top1,38,1,65.20840000030148,64.97960000009091,6.796200000280805,58.3372999999483,0.0,0.0,0.0749000000723754,true
3,BM-BP,38,1,75.31360000029963,74.38193333306724,7.063300000481831,65.758900000219,0.9165000019493164,1.3827999982822803,0.19209999936720124,true
3,SF-BP,38,1,79.56329999979062,81.08800000006038,7.475000000340515,64.99530000019149,0.7371000001512584,6.037400000423077,0.31849999868427403,true
3,LDPC-BP,39,0,7.632900000317022,7.303966666768247,7.550000000264845,0.0,0.0,0.0,0.08290000005217735,true
3,LM-Top1,39,1,69.92360000003828,62.74716666666791,7.362199999988661,62.44599999990896,0.0,0.0,0.11540000014065299,true
3,BM-BP,39,1,87.32770000005985,71.39879999976984,7.269300000189105,77.71330000014132,0.750400001379603,1.3757000006080489,0.2189999977417756,true
3,SF-BP,39,1,87.04829999987851,73.78510000004705,6.927200000063749,74.75479999993695,0.5043999990448356,4.613600000084261,0.2483000007487135,true
3,LDPC-BP,40,0,7.803200000125798,7.745266666612831,7.761100000607257,0.0,0.0,0.0,0.042099999518541154,true
3,LM-Top1,40,1,65.61799999963114,64.3746333330455,7.317599999623781,58.2046999998056,0.0,0.0,0.0957000002017594,true
3,BM-BP,40,1,72.77520000025106,69.88036666659052,7.3100999998132465,63.41739999970741,0.4594000001816312,1.3794999995297985,0.20880000101897167,true
3,SF-BP,40,1,74.84999999996944,68.11506666660232,7.273700000041572,63.96279999989929,0.3243000001020846,3.0994000007922295,0.18979999913426582,true
3,LDPC-BP,41,0,7.635799999661685,7.368666666328257,7.567800000288116,0.0,0.0,0.0,0.06799999937356915,true
3,LM-Top1,41,1,67.97960000039893,67.9626333332332,6.768700000066019,61.13249999998516,0.0,0.0,0.07840000034775585,true
3,BM-BP,41,1,77.5032999999894,74.05076666645982,7.527399999162299,67.87600000006933,0.4577999989123782,1.3319999998202547,0.31010000202513766,true
3,SF-BP,41,1,85.10849999947823,78.44716666674383,8.583600000747538,70.99560000006022,0.4712999998446321,4.815299999791023,0.2426999990348122,true
3,LDPC-BP,42,0,7.876799999394279,7.165033333118724,7.839700000658922,0.0,0.0,0.0,0.037099998735357076,true
3,LM-Top1,42,1,66.3340999999491,60.65923333350535,6.71039999997447,59.52849999994214,0.0,0.0,0.09520000003249152,true
3,BM-BP,42,1,72.36359999933484,67.85400000004908,7.483899999897403,62.334599999303464,0.961900001129834,1.3465999991240096,0.23659999988012714,true
3,SF-BP,42,1,81.64029999988998,78.77073333353717,7.445799999914016,67.18540000019857,0.6686000015179161,6.009700000504381,0.3307999977550935,true
3,LDPC-BP,43,0,7.611899999574234,7.733366666646664,7.554800000434625,0.0,0.0,0.0,0.05709999913960928,true
3,LM-Top1,43,1,70.35369999994145,61.534633333546175,7.116300000234332,63.14899999961199,0.0,0.0,0.0884000000951346,true
3,BM-BP,43,1,81.36610000019573,67.75266666651684,7.220000000415894,71.871099999953,0.6541999982800917,1.3894000003347173,0.2314000012120232,true
3,SF-BP,43,1,82.03690000027564,74.46800000025178,7.497400000829657,67.50580000061746,0.6895999986227253,6.073100000321574,0.27099999988422496,true
3,LDPC-BP,44,0,7.902299999841489,7.220066666529116,7.855099999687809,0.0,0.0,0.0,0.047200000153679866,true
3,LM-Top1,44,1,72.57620000018505,66.24256666661192,6.999500000347325,65.49150000046211,0.0,0.0,0.08519999937561806,true
3,BM-BP,44,1,81.42880000013974,77.37153333331055,7.276799999999639,71.66270000016084,0.6170999986352399,1.611400000001595,0.26080000134243164,true
3,SF-BP,44,1,80.89000000018132,76.3483666664797,7.402199999887671,68.16900000012538,0.5012999990867684,4.564700000628363,0.252800000453135,true
3,LDPC-BP,45,0,8.415199999944889,7.271033333533221,8.370599999580008,0.0,0.0,0.0,0.04460000036488054,true
3,LM-Top1,45,1,72.03990000016347,60.900633333403675,8.2406000001356,63.70820000029198,0.0,0.0,0.09109999973588856,true
3,BM-BP,45,1,71.29649999933463,72.29533333323464,8.641999999781547,58.59859999964101,2.363799997510796,1.4090000031501404,0.28309999925113516,true
3,SF-BP,45,1,77.04890000059095,81.4575666665102,8.221000000048662,53.433099999892875,1.530700001239893,13.586600000053295,0.27749999935622327,true
3,LDPC-BP,46,0,6.773299999622395,7.200333333609403,6.737799999427807,0.0,0.0,0.0,0.03550000019458821,true
3,LM-Top1,46,1,70.7827999995061,58.96869999999884,7.737200000519806,62.95890000001236,0.0,0.0,0.086699998973927,true
3,BM-BP,46,1,80.10720000038418,76.67109999996076,7.246600000144099,70.59079999999085,0.647999999273452,1.3993999991726014,0.2224000018031802,true
3,SF-BP,46,1,83.3321000000069,84.78463333312902,7.382400000096823,69.15889999982028,0.6843000019216561,5.877199999304139,0.22929999886400765,true
3,LDPC-BP,47,0,7.35759999952279,7.405133333425813,7.311000000299828,0.0,0.0,0.0,0.04659999922296265,true
3,LM-Top1,47,1,68.95320000057836,70.14926666655204,7.113899999239948,61.76150000010239,0.0,0.0,0.07780000123602804,true
3,BM-BP,47,1,76.14060000014433,77.52873333341388,6.819100000029721,66.87770000007731,0.7597999992867699,1.4241000017136685,0.2598999990368611,true
3,SF-BP,47,1,80.89620000009745,86.15930000011456,7.117199999811419,66.56899999961752,0.7168999982241075,6.1903999994683545,0.30270000297605293,true
3,LDPC-BP,48,0,6.912799999554409,7.992433333280739,6.875699999909557,0.0,0.0,0.0,0.03709999964485178,true
3,LM-Top1,48,1,71.61719999930938,65.78476666663846,7.294000000001688,64.22209999982442,0.0,0.0,0.10109999948326731,true
3,BM-BP,48,1,76.61329999973532,75.17236666641718,7.788300000356685,66.73899999987043,0.4908999999315711,1.3680000001841108,0.22709999939252157,true
3,SF-BP,48,1,77.00879999993049,78.50573333341042,7.0461000004797825,64.63729999995849,0.47390000054292614,4.646100000172737,0.20539999877655646,true
3,LDPC-BP,49,0,7.338200000049255,7.0862333333631495,7.30329999987589,0.0,0.0,0.0,0.0349000001733657,true
3,LM-Top1,49,1,67.7574999999706,60.66043333324463,7.696099999520811,59.97639999986859,0.0,0.0,0.0850000005812035,true
3,BM-BP,49,1,64.93349999982456,74.38603333336384,7.466300000487536,54.41119999977673,1.1056000030293944,1.7171999998026877,0.23319999672821723,true
3,SF-BP,49,1,70.48039999972389,87.74616666672348,7.103400000232796,53.38099999971746,1.0275000013280078,8.751399999709975,0.21709999873564811,true
3,LDPC-BP,50,0,7.370499999524327,7.323499999832468,7.32369999968796,0.0,0.0,0.0,0.046799999836366624,true
3,LM-Top1,50,1,71.03159999951458,63.641066666605184,6.902099999933853,64.0333000001192,0.0,0.0,0.09619999946153257,true
3,BM-BP,50,1,56.20980000003328,71.99773333331905,7.881199999246746,46.14870000023075,0.5944000013187178,1.36339999971824,0.2220999995188322,true
3,SF-BP,50,1,69.26870000006602,76.89703333335274,7.085299999744166,55.09390000042913,0.7612999979755841,6.096800000705116,0.2314000012120232,true
3,LDPC-BP,51,0,7.292999999663152,7.292033333518096,7.259800000610994,0.0,0.0,0.0,0.03319999905215809,true
3,LM-Top1,51,1,51.80039999959263,63.193633333260856,7.0616000002701185,44.63339999983873,0.0,0.0,0.10539999948377954,true
3,BM-BP,51,1,56.94450000009965,68.77443333329818,7.022099999630882,47.86000000058266,0.4696000005424139,1.3662000001204433,0.2265999992232537,true
3,SF-BP,51,1,66.78480000027776,76.22113333324403,7.433200000377838,53.16919999950187,0.4808000003322377,5.343100001482526,0.35849999858328374,true
3,LDPC-BP,52,0,7.4867000002996065,8.130033333448713,7.449800000358664,0.0,0.0,0.0,0.03689999994094251,true
3,LM-Top1,52,1,66.4558999997098,65.10889999966214,7.589599999846541,58.78289999964181,0.0,0.0,0.08340000022144523,true
3,BM-BP,52,1,74.77380000000267,72.73209999993924,7.304100000510516,65.24230000013631,0.6119000017861254,1.3939000000391388,0.2215999975305749,true
3,SF-BP,52,1,80.3539999997156,75.12063333312351,6.858499999907508,66.40890000016952,0.7779999996273546,6.036100001438172,0.2724999985730392,true
3,LDPC-BP,53,0,7.838399999855028,7.775433333032804,7.7610999996977625,0.0,0.0,0.0,0.07730000015726546,true
3,LM-Top1,53,1,69.4152000005488,65.93863333364425,7.303899999897112,62.01280000004772,0.0,0.0,0.09850000060396269,true
3,BM-BP,53,1,81.67979999961972,72.12813333308077,7.510700000239012,69.8259999999209,2.522599999792874,1.583899998877314,0.23660000078962184,true
3,SF-BP,53,1,98.42079999998532,97.19839999994899,8.309099999678438,68.99549999980081,2.1785000053569092,18.663000000742613,0.27469999440654647,true
3,LDPC-BP,54,0,7.170999999289052,7.62250000025233,7.123600000340957,0.0,0.0,0.0,0.047399998948094435,true
3,LM-Top1,54,1,70.84949999989476,53.907766666573785,6.516600000395556,64.23970000014378,0.0,0.0,0.09319999935542,true
3,BM-BP,54,1,80.60680000016873,70.76713333344742,8.473400000184483,69.95550000010553,0.6217999989530654,1.3667000002897112,0.18940000063594198,true
3,SF-BP,54,1,83.39750000050117,75.22243333323786,7.244200000059209,70.47770000008313,0.5360000013752142,4.8637000008966425,0.2758999980869703,true
3,LDPC-BP,55,0,7.168300000557792,7.513733333477528,7.132200000341982,0.0,0.0,0.0,0.036100000215810724,true
3,LM-Top1,55,1,67.64440000006289,60.048733333436154,6.87130000005709,60.69599999955244,0.0,0.0,0.07710000045335619,true
3,BM-BP,55,1,77.01799999995274,72.62556666667781,7.319899999856716,66.5262000002258,1.2513000001490582,1.678100000390259,0.24249999933090294,true
3,SF-BP,55,1,83.76459999999497,84.88003333332017,7.515299999795388,64.64529999993829,1.1957000006077578,10.120599998117541,0.2877000015359954,true
3,LDPC-BP,56,0,6.948399999600952,7.331099999949704,6.887600000482053,0.0,0.0,0.0,0.060799999118898995,true
3,LM-Top1,56,1,71.58350000008795,63.10543333317279,7.2350999998889165,64.1659000002619,0.0,0.0,0.18249999993713573,true
3,BM-BP,56,1,82.11669999946025,67.83096666670947,7.287700000233599,72.50850000036735,0.6492000020443811,1.4207999993232079,0.2504999974917155,true
3,SF-BP,56,1,80.55440000043745,75.9215333331061,7.241300000714546,67.92129999939789,0.5091000002721557,4.631199999494129,0.25150000055873534,true
3,LDPC-BP,57,0,7.210200000372424,7.672033333316601,7.149400000344031,0.0,0.0,0.0,0.0608000000283937,true
3,LM-Top1,57,1,75.43230000010226,66.27599999986462,9.015699999508797,66.31729999935487,0.0,0.0,0.09930000123858918,true
3,BM-BP,57,1,67.38990000030753,78.46199999994496,7.024599999567727,58.32819999977801,0.4504999988057534,1.3657999988936353,0.22080000326241134,true
3,SF-BP,57,1,64.48349999936909,81.3948333332822,7.109099999979662,51.62730000029114,0.5892999997740844,4.957599999215745,0.2002000001084525,true
3,LDPC-BP,58,0,7.284100000106264,8.145300000251154,7.246800000757503,0.0,0.0,0.0,0.03729999934876105,true
3,LM-Top1,58,1,66.59050000052957,67.43990000025708,6.753200000275683,59.75029999990511,0.0,0.0,0.0870000003487803,true
3,BM-BP,58,1,49.450200000137556,78.14760000019305,7.491399999707937,39.84690000015689,0.4932999991069664,1.3902000000598491,0.22840000110591063,true
3,SF-BP,58,1,58.377399999699264,80.63936666682518,7.946400000037102,45.182600000771345,0.4988000018784078,4.535500001111359,0.21409999590105144,true
3,LDPC-BP,59,0,7.347599999775412,7.86276666667618,7.311299999855692,0.0,0.0,0.0,0.036299999919719994,true
3,LM-Top1,59,1,51.04719999962981,53.54393333345797,6.81579999945825,44.14820000056352,0.0,0.0,0.08319999960804125,true
3,BM-BP,59,1,74.04690000021219,69.73713333354681,7.62750000012602,64.30050000017218,0.4611000003933441,1.4263000002756598,0.23149999924498843,true
3,SF-BP,59,1,79.09990000007383,78.40646666651689,7.546499999989464,65.95319999996718,0.5549000006794813,4.792599999746017,0.25269999969168566,true
3,LDPC-BP,60,0,9.033499999532069,7.534533333455329,8.965699999862409,0.0,0.0,0.0,0.06779999966965988,true
3,LM-Top1,60,1,61.56770000052347,61.50936666654161,8.053300000028685,53.404700000101,0.0,0.0,0.10970000039378647,true
3,BM-BP,60,1,72.1270000003642,71.73236666661371,7.614799999828392,61.80750000021362,1.1759000017264043,1.334700001279998,0.19409999731578864,true
3,SF-BP,60,1,67.79590000041935,83.02099999976538,7.762400000501657,50.90289999952802,1.0808999968503485,7.774300000164658,0.27540000337467063,true
3,LDPC-BP,61,0,7.633199999872886,7.780766666504253,7.583399999930407,0.0,0.0,0.0,0.04979999994247919,true
3,LM-Top1,61,1,72.20779999988736,63.59276666671576,7.417099999656784,64.66490000002523,0.0,0.0,0.125800000205345,true
3,BM-BP,61,1,65.80609999946319,70.7867333332312,7.165899999563408,56.31009999979142,0.6479000012404867,1.4443999998547952,0.23779999901307747,true
3,SF-BP,61,1,52.505099999507365,80.09843333335691,7.116599999790196,38.55779999958031,0.6778000006306684,5.948799999714538,0.2040999997916515,true
3,LDPC-BP,62,0,7.009799999650568,7.203266666844381,6.973900000048161,0.0,0.0,0.0,0.03589999960240675,true
3,LM-Top1,62,1,44.00960000020859,59.7035999999207,7.0248999991235905,36.90669999923557,0.0,0.0,0.07800000184943201,true
3,BM-BP,62,1,71.17730000027223,70.73330000002898,7.485000000087894,61.65499999951862,0.4498999987845309,1.3653999994858168,0.22200000239536166,true
3,SF-BP,62,1,76.82999999997264,68.74260000025363,6.961399999454443,66.10929999988002,0.34419999974488746,3.161700000418932,0.2534000004743575,true
3,LDPC-BP,63,0,7.397499999569845,7.373633333372709,7.341499999711232,0.0,0.0,0.0,0.05599999985861359,true
3,LM-Top1,63,1,66.42889999966428,60.89810000018284,7.1356000007654075,59.18880000081117,0.0,0.0,0.10449999808770372,true
3,BM-BP,63,1,71.25909999922442,67.04803333332165,7.158999999774096,62.1026000007987,0.4515999999057385,1.3511999986803858,0.19470000006549526,true
3,SF-BP,63,1,71.74179999947228,73.1194999998479,7.484200000362762,58.840300000156276,0.63510000018141,4.5146000002205255,0.26759999855130445,true
3,LDPC-BP,64,0,7.507400000577036,7.556600000195128,7.438200000251527,0.0,0.0,0.0,0.06920000032550888,true
3,LM-Top1,64,1,75.8388999993258,61.19476666647946,7.266699999490811,68.44479999926989,0.0,0.0,0.12740000056510326,true
3,BM-BP,64,1,79.63769999969372,71.95773333311688,7.433699999637611,70.05949999984296,0.5067999991297256,1.3675000018338324,0.2701999992495985,true
3,SF-BP,64,1,82.00909999959549,74.1886999997708,7.273000000168395,69.40260000010312,0.5092000019430998,4.580199999509205,0.2440999978716718,true
3,LDPC-BP,65,0,7.1211000004041125,7.583633333221466,7.08290000056877,0.0,0.0,0.0,0.03819999983534217,true
3,LM-Top1,65,1,71.8328000002657,60.16890000000785,7.326400000238209,64.41840000024968,0.0,0.0,0.08799999977782136,true
3,BM-BP,65,1,76.95520000015676,73.07159999997263,7.445199999892793,67.27730000056908,0.5149999988134368,1.4539000003424007,0.2638000005390495,true
3,SF-BP,65,1,81.38119999966875,70.32009999996565,7.019900000159396,68.91220000034082,0.513400000272668,4.6803999994153855,0.255299999480485,true
3,LDPC-BP,66,0,7.089599999744678,7.661799999823415,7.052900000417139,0.0,0.0,0.0,0.036699999327538535,true
3,LM-Top1,66,1,70.66029999987222,59.175466666753586,6.945899999664107,63.63520000013523,0.0,0.0,0.07920000007288763,true
3,BM-BP,66,1,77.96520000010787,68.70386666666188,7.184999999481079,68.81040000007488,0.4496000001381617,1.3408000013441779,0.17939999906957382,true
3,SF-BP,66,1,81.1879000002591,71.96686666687431,7.6042999999117455,67.90760000058071,0.4818999996132334,4.8842000014701625,0.3098999986832496,true
3,LDPC-BP,67,0,7.813200000782672,7.71940000019337,7.756099999824073,0.0,0.0,0.0,0.057100000958598685,true
3,LM-Top1,67,1,73.85020000037912,49.85883333362532,9.083999999347725,64.6604000003208,0.0,0.0,0.10580000071058748,true
3,BM-BP,67,1,69.46239999979298,63.741700000112665,7.158200000048964,60.23939999977301,0.47199999880831456,1.373000000967295,0.21980000019539148,true
3,SF-BP,67,1,63.92940000023373,72.59316666674447,7.273600000189617,51.233700000011595,0.4859000009673764,4.575300000396965,0.3608999986681738,true
3,LDPC-BP,68,0,8.303800000248884,7.161666666585613,8.267799999885028,0.0,0.0,0.0,0.03600000036385609,true
3,LM-Top1,68,1,74.7352000007595,61.66079999987536,7.456899999851885,67.17620000017632,0.0,0.0,0.10210000073129777,true
3,BM-BP,68,1,79.24909999928786,74.40090000015213,7.156500000746746,69.96309999976802,0.4580000004352769,1.3733000005231588,0.2981999978146632,true
3,SF-BP,68,1,85.69540000007692,71.87423333334664,6.886399999530113,73.65040000058798,0.4766000001836801,4.450100001122337,0.23189999865280697,true
3,LDPC-BP,69,0,7.260599999426631,7.499066666847891,7.223600000543229,0.0,0.0,0.0,0.03699999888340244,true
3,LM-Top1,69,1,63.02580000010494,65.58959999999085,7.592799999656563,55.310499999905005,0.0,0.0,0.12250000054336851,true
3,BM-BP,69,1,75.88070000019798,73.21813333328464,7.460099999661907,66.50530000024446,0.3222999994250131,1.3589000000138185,0.23410000085277716,true
3,SF-BP,69,1,80.26160000008531,76.85303333331224,7.041400000161957,68.15559999995457,0.46469999961118447,4.427699998814205,0.17220000154338777,true
3,LDPC-BP,70,0,7.05519999974058,7.6902666666380055,7.014399999206944,0.0,0.0,0.0,0.040800000533636194,true
3,LM-Top1,70,1,67.80350000008184,60.79856666671427,6.91240000014659,60.793399999965914,0.0,0.0,0.0976999999693362,true
3,BM-BP,70,1,76.26329999948211,72.72120000000844,7.434399999510788,66.55529999989085,0.6565999992744764,1.392199999827426,0.22480000097857555,true
3,SF-BP,70,1,79.24180000009073,73.82190000013604,7.175300000199059,66.67219999962981,0.5629999996017432,4.568700000163517,0.2626000004966045,true
3,LDPC-BP,71,0,6.946900000002643,7.163533333368832,6.899199999679695,0.0,0.0,0.0,0.047700000322947744,true
3,LM-Top1,71,1,71.70959999984916,64.92160000031315,6.800300000577408,64.81870000061463,0.0,0.0,0.09059999865712598,true
3,BM-BP,71,1,81.8171999999322,75.76213333322812,7.570099999611557,71.5356000000611,0.8937000002333662,1.5878999993219622,0.22990000070421956,true
3,SF-BP,71,1,85.72060000005877,73.22880000007596,7.6473999997688225,69.63989999985642,0.8663999988129945,7.30060000114463,0.2663000004758942,true
3,LDPC-BP,72,0,6.951700000172423,7.275866666532238,6.90519999989192,0.0,0.0,0.0,0.04650000028050272,true
3,LM-Top1,72,1,71.64890000058222,66.7686666664243,6.988399999499961,64.56180000077438,0.0,0.0,0.09870000030787196,true
3,BM-BP,72,1,80.12920000055601,72.72856666668304,6.971400000111316,70.90880000032485,0.6433999997170758,1.3707999987673247,0.234800001635449,true
3,SF-BP,72,1,87.63329999965208,78.48993333360947,7.14590000006865,72.73970000005647,0.7834000007278519,6.71039999997447,0.253899998824636,true
3,LDPC-BP,73,0,7.702999999310123,7.475433333487065,7.650700000340294,0.0,0.0,0.0,0.052299998969829176,true
3,LM-Top1,73,1,72.10759999998118,56.71219999976529,7.338000000345346,64.6839999999429,0.0,0.0,0.0855999996929313,true
3,BM-BP,73,1,77.97709999977087,68.16320000007181,7.046200000331737,68.04869999996299,1.1363999992681784,1.390700000229117,0.35509999997884734,true
3,SF-BP,73,1,84.72939999955997,71.05203333336856,7.157600000027742,70.1865999999427,0.6617999997615698,6.394299998646602,0.3291000011813594,true
3,LDPC-BP,74,0,7.462100000338978,7.235666666626154,7.41329999982554,0.0,0.0,0.0,0.048800000513438135,true
3,LM-Top1,74,1,67.71140000000742,50.63963333335172,7.273999999597436,60.35340000016731,0.0,0.0,0.08400000024266774,true
3,BM-BP,74,1,79.57389999955922,71.04239999989659,7.43990000046324,69.92959999934101,0.6023000014465651,1.3484999972206424,0.2536000010877615,true
3,SF-BP,74,1,88.39090000037686,73.65993333345007,7.1288999997705105,73.07120000041323,1.1953999983234098,6.512599999950908,0.4828000019188039,true
3,LDPC-BP,75,0,6.916999999702966,7.025000000036623,6.872900000416848,0.0,0.0,0.0,0.044099999286117963,true
3,LM-Top1,75,1,68.39900000068155,64.11206666674236,6.826999999248073,61.47659999987809,0.0,0.0,0.09540000155539019,true
3,BM-BP,75,1,79.99089999975695,66.77886666678508,6.804300000112562,71.1420999996335,0.4527000010057236,1.3809000001856475,0.2108999988195137,true
3,SF-BP,75,1,83.8965000002645,74.49739999992744,7.943599999634898,70.57420000001002,0.4927000009047333,4.647499999919091,0.23849999979574932,true
3,LDPC-BP,76,0,7.2041000003082445,7.465933333454207,7.1574000003238325,0.0,0.0,0.0,0.04669999998441199,true
3,LM-Top1,76,1,74.36200000029203,62.430766666390504,7.133299999622977,67.13510000008682,0.0,0.0,0.09360000058222795,true
3,BM-BP,76,1,79.45789999939734,77.48533333324303,7.190799999989395,69.91019999986747,0.6342000006043236,1.4660999995612656,0.25659999937488465,true
3,SF-BP,76,1,83.12429999932647,78.91173333306749,7.046499999887601,70.58789999973669,0.5546000011236174,4.6886000000085915,0.24669999856996583,true
3,LDPC-BP,77,0,7.070800000292365,7.404200000261578,7.020699999884528,0.0,0.0,0.0,0.0501000004078378,true
3,LM-Top1,77,1,69.35040000007575,69.61586666648145,7.410100000015518,61.80640000002313,0.0,0.0,0.13390000003710156,true
3,BM-BP,77,1,71.47139999960928,82.03216666667383,6.951000000299246,62.36960000023828,0.6251000004340312,1.342300000032992,0.18339999860472744,true
3,SF-BP,77,1,80.30570000028092,85.68359999981112,7.11579999915557,64.7993000002316,0.8703999992576428,7.2793000008459785,0.24090000079013407,true
3,LDPC-BP,78,0,7.333900000048743,7.382766666675404,7.285300000148709,0.0,0.0,0.0,0.04859999990003416,true
3,LM-Top1,78,1,69.89399999929446,68.57193333341154,8.508099999744445,61.28530000023602,0.0,0.0,0.10059999931399943,true
3,BM-BP,78,1,81.14209999985178,77.85570000002433,7.095400000252994,71.86600000022736,0.4696000005424139,1.4742000003025169,0.23689999852649635,true
3,SF-BP,78,1,79.0898000004745,79.67093333324253,7.950899999741523,65.50270000025193,0.4956999991918565,4.88009999935457,0.2604000019346131,true
3,LDPC-BP,79,0,7.915799999864248,7.088133333581936,7.8779000004942645,0.0,0.0,0.0,0.03789999936998356,true
3,LM-Top1,79,1,67.16920000053506,66.50546666666439,7.277200000316952,59.769499999674736,0.0,0.0,0.12250000054336851,true
3,BM-BP,79,1,75.26049999978568,70.70250000015221,7.0083999999042135,65.90420000065933,0.6347000007735915,1.4388999989023432,0.27429999954620143,true
3,SF-BP,79,1,82.29469999969297,75.75636666661012,6.959900000765629,70.15030000002298,0.47360000007756753,4.473599998163991,0.237300000662799,true
3,LDPC-BP,80,0,7.417599999826052,6.954666666842968,7.354499999564723,0.0,0.0,0.0,0.06310000026132911,true
3,LM-Top1,80,1,69.76289999965957,70.10556666667374,9.08979999985604,60.56599999919854,0.0,0.0,0.10710000060498714,true
3,BM-BP,80,1,80.7703999998921,73.19869999992079,7.00689999939641,71.34790000054636,0.7861000003686058,1.4130999970802804,0.21640000250044977,true
3,SF-BP,80,1,82.62790000026143,80.37629999989804,7.093400000485417,65.89489999987563,0.8787999986452633,8.482199999889417,0.27860000136570306,true
3,LDPC-BP,81,0,8.008499999959895,7.90866666693546,7.956899999953748,0.0,0.0,0.0,0.05160000000614673,true
3,LM-Top1,81,1,65.25130000045465,59.11323333339169,7.392399999844201,57.75569999968866,0.0,0.0,0.10320000092178816,true
3,BM-BP,81,1,75.6072000003769,72.2677333331679,7.16779999947903,65.90770000002522,0.5214999991949298,1.7936000012923614,0.21660000038536964,true
3,SF-BP,81,1,79.96820000062144,71.77019999987048,7.251400000313879,67.37530000009428,0.4741000002468354,4.604500000823464,0.2628999991429737,true
3,LDPC-BP,82,0,6.904200000462879,7.344666666540434,6.858300000203599,0.0,0.0,0.0,0.045900000259280205,true
3,LM-Top1,82,1,70.21960000020044,63.43626666648561,7.136100000025181,62.991499999952794,0.0,0.0,0.09200000022246968,true
3,BM-BP,82,1,81.8647999994937,70.69350000028862,7.324599999265047,72.33950000045297,0.5982999982734327,1.381900001433678,0.22050000006856862,true
3,SF-BP,82,1,85.30590000009397,73.09786666655782,7.223800000247138,70.60610000007728,0.810099999398517,6.401399999049318,0.26450000132172136,true
3,LDPC-BP,83,0,7.32369999968796,7.973599999938112,7.264200000463461,0.0,0.0,0.0,0.059499999224499334,true
3,LM-Top1,83,1,69.88879999971687,67.29079999998551,7.233599999381113,62.5597000007474,0.0,0.0,0.09549999958835542,true
3,BM-BP,83,1,82.12149999963003,77.05269999966428,8.438400000159163,71.18760000048496,0.9082000005946611,1.375499999994645,0.21179999839660013,true
3,SF-BP,83,1,87.91410000048927,83.06783333334049,7.419800000207033,71.20940000004339,0.8579000013924087,8.193300000129966,0.2336999987164745,true
3,LDPC-BP,84,0,7.099499999640102,7.182500000302146,7.010999999693013,0.0,0.0,0.0,0.08849999994708924,true
3,LM-Top1,84,1,70.26349999978265,67.3821999998836,6.946900000002643,63.17100000069331,0.0,0.0,0.14559999908669852,true
3,BM-BP,84,1,69.33240000034857,76.7583333336006,7.317099999454513,59.78019999929529,0.6499999999505235,1.3485000008586212,0.23660000078962184,true
3,SF-BP,84,1,59.968100000332925,75.58626666650525,7.089800000358082,45.85369999949762,0.6449000002248795,6.109499999183754,0.2702000010685879,true
3,LDPC-BP,85,0,7.080299999870476,7.2877666664984035,7.0330999997167964,0.0,0.0,0.0,0.047200000153679866,true
3,LM-Top1,85,1,43.38089999964723,61.8757666664654,6.947699999727774,36.33830000035232,0.0,0.0,0.09489999956713291,true
3,BM-BP,85,1,58.683600000222214,70.33256666697223,7.78470000022935,48.5422000001563,0.7573999982923851,1.3759000012214528,0.22340000032272656,true
3,SF-BP,85,1,82.48869999988528,67.66553333363845,7.595799999762676,66.50529999933497,0.8177000008799951,7.311000000299828,0.25889999960782006,true
3,LDPC-BP,86,0,6.956799999898067,7.110033333295481,6.920400000126392,0.0,0.0,0.0,0.03639999977167463,true
3,LM-Top1,86,1,64.85830000019632,59.60276666670931,6.8721999996341765,57.900200000403856,0.0,0.0,0.08590000015828991,true
3,BM-BP,86,1,73.12170000022888,69.17986666682434,8.004000000255473,62.97160000030999,0.5960999997114413,1.351299999441835,0.19870000051014358,true
3,SF-BP,86,1,68.92710000010993,72.97783333312206,7.18940000024304,56.580899999971734,0.4656000000977656,4.486599999836471,0.20459999996091938,true
3,LDPC-BP,87,0,7.337300000472169,7.68200000008316,7.289700000001176,0.0,0.0,0.0,0.04760000047099311,true
3,LM-Top1,87,1,73.8947999998345,66.38319999986682,6.708599999910803,67.113099999915,0.0,0.0,0.07310000000870787,true
3,BM-BP,87,1,77.69980000011856,76.06523333333826,7.177700000283949,68.14269999995304,0.6283000002440531,1.510099998995429,0.2410000006420887,true
3,SF-BP,87,1,89.96699999988778,81.65573333311234,8.145300000251154,76.47339999948599,0.4809000001841923,4.6149000017976505,0.252499998168787,true
3,LDPC-BP,88,0,7.199399999990419,7.919233333268494,7.156299999223847,0.0,0.0,0.0,0.04310000076657161,true
3,LM-Top1,88,1,64.8737000001347,64.86839999979566,7.177699999374454,57.60740000005171,0.0,0.0,0.08860000070853857,true
3,BM-BP,88,1,74.98230000055628,70.52163333340407,7.436400000187859,65.10440000056406,0.7837000021027052,1.3949999984106398,0.26279999929101905,true
3,SF-BP,88,1,80.8033000002979,75.43886666659698,7.349499999691034,64.87199999992299,0.907500000721484,7.448100000146951,0.22619999981543515,true
3,LDPC-BP,89,0,7.097099999555212,7.437699999930676,7.061499999508669,0.0,0.0,0.0,0.035600000046542846,true
3,LM-Top1,89,1,58.95169999985228,69.99180000002525,7.037399999717309,51.78429999978107,0.0,0.0,0.13000000035390258,true
3,BM-BP,89,1,73.18089999989752,71.23446666658613,8.377899999686633,61.84700000085286,1.3668999999936204,1.3772999991488177,0.21180000021558953,true
3,SF-BP,89,1,70.1905000005354,83.27750000004623,7.803499999681662,54.56719999983761,0.7700000005570473,6.813000000875036,0.2367999995840364,true
3,LDPC-BP,90,0,7.534100000157196,7.58136666657568,7.460099999661907,0.0,0.0,0.0,0.07400000049528899,true
3,LM-Top1,90,1,76.2987999996767,61.94406666660749,8.643000000120082,67.52059999962512,0.0,0.0,0.13519999993150122,true
3,BM-BP,90,1,81.1069999999745,70.32286666662912,7.794000000103551,70.86179999987507,0.6629000008615549,1.5081999999893014,0.2800999991450226,true
3,SF-BP,90,1,84.91310000044905,83.76769999980145,7.1579000004931,70.50250000065716,0.6790999996155733,6.208799998603354,0.3648000010798569,true
3,LDPC-BP,91,0,8.123900000100548,7.38243333353239,8.033600000089791,0.0,0.0,0.0,0.09030000001075678,true
3,LM-Top1,91,1,67.60699999995268,65.65069999987827,7.511900000281457,59.97479999950883,0.0,0.0,0.12030000016238773,true
3,BM-BP,91,1,76.3848999995389,74.0301666664891,7.276899999851594,66.73469999986992,0.5350000019461731,1.5929999990476063,0.24529999882361153,true
3,SF-BP,91,1,83.31770000040706,78.4618666669606,7.44109999959619,70.06989999990765,0.5325000010998338,4.899000000477827,0.3751999993255595,true
3,LDPC-BP,92,0,7.4489999997240375,7.287133333344779,7.393699999738601,0.0,0.0,0.0,0.05529999998543644,true
3,LM-Top1,92,1,69.00250000035157,63.2603666669335,7.445299999744748,61.44730000050913,0.0,0.0,0.10990000009769574,true
3,BM-BP,92,1,77.39009999932023,74.46326666664997,7.668899999771384,67.14090000059514,0.9178999998766812,1.4184000001478125,0.24399999892921187,true
3,SF-BP,92,1,86.50000000034197,83.81243333345385,6.868699999358796,71.10759999977745,0.8053999990806915,7.491700000173296,0.2266000019517378,true
3,LDPC-BP,93,0,6.913400000485126,7.085800000065016,6.870299999718554,0.0,0.0,0.0,0.04310000076657161,true
3,LM-Top1,93,1,67.2482999998465,66.45590000016455,7.0224000000962405,60.13699999948585,0.0,0.0,0.08890000026440248,true
3,BM-BP,93,1,72.44420000006357,72.80896666649521,6.894000000102096,63.51180000001477,0.4889999991064542,1.3324000010470627,0.21699999979318818,true
3,SF-BP,93,1,76.25389999975596,73.09740000027887,7.380099999863887,64.61849999959668,0.3318999988550786,3.51420000060898,0.40920000083133345,true
3,LDPC-BP,94,0,8.003899999494024,7.773433333416809,7.9350999994858284,0.0,0.0,0.0,0.06880000000819564,true
3,LM-Top1,94,1,67.65720000021247,68.0277000001297,7.8844999998182175,59.648899999956484,0.0,0.0,0.12380000043776818,true
3,BM-BP,94,1,59.35039999985747,70.25956666666389,7.044099999802711,50.04379999991215,0.6093000001783366,1.3979999985167524,0.25520000144751975,true
3,SF-BP,94,1,60.71780000002036,73.68546666657494,8.786600000348699,46.61229999965144,0.5350000001271837,4.576699999233824,0.2072000006592134,true
3,LDPC-BP,95,0,7.1749999997337,7.884833333415979,7.141600000068138,0.0,0.0,0.0,0.03339999966556206,true
3,LM-Top1,95,1,41.29629999988538,58.66673333351476,6.928699999662058,34.296400000130234,0.0,0.0,0.07120000009308569,true
3,BM-BP,95,1,73.2836999995925,68.58833333338528,7.513700000345125,63.55530000018916,0.5670000000463915,1.4143000007607043,0.2333999982511159,true
3,SF-BP,95,1,75.18509999954404,74.34263333349615,7.280200000423065,62.549899999794434,0.47839999933785293,4.616600000190374,0.25999999979831045,true
3,LDPC-BP,96,0,7.726400000137801,7.165699999859498,7.691000000704662,0.0,0.0,0.0,0.03539999943313887,true
3,LM-Top1,96,1,62.83309999980702,67.45743333340215,6.794699999773002,55.96880000030069,0.0,0.0,0.06959999973332742,true
3,BM-BP,96,1,73.79050000054121,72.19630000023851,7.103300000380841,64.41649999942456,0.6487999989985838,1.390799999171577,0.231100002565654,true
3,SF-BP,96,1,78.09959999940475,71.09123333339085,7.250300000123389,63.48020000041288,0.80089999937627,6.315900000117836,0.2522999993743724,true
3,LDPC-BP,97,0,7.050299999718845,7.170666666600785,7.011400000010326,0.0,0.0,0.0,0.03889999970851932,true
3,LM-Top1,97,1,73.02010000057635,63.10649999962455,7.332000000133121,65.588000000389,0.0,0.0,0.10010000005422626,true
3,BM-BP,97,1,75.09309999932157,71.57773333331836,7.038900000225112,65.53339999936725,0.7587000000057742,1.3773000009678071,0.384799998755625,true
3,SF-BP,97,1,82.35199999944598,79.94326666675988,7.897899999989022,67.59099999999307,0.6500000008600182,5.922699999246106,0.29039999935775995,true
3,LDPC-BP,98,0,7.147500000428408,7.810199999918647,7.113299999218725,0.0,0.0,0.0,0.03420000120968325,true
3,LM-Top1,98,1,69.96460000027582,61.952933333335146,7.993200000782963,61.8596999993315,0.0,0.0,0.11170000016136328,true
3,BM-BP,98,1,80.39370000005874,67.76063333336424,7.327600000280654,70.64290000016626,0.8903999987524003,1.3441999981296249,0.1886000027297996,true
3,SF-BP,98,1,80.33439999962866,72.67456666689516,7.1719000006851275,66.05110000054992,0.692100001288054,6.1322000010477495,0.2870999960578047,true
3,LDPC-BP,99,0,7.206700000097044,7.349300000138707,7.151699999667471,0.0,0.0,0.0,0.05500000042957254,true
3,LM-Top1,99,1,68.18830000065645,56.03249999997691,7.706299999881594,60.349399999722664,0.0,0.0,0.1326000010521966,true
3,BM-BP,99,1,75.2994000004037,69.95476666694837,7.246000000122876,65.50680000054854,0.8119000012811739,1.5108999996300554,0.2237999988210504,true
3,SF-BP,99,1,84.30950000001758,73.19543333339122,7.394300000669318,69.9494999998933,0.7583000005979557,5.966200000329991,0.24119999852700857,true
4,LDPC-BP,0,0,7.836800000404764,6.942266666859116,7.773899999847345,0.0,0.0,0.0,0.06290000055741984,true
4,LM-Top1,0,1,60.3848000000653,62.22663333361803,6.7724999998972635,53.539799999271054,0.0,0.0,0.07250000089698005,true
4,BM-BP,0,1,68.46459999997023,77.52646666691969,6.780300000173156,59.656899999936286,0.47509999967587646,1.3681000009455602,0.18419999923935393,true
4,SF-BP,0,1,71.46920000013779,80.05526666693186,7.129800000257092,59.15920000006736,0.48349999906349694,4.40220000109548,0.2944999996543629,true
4,LDPC-BP,1,0,7.424999999784632,7.116033333052958,7.366900000306487,0.0,0.0,0.0,0.05809999947814504,true
4,LM-Top1,1,1,60.960200000408804,63.50593333324165,6.717499999467691,54.16669999976875,0.0,0.0,0.0760000011723605,true
4,BM-BP,1,1,69.6946999996726,74.23056666660462,6.8995000001450535,60.6619000000137,0.6079999993744423,1.3489000011759344,0.17639999896346126,true
4,SF-BP,1,1,79.15560000037658,80.55016666670174,8.680300000378338,63.510300000416464,0.6413999990400043,6.098899999415153,0.22470000112662092,true
4,LDPC-BP,2,0,6.724099999701139,7.354766666442932,6.6882999999506865,0.0,0.0,0.0,0.035799999750452116,true
4,LM-Top1,2,1,74.1701999995712,55.9597000001304,7.736300000033225,66.3353999998435,0.0,0.0,0.09849999969446799,true
4,BM-BP,2,1,73.6747999999352,66.43599999976384,7.133300000532472,64.47899999966467,0.46599999950558413,1.3710999992326833,0.22540000099979807,true
4,SF-BP,2,1,69.95350000033795,68.34440000026613,7.368199999291392,58.424299999387586,0.36220000038156286,3.488100001050043,0.31070000022737077,true
4,LDPC-BP,3,0,6.9111000002521905,6.987766666497919,6.861400000161666,0.0,0.0,0.0,0.049700000090524554,true
4,LM-Top1,3,1,75.59320000018488,60.29350000001917,7.740099999864469,67.75500000003376,0.0,0.0,0.09810000028664945,true
4,BM-BP,3,1,80.0517999996373,65.76493333310889,6.948999999622174,70.84339999983058,0.4682000007960596,1.5171999984886497,0.27400000089983223,true
4,SF-BP,3,1,87.26610000030632,78.96483333327826,6.747499999619322,73.54900000063935,0.5983999999443768,6.083700000090175,0.2875000000130967,true
4,LDPC-BP,4,0,6.75890000002255,7.396566666708774,6.719899999552581,0.0,0.0,0.0,0.039000000469968654,true
4,LM-Top1,4,1,65.31420000010257,62.215833333539194,7.255800000166346,57.96190000000934,0.0,0.0,0.09649999992689118,true
4,BM-BP,4,1,78.32499999949505,76.9725666668819,6.90519999989192,69.34219999948255,0.505499999235326,1.3794999995297985,0.19260000135545852,true
4,SF-BP,4,1,77.183999999761,72.88963333333716,7.154099999752361,64.81499999972584,0.4898000006505754,4.506299999775365,0.21879999985685572,true
4,LDPC-BP,5,0,7.306900000003225,7.396366666398535,7.259099999828322,0.0,0.0,0.0,0.04780000017490238,true
4,LM-Top1,5,1,69.69529999969382,59.49880000025587,6.790700000237848,62.81630000012228,0.0,0.0,0.08829999933368526,true
4,BM-BP,5,1,73.42830000015965,67.84470000032645,7.186400000136928,64.36440000015864,0.31259999832400354,1.3706999998248648,0.19420000171521679,true
4,SF-BP,5,1,76.33280000027298,75.93136666703988,7.187700000031327,64.0942999998515,0.4696000005424139,4.379600000902428,0.2015999989453121,true
4,LDPC-BP,6,0,7.271500000570086,7.162499999746312,7.23050000033254,0.0,0.0,0.0,0.041000000237545464,true
4,LM-Top1,6,1,70.26049999967654,53.234300000137104,6.548500000462809,63.640500000474276,0.0,0.0,0.0714999987394549,true
4,BM-BP,6,1,73.52050000008603,65.68356666684849,6.950400000278023,63.79000000015367,0.8969999989858479,1.5223000000332831,0.36080000063520856,true
4,SF-BP,6,1,73.28219999999419,70.94023333350681,6.597200000214798,60.10009999954491,0.6197000002430286,5.783199999314093,0.18200000067736255,true
4,LDPC-BP,7,0,6.718999999975495,7.443266666390021,6.682100000034552,0.0,0.0,0.0,0.03689999994094251,true
4,LM-Top1,7,1,70.96879999971861,64.8181666668582,6.849200000033306,64.03649999992922,0.0,0.0,0.08309999975608662,true
4,BM-BP,7,1,80.65299999998388,72.89943333307747,6.734300000061921,71.74680000025546,0.617999999121821,1.3722000003326684,0.18170000021200394,true
4,SF-BP,7,1,82.13789999990695,73.98633333317169,7.116799999494106,69.36010000026727,0.5020000007789349,4.868299998634029,0.29070000073261326,true
4,LDPC-BP,8,0,8.808399999907124,8.18180000017795,8.739900000364287,0.0,0.0,0.0,0.06849999954283703,true
4,LM-Top1,8,1,68.85069999952975,65.5215000000074,7.024200000159908,61.73959999978251,0.0,0.0,0.08689999958733097,true
4,BM-BP,8,1,75.62080000025162,69.85486666659806,8.433099999820115,65.17950000034034,0.46010000005480833,1.3420999994195881,0.20600000061676838,true
4,SF-BP,8,1,63.092999999753374,72.58329999998143,7.049199999528355,50.849200000811834,0.4851000003327499,4.479199998968397,0.2303000001120381,true
4,LDPC-BP,9,0,7.354200000008859,7.33580000026753,7.317200000215962,0.0,0.0,0.0,0.03699999979289714,true
4,LM-Top1,9,1,57.19369999951596,68.5707333332175,6.609099999877799,50.497299999733514,0.0,0.0,0.08729999990464421,true
4,BM-BP,9,1,55.9346000000005,73.51726666668885,7.0759000000180095,46.70499999974709,0.6056000001990469,1.3536999986172304,0.19440000141912606,true
4,SF-BP,9,1,62.22760000036942,78.3350333334359,6.858900000224821,49.934399999983725,0.4773999999088119,4.7335999997812905,0.22330000047077192,true
4,LDPC-BP,10,0,6.749400000444439,7.69510000009177,6.722899999658694,0.0,0.0,0.0,0.026500000785745215,true
4,LM-Top1,10,1,58.14219999956549,61.04343333330083,7.008900000073481,51.04420000043319,0.0,0.0,0.08909999905881705,true
4,BM-BP,10,1,70.78000000001339,70.49143333339696,6.766599999536993,62.02289999964705,0.45450000015989644,1.3444999995044782,0.19150000116496813,true
4,SF-BP,10,1,72.08079999963957,74.17573333320131,6.781999999475374,60.26110000038898,0.47170000107144006,4.383999998026411,0.18200000067736255,true
4,LDPC-BP,11,0,6.863499999781197,7.036266666849163,6.825100000241946,0.0,0.0,0.0,0.03839999953925144,true
4,LM-Top1,11,1,60.9920000006241,63.43050000001919,6.640600000537233,54.26600000009785,0.0,0.0,0.08539999998902204,true
4,BM-BP,11,1,74.22939999923983,68.64976666626414,6.801900000027672,65.44399999984307,0.45649999901797855,1.3390999993134756,0.18790000103763305,true
4,SF-BP,11,1,73.07779999973718,76.94503333338314,6.897400000525522,60.76889999985724,0.5021999995733495,4.690200001277844,0.21909999850322492,true
4,LDPC-BP,12,0,6.651499999861699,7.911433332992601,6.627900000239606,0.0,0.0,0.0,0.023599999622092582,true
4,LM-Top1,12,1,65.3109000004406,63.68673333327024,7.030499999927997,58.16060000051948,0.0,0.0,0.11979999999311985,true
4,BM-BP,12,1,61.58659999982774,68.7099333332905,7.088000000294414,52.46779999924911,0.46269999984360766,1.375299999381241,0.1928000010593678,true
4,SF-BP,12,1,66.13779999952385,71.23749999967306,7.320200000322075,52.38569999983156,0.7386999986920273,5.50680000014836,0.1864000005298294,true
4,LDPC-BP,13,0,7.075800000166055,7.053066666837064,7.037200000013399,0.0,0.0,0.0,0.03860000015265541,true
4,LM-Top1,13,1,53.96099999961734,58.192833333426584,7.311700000173005,46.552900000278896,0.0,0.0,0.09639999916544184,true
4,BM-BP,13,1,58.67370000032679,65.53813333296905,6.871499999760999,49.498700000185636,0.4878000008829986,1.5753000006952789,0.2403999988018768,true
4,SF-BP,13,1,75.23049999963405,76.36103333334177,6.805699999858916,62.31130000014673,0.6586000008610426,5.119999998896674,0.33489999987068586,true
4,LDPC-BP,14,0,7.091700000273704,6.946366666852555,7.056600000396429,0.0,0.0,0.0,0.03509999987727497,true
4,LM-Top1,14,1,57.75100000028033,59.51686666624786,6.986000000324566,50.67979999967065,0.0,0.0,0.08520000028511276,true
4,BM-BP,14,1,63.066199999411765,75.6295000001046,7.262999999511521,53.77239999961603,0.4650999999284977,1.3744999996561091,0.19120000069960952,true
4,SF-BP,14,1,76.23169999988022,73.79150000027342,7.16160000047239,64.04889999976149,0.4709999993792735,4.366900000604801,0.1832999996622675,true
4,LDPC-BP,15,0,6.711400000313006,7.196066666438128,6.677399999716727,0.0,0.0,0.0,0.03400000059627928,true
4,LM-Top1,15,1,58.53400000069087,51.601899999999056,7.352099999479833,51.0906999998042,0.0,0.0,0.0912000014068326,true
4,BM-BP,15,1,65.62420000045677,66.8265333333693,6.780199999411707,56.598599999233556,0.6217000000106054,1.3933000000179163,0.23040000178298214,true
4,SF-BP,15,1,67.53560000015568,77.90943333323715,7.472700000107579,54.868899999746645,0.4786000008607516,4.498500000408967,0.21689999903173884,true
4,LDPC-BP,16,0,6.834399999206653,7.174833333010611,6.812800000261632,0.0,0.0,0.0,0.02159999894502107,true
4,LM-Top1,16,1,48.66470000069967,56.94920000011431,6.761800000276708,41.83560000001307,0.0,0.0,0.0673000004098867,true
4,BM-BP,16,1,70.64830000035727,72.33286666632921,6.783600000744627,62.00540000008914,0.30950000109442044,1.375999999254418,0.17379999917466193,true
4,SF-BP,16,1,71.54080000054819,75.41980000011488,6.93180000052962,61.01159999980155,0.3194999999323045,3.090300000621937,0.18759999966277974,true
4,LDPC-BP,17,0,8.990399999674992,7.71326666654204,8.939000000282249,0.0,0.0,0.0,0.05139999939274276,true
4,LM-Top1,17,1,53.21839999942313,62.39843333393461,8.89290000031906,44.218199999704666,0.0,0.0,0.10729999939940171,true
4,BM-BP,17,1,63.41989999964426,73.51329999983136,7.0408000001407345,54.340000000593136,0.4674000001614331,1.382900000862719,0.18879999788623536,true
4,SF-BP,17,1,75.23649999984627,74.04503333327739,7.248300000355812,62.816700000439596,0.4864999991696095,4.502200001297751,0.18279999858350493,true
4,LDPC-BP,18,0,6.801200000154495,7.342266666455544,6.776700000045821,0.0,0.0,0.0,0.024500000108673703,true
4,LM-Top1,18,1,55.66790000011679,56.27779999971002,7.095500000104948,48.48429999947257,0.0,0.0,0.0881000005392707,true
4,BM-BP,18,1,54.80139999963285,70.94060000054014,7.495200000448676,45.41389999940293,0.3125000002910383,1.362999998491432,0.2168000009987736,true
4,SF-BP,18,1,65.07010000041191,64.86133333328326,7.255299999997078,54.214699999647564,0.31830000079935417,3.069800000957912,0.2119999990100041,true
4,LDPC-BP,19,0,7.122299999537063,7.345799999711744,7.087699999829056,0.0,0.0,0.0,0.03459999970800709,true
4,LM-Top1,19,1,61.5088000004107,60.35093333321129,6.722699999954784,54.719200000363344,0.0,0.0,0.06690000009257346,true
4,BM-BP,19,1,72.08020000052784,69.62273333374469,6.819499999437539,63.239200000680285,0.4622999995262944,1.3744999996561091,0.1847000012276112,true
4,SF-BP,19,1,77.96480000070005,78.44469999993937,6.821900000431924,64.44379999993544,0.6869000008009607,5.82970000050409,0.18249999902764102,true
4,LDPC-BP,20,0,6.703099999867845,7.262933333246717,6.6684999992503435,0.0,0.0,0.0,0.03460000061750179,true
4,LM-Top1,20,1,65.48380000003817,55.431099999926424,6.999700000051234,58.39230000037787,0.0,0.0,0.09179999960906571,true
4,BM-BP,20,1,60.04709999979241,68.06373333347437,7.053000000269094,50.98019999968528,0.4546999998638057,1.3421000003290828,0.21709999964514282,true
4,SF-BP,20,1,60.69320000005973,62.7519333335537,6.6335999999864725,48.328699999729,0.5369999998947605,4.969300000084331,0.22460000036517158,true
4,LDPC-BP,21,0,7.018199999947683,7.270333333508461,6.970200000068871,0.0,0.0,0.0,0.04799999987881165,true
4,LM-Top1,21,1,48.73520000001008,67.42143333334145,7.064200000058918,41.56359999979031,0.0,0.0,0.10740000016085105,true
4,BM-BP,21,1,64.59559999984776,80.10779999979907,7.122600000002421,54.58040000030451,0.9461000008741394,1.738400000249385,0.20809999841731042,true
4,SF-BP,21,1,76.13409999976284,85.92716666650328,7.759099999930186,60.044200000447745,0.8278999985122937,7.294200000615092,0.20870000025752233,true
4,LDPC-BP,22,0,7.616099999722792,7.58623333331343,7.569299999886425,0.0,0.0,0.0,0.046799999836366624,true
4,LM-Top1,22,1,63.41089999932592,68.10476666669274,6.9602999992639525,56.35770000026241,0.0,0.0,0.0928999997995561,true
4,BM-BP,22,1,72.6582999996026,76.23806666651944,7.3376999998799874,63.309499999377294,0.45709999994869577,1.3573999976870255,0.19660000270960154,true
4,SF-BP,22,1,73.79639999999199,79.71833333310012,6.8085999992035795,63.41900000006717,0.31850000050326344,3.0721000011908473,0.1781999990271288,true
4,LDPC-BP,23,0,7.265199999892502,7.1854000001015566,7.226200000332028,0.0,0.0,0.0,0.03899999956047395,true
4,LM-Top1,23,1,71.25769999947806,67.12653333306662,6.69350000043778,64.49009999960253,0.0,0.0,0.07409999943774892,true
4,BM-BP,23,1,75.09600000048522,76.84070000019953,7.3618999995233025,65.7188999994105,0.45370000043476466,1.3384999983827583,0.22300000273389742,true
4,SF-BP,23,1,75.55080000020098,79.07546666653313,6.895900000017718,63.49739999950543,0.4776999994646758,4.48210000013205,0.19770000108110253,true
4,LDPC-BP,24,0,6.768900000679423,7.032600000457023,6.724999999278225,0.0,0.0,0.0,0.0439000014011981,true
4,LM-Top1,24,1,69.02470000022731,65.42690000029931,6.851199999800883,62.08280000009836,0.0,0.0,0.09070000032807002,true
4,BM-BP,24,1,82.8523000000132,69.55649999993814,7.632999999259482,72.24459999997634,0.717000001714041,1.8548000007285737,0.4028999983347603,true
4,SF-BP,24,1,84.18400000027759,83.2573999999416,8.193300000129966,67.44010000056733,0.8988000008685049,7.3918999996749335,0.2598999990368611,true
4,LDPC-BP,25,0,6.688899999971909,6.908566666425031,6.661600000370527,0.0,0.0,0.0,0.027299999601382297,true
4,LM-Top1,25,1,71.74299999951472,67.91336666659238,8.99790000039502,62.65910000001895,0.0,0.0,0.08599999910074985,true
4,BM-BP,25,1,79.07130000057805,72.03313333320693,6.770200000573823,70.16320000002452,0.6095000007917406,1.3428999982352252,0.185500000952743,true
4,SF-BP,25,1,81.02690000032453,78.15919999999703,7.025799999610172,68.59089999943535,0.5105999998704647,4.624600000170176,0.275000001238368,true
4,LDPC-BP,26,0,7.275800000570598,6.959599999997105,7.217600000331004,0.0,0.0,0.0,0.058200000239594374,true
4,LM-Top1,26,1,68.50129999929777,69.19429999955658,6.826199999522942,61.585399999785295,0.0,0.0,0.08969999998953426,true
4,BM-BP,26,1,72.2198000003118,78.50279999941752,7.144500000322296,63.083300000471354,0.4478999999264488,1.3429000000542146,0.20119999953749357,true
4,SF-BP,26,1,73.35020000027725,82.10299999973358,6.808199999795761,60.603400000218244,0.609400000939786,5.088099999738915,0.24109999958454864,true
4,LDPC-BP,27,0,6.807099999605271,7.202033333366368,6.78180000068096,0.0,0.0,0.0,0.025299998924310785,true
4,LM-Top1,27,1,71.20519999989483,70.06240000040027,6.895999999869673,64.21689999933733,0.0,0.0,0.09230000068782829,true
4,BM-BP,27,1,79.94230000076641,75.96093333298388,8.390400000280351,69.49629999962781,0.4935000006298651,1.3705999990634155,0.19150000116496813,true
4,SF-BP,27,1,81.58469999943918,80.33276666659124,6.761999999980617,69.37059999927442,0.5530999987968244,4.662999999709427,0.23600000167789403,true
4,LDPC-BP,28,0,6.898999999975786,7.730600000286358,6.853099999716505,0.0,0.0,0.0,0.045900000259280205,true
4,LM-Top1,28,1,66.91779999982828,64.05753333334967,8.266299999377225,58.56260000018665,0.0,0.0,0.08890000026440248,true
4,BM-BP,28,1,75.10869999987335,71.39886666633781,7.82710000021325,65.28619999971852,0.45540000064647757,1.3342000011107302,0.205799998184375,true
4,SF-BP,28,1,78.75239999975747,74.82576666673897,6.712599999445956,66.74870000006194,0.504200000250421,4.558500000712229,0.22839999928692123,true
4,LDPC-BP,29,0,8.76940000034665,7.781266666825104,8.729199999834236,0.0,0.0,0.0,0.04020000051241368,true
4,LM-Top1,29,1,65.9840999996959,61.948966666629225,6.705800000418094,59.19050000011339,0.0,0.0,0.08779999916441739,true
4,BM-BP,29,1,73.0174000000261,66.64593333334778,7.2237000003951835,63.957700000173645,0.30700000115757575,1.334800000222458,0.19419999807723798,true
4,SF-BP,29,1,72.22329999967769,71.03746666659087,7.349900000008347,61.27649999962159,0.3161999993608333,3.0667000009998446,0.21399999968707561,true
4,LDPC-BP,30,0,7.304300000214425,7.337633333312017,7.260499999574677,0.0,0.0,0.0,0.04380000063974876,true
4,LM-Top1,30,1,70.46200000058889,58.855566666655555,6.672000000435219,63.684400000056485,0.0,0.0,0.10560000009718351,true
4,BM-BP,30,1,76.58990000072663,63.349299999572395,7.39160000011907,67.04869999975926,0.4712999998446321,1.4251999991756747,0.2531000018279883,true
4,SF-BP,30,1,81.57219999975496,78.55256666637918,7.089599999744678,69.37709999965591,0.4746000004161033,4.408099998727266,0.22280000121099874,true
4,LDPC-BP,31,0,7.21129999965342,7.083400000434874,7.1637000000919215,0.0,0.0,0.0,0.04759999956149841,true
4,LM-Top1,31,1,64.56749999961175,60.11059999976472,6.596000000172353,57.88919999940845,0.0,0.0,0.08230000003095483,true
4,BM-BP,31,1,79.23549999941315,73.79753333346646,6.687299999612151,70.35799999994197,0.6050000010873191,1.3685000003533787,0.21669999841833487,true
4,SF-BP,31,1,79.96019999973214,78.4057999999277,7.2633999998288346,67.19539999994595,0.49389999912818894,4.773700001351244,0.23379999947792385,true
4,LDPC-BP,32,0,7.017400000222551,7.573933333029951,6.98149999971065,0.0,0.0,0.0,0.03590000051190145,true
4,LM-Top1,32,1,68.4492999998838,62.92583333318665,7.873699999436212,60.49259999963397,0.0,0.0,0.08300000081362668,true
4,BM-BP,32,1,77.72690000001603,74.7619000000365,7.441400000061549,68.16130000061094,0.47929999891493935,1.397099998939666,0.24780000148894032,true
4,SF-BP,32,1,80.84909999979573,77.97960000001088,6.87859999925422,68.75710000076651,0.4997000005459995,4.51830000110931,0.195399998119683,true
4,LDPC-BP,33,0,7.073699999637029,7.383433333113014,7.031000000097265,0.0,0.0,0.0,0.04269999953976367,true
4,LM-Top1,33,1,71.694799999932,58.23039999965355,7.344700000430748,64.26799999917421,0.0,0.0,0.08210000032704556,true
4,BM-BP,33,1,78.87290000053326,68.3203999997204,6.68130000030942,69.67250000070635,0.49620000027061906,1.7286999982388807,0.2942000010079937,true
4,SF-BP,33,1,85.42620000025636,69.2076666664434,7.012500000200816,72.26239999999962,0.6291999998211395,5.266900000606256,0.25519999962853035,true
4,LDPC-BP,34,0,6.777900000088266,7.21616666639117,6.754500000170083,0.0,0.0,0.0,0.023399999918183312,true
4,LM-Top1,34,1,67.8792999997313,64.01343333315405,7.1419000005334965,60.65349999971659,0.0,0.0,0.0838999994812184,true
4,BM-BP,34,1,77.30429999992339,73.33176666634245,6.725399999595538,68.26569999975618,0.711599999704049,1.3731999997617095,0.22840000110591063,true
4,SF-BP,34,1,83.5108000001128,77.38769999984167,7.514100000662438,70.67749999987427,0.4994000000806409,4.555299999992712,0.26449999950273195,true
4,LDPC-BP,35,0,6.858499999907508,7.098899999922044,6.813599999986764,0.0,0.0,0.0,0.04489999992074445,true
4,LM-Top1,35,1,71.03259999985312,62.592566666656545,6.934400000318419,64.0094999998837,0.0,0.0,0.0886999996509985,true
4,BM-BP,35,1,78.79190000039671,73.60163333335852,7.038099999590486,69.87739999931364,0.30620000052294927,1.3671000006070244,0.20310000036261044,true
4,SF-BP,35,1,82.21550000052957,76.24676666667558,7.0640000003550085,71.40939999953844,0.3240999985791859,3.2015999995564925,0.21640000250044977,true
4,LDPC-BP,36,0,7.109700000000885,7.0200666665793205,7.063800000651099,0.0,0.0,0.0,0.0458999993497855,true
4,LM-Top1,36,1,71.89480000033655,66.61153333364685,7.067499999720894,64.7359000004144,0.0,0.0,0.09140000020124717,true
4,BM-BP,36,1,72.71799999944051,73.33673333384165,7.046799999443465,63.271699999859266,0.7107000010364573,1.4481999996860395,0.24059999941528076,true
4,SF-BP,36,1,80.80909999989672,76.69776666625694,7.123699999283417,68.39620000027935,0.49059999946621247,4.543300000477757,0.2553000003899797,true
4,LDPC-BP,37,0,6.940600000234554,7.133099999919068,6.897899999785295,0.0,0.0,0.0,0.04270000044925837,true
4,LM-Top1,37,1,65.46759999946516,55.20880000009735,6.958899999517598,58.42130000019097,0.0,0.0,0.08739999975659885,true
4,BM-BP,37,1,79.86239999991085,62.405833333286864,7.228000000395696,69.64100000004692,0.5801999996037921,2.1449999994729296,0.26820000039151637,true
4,SF-BP,37,1,81.63629999944533,70.11626666644588,8.121599999867612,68.44900000032794,0.47810000069148373,4.384500000014668,0.20309999854362104,true
4,LDPC-BP,38,0,7.214000000203669,6.939166666597885,7.173400000283436,0.0,0.0,0.0,0.04059999992023222,true
4,LM-Top1,38,1,67.32220000048983,58.1229333332279,6.618700000217359,60.62259999998787,0.0,0.0,0.08090000028460054,true
4,BM-BP,38,1,72.11310000002413,68.38323333340668,7.1276999997280654,62.873799999579205,0.4543999993984471,1.358399998935056,0.29880000238335924,true
4,SF-BP,38,1,74.11550000051648,73.31726666628431,6.9241999999576365,61.66430000030232,0.5057999997006846,4.799400000592868,0.2217999999629683,true
4,LDPC-BP,39,0,6.785200000194891,7.358000000143268,6.750700000338838,0.0,0.0,0.0,0.034499999856052455,true
4,LM-Top1,39,1,67.4501000003147,62.502766666815056,7.378999999673397,59.97320000005857,0.0,0.0,0.09790000058274018,true
4,BM-BP,39,1,54.9804000002041,69.41846666692679,6.765399999494548,46.13640000025043,0.4552999989755335,1.4269999992393423,0.19630000224424293,true
4,SF-BP,39,1,62.39319999986037,73.25636666670714,6.622300000344694,50.22530000042025,0.5645999999615015,4.70469999982015,0.27629999931377824,true
4,LDPC-BP,40,0,6.601799999771174,7.227766666801472,6.5782000001490815,0.0,0.0,0.0,0.023599999622092582,true
4,LM-Top1,40,1,49.126500000056694,63.603133333344886,8.391999999730615,40.64880000078119,0.0,0.0,0.08569999954488594,true
4,BM-BP,40,1,62.0333999995637,73.41363333277211,7.067100000313076,52.92050000025483,0.4656000010072603,1.3793999996778439,0.20079999831068562,true
4,SF-BP,40,1,76.87050000004092,78.74029999978423,6.788400000004913,64.66760000057548,0.5173000017748564,4.687599999670056,0.20959999801561935,true
4,LDPC-BP,41,0,6.726499999786029,7.391966666546068,6.704800000079558,0.0,0.0,0.0,0.021699999706470408,true
4,LM-Top1,41,1,64.36240000039106,53.914199999780976,6.766900000002352,57.519500000125845,0.0,0.0,0.0760000002628658,true
4,BM-BP,41,1,69.94290000056935,65.76456666668189,7.130800000595627,60.80530000053841,0.42079999911948107,1.3750000007348717,0.21099999958096305,true
4,SF-BP,41,1,70.9460999996736,63.6992999998256,6.771499999558728,60.60170000000653,0.3206999999747495,3.0835000006845803,0.16869999944901792,true
4,LDPC-BP,42,0,6.805199999689648,7.6705000004343065,6.775500000003376,0.0,0.0,0.0,0.02969999968627235,true
4,LM-Top1,42,1,64.26509999982954,56.60613333354073,6.990199999563629,57.175699999788776,0.0,0.0,0.09920000047713984,true
4,BM-BP,42,1,50.59780000010505,72.20073333276862,6.966500000089582,41.514900000038324,0.46550000115530565,1.3847000000168919,0.26619999880495016,true
4,SF-BP,42,1,60.21299999974872,69.45106666626089,6.656800000200747,48.345700000027136,0.4926000010527787,4.5199000005595735,0.19799999790848233,true
4,LDPC-BP,43,0,7.076099999721919,7.031399999808248,7.031899999674351,0.0,0.0,0.0,0.0442000000475673,true
4,LM-Top1,43,1,66.22570000035921,61.8522666663921,7.518800000070769,58.62080000042624,0.0,0.0,0.08609999986219918,true
4,BM-BP,43,1,70.22710000001098,70.1249333336212,6.6861000004792,61.412600000039674,0.6050000010873191,1.352000000224507,0.17139999818027718,true
4,SF-BP,43,1,76.04319999973086,79.6530999996321,7.1041999999579275,62.1740000005957,0.6597999972655089,5.900000001020089,0.2052000008916366,true
4,LDPC-BP,44,0,6.861400000161666,7.299399999889526,6.8290999997771,0.0,0.0,0.0,0.032300000384566374,true
4,LM-Top1,44,1,70.21089999943797,58.06493333329854,8.228099999541882,61.860300000262214,0.0,0.0,0.12249999963387381,true
4,BM-BP,44,1,63.05979999979172,70.6491666663472,6.7323000002943445,54.354500000044936,0.45229999886942096,1.333600000180013,0.18710000040300656,true
4,SF-BP,44,1,50.75070000020787,74.89496666645816,6.967199999962759,38.51029999987077,0.48019999940152047,4.568700000163517,0.22430000080930768,true
4,LDPC-BP,45,0,8.7175999997271,7.754133333037316,8.687100000315695,0.0,0.0,0.0,0.030499999411404133,true
4,LM-Top1,45,1,45.89849999956641,53.59339999995427,8.329799999955867,37.482400000044436,0.0,0.0,0.08629999956610845,true
4,BM-BP,45,1,64.34799999988172,69.85903333346262,7.799799999702373,53.974899999957415,0.945100002354593,1.4154000000417,0.21279999782564119,true
4,SF-BP,45,1,78.8473000002341,68.56553333333675,8.39689999975235,61.76520000008168,0.8575000010750955,7.603899999594432,0.2237999997305451,true
4,LDPC-BP,46,0,6.7787999996653525,7.486566666860502,6.752700000106415,0.0,0.0,0.0,0.02609999955893727,true
4,LM-Top1,46,1,47.09090000051219,60.72666666659643,6.915699999808567,40.0896000001012,0.0,0.0,0.08560000060242601,true
4,BM-BP,46,1,62.94689999958791,70.3792000000855,7.131999999728578,53.758600000037404,0.4687999999077874,1.3765999983661459,0.21090000154799782,true
4,SF-BP,46,1,76.33020000048418,72.39566666642834,6.93909999972675,64.0464999996766,0.5750000000261934,4.559800000606629,0.20980000044801272,true
4,LDPC-BP,47,0,6.743600000845618,6.950266666535754,6.7192999995313585,0.0,0.0,0.0,0.024300001314259134,true
4,LM-Top1,47,1,66.4558999997098,64.12870000046193,7.503300000280433,58.861200000137615,0.0,0.0,0.09139999929175247,true
4,BM-BP,47,1,71.87389999944571,69.67293333339815,6.799900000260095,62.51250000059372,0.5894999994779937,1.7450999994252925,0.2268999996886123,true
4,SF-BP,47,1,78.0944999996791,74.66656666686806,9.2108000008011,65.26669999948354,0.3150999991703429,3.0687999997098814,0.2331000005142414,true
4,LDPC-BP,48,0,6.8349000002854154,7.168833333404716,6.810399999267247,0.0,0.0,0.0,0.024500001018168405,true
4,LM-Top1,48,1,71.01710000006278,62.47366666684684,7.208699999864621,63.69859999995242,0.0,0.0,0.1098000002457411,true
4,BM-BP,48,1,77.55269999961456,61.57030000031227,7.050299999718845,68.35360000059154,0.5962000013823854,1.3564999990194337,0.19609999890235486,true
4,SF-BP,48,1,78.1514000000243,72.3024666664666,6.957600000532693,66.04569999944943,0.47530000119877513,4.462999999304884,0.20979999953851802,true
4,LDPC-BP,49,0,6.848199999694771,6.933300000127929,6.820900000093388,0.0,0.0,0.0,0.027299999601382297,true
4,LM-Top1,49,1,69.09140000061598,58.50296666661355,6.875099999888334,62.136000000464264,0.0,0.0,0.08030000026337802,true
4,BM-BP,49,1,81.82690000012371,65.46053333325592,6.607100000110222,72.70000000062282,0.5671999988408061,1.683400000729307,0.2691999998205574,true
4,SF-BP,49,1,83.57929999965563,72.56146666683587,8.07520000034856,69.63619999987714,0.48910000077739824,5.1213000015195576,0.25749999713298166,true
4,LDPC-BP,50,0,7.298999999875377,7.254300000264872,7.260700000188081,0.0,0.0,0.0,0.038299999687296804,true
4,LM-Top1,50,1,68.19810000069992,57.57380000037907,6.709999999657157,61.41549999938434,0.0,0.0,0.07260000165842939,true
4,BM-BP,50,1,75.4172999995717,75.5591000000398,6.80720000036672,66.45530000059807,0.62189999880502,1.351000000795466,0.1818999990064185,true
4,SF-BP,50,1,80.35339999969437,76.50620000003983,6.88350000018545,66.70069999927364,0.645700000859506,5.912600000556267,0.2108999988195137,true
4,LDPC-BP,51,0,7.441699999617413,7.51493333276206,7.385199999589531,0.0,0.0,0.0,0.05650000002788147,true
4,LM-Top1,51,1,72.18790000024455,66.52106666660984,6.722500000250875,65.39010000051348,0.0,0.0,0.07529999948019395,true
4,BM-BP,51,1,78.02919999994629,72.16096666646384,7.052699999803735,69.06940000044415,0.3131000003122608,1.378300001306343,0.21569999807979912,true
4,SF-BP,51,1,82.00380000016594,74.68526666646842,6.803600000239385,71.61569999971107,0.3268000000389293,3.0733000012332923,0.1843999989432632,true
4,LDPC-BP,52,0,7.152400000450143,6.891399999706967,7.110999999895284,0.0,0.0,0.0,0.04140000055485871,true
4,LM-Top1,52,1,64.16239999998652,60.32656666684488,6.66929999988497,57.426399999712885,0.0,0.0,0.0667000003886642,true
4,BM-BP,52,1,76.19750000048953,68.79336666649276,6.953600000088045,66.48070000028383,0.6577000003744615,1.83759999981703,0.26789999992615776,true
4,SF-BP,52,1,75.34240000040882,71.93310000002384,7.039199999780976,61.84469999971043,0.5536000007850816,5.67970000065543,0.2251999994768994,true
4,LDPC-BP,53,0,6.933200000275974,7.350700000036643,6.9021999997858074,0.0,0.0,0.0,0.031000000490166713,true
4,LM-Top1,53,1,59.14889999985462,65.27929999992921,6.989499999690452,52.081599999837636,0.0,0.0,0.07780000032653334,true
4,BM-BP,53,1,68.09629999952449,73.83533333328766,7.476400000086869,58.73700000029203,0.31709999984741444,1.3748999999734224,0.1908999993247562,true
4,SF-BP,53,1,74.83219999994617,73.7237000003006,7.09999999980937,64.01000000005297,0.3236999991713674,3.1816999999136897,0.2168000009987736,true
4,LDPC-BP,54,0,7.900500000687316,7.163166666335504,7.6251000000411295,0.0,0.0,0.0,0.2754000006461865,true
4,LM-Top1,54,1,68.15550000010262,65.65316666668271,6.978000000344764,61.086799999429786,0.0,0.0,0.09070000032807002,true
4,BM-BP,54,1,54.01320000055421,69.33366666665582,6.8215999999665655,45.18580000058137,0.45700000009674113,1.3654000013048062,0.18339999860472744,true
4,SF-BP,54,1,50.63109999991866,76.20589999987715,7.035900000119,38.32109999984823,0.4818999987037387,4.581799999868963,0.21040000137872994,true
4,LDPC-BP,55,0,7.147499999518914,7.334033333487848,7.105800000317686,0.0,0.0,0.0,0.04169999920122791,true
4,LM-Top1,55,1,45.93719999957102,64.98243333347394,6.834199999502744,39.0229000004183,0.0,0.0,0.08009999964997405,true
4,BM-BP,55,1,75.09309999932157,77.16316666634764,6.744199999957345,66.3767000005464,0.4504999988057534,1.3364000005822163,0.18529999942984432,true
4,SF-BP,55,1,78.38050000009389,80.03156666685148,7.33349999973143,65.99069999992935,0.47109999923122814,4.382000000987318,0.20320000021456508,true
4,LDPC-BP,56,0,6.811100000049919,7.201866666946444,6.7763999995804625,0.0,0.0,0.0,0.03470000046945643,true
4,LM-Top1,56,1,56.368900000052236,68.66026666709028,7.44600000052742,48.84459999993851,0.0,0.0,0.07829999958630651,true
4,BM-BP,56,1,69.76079999913054,76.41573333360914,6.765099999938684,60.981799999353825,0.4658999996536295,1.3770999994449085,0.1709000007394934,true
4,SF-BP,56,1,78.72630000019853,76.38716666679102,6.964600000173959,65.96400000034919,0.5338999990271986,5.0494000006438,0.21440000000438886,true
4,LDPC-BP,57,0,7.501899999624584,7.124933333519341,7.463699999789242,0.0,0.0,0.0,0.03819999983534217,true
4,LM-Top1,57,1,70.36349999998492,64.56493333371327,8.616000000074564,61.672400000134076,0.0,0.0,0.07509999977628468,true
4,BM-BP,57,1,68.08360000013636,71.88710000021577,8.038500000111526,57.985599999483384,0.46300000121846097,1.3806999995722435,0.21579999975074315,true
4,SF-BP,57,1,50.954100000126346,77.04453333341614,7.1366000001944485,38.688599999659345,0.4775000006702612,4.473799999686889,0.17759999991540099,true
4,LDPC-BP,58,0,7.491299999855983,7.141766666791227,7.460299999365816,0.0,0.0,0.0,0.031000000490166713,true
4,LM-Top1,58,1,45.81959999995888,66.70969999989514,6.598500000109198,39.15139999935491,0.0,0.0,0.06970000049477676,true
4,BM-BP,58,1,63.36780000037834,68.8266333336287,6.605900000067777,54.62160000024596,0.52130000131001,1.4174000007187715,0.2015999980358174,true
4,SF-BP,58,1,72.62560000071971,62.17293333338603,6.88570000056643,59.3140000000858,0.5820999986099196,5.623300000479503,0.22050000097806333,true
4,LDPC-BP,59,0,6.639799999902607,7.1185666662737885,6.615500000407337,0.0,0.0,0.0,0.02429999949526973,true
4,LM-Top1,59,1,62.68499999987398,57.661433333426736,6.737100000464125,55.82380000032572,0.0,0.0,0.12409999908413738,true
4,BM-BP,59,1,75.11939999949391,59.49099999997998,7.401700000627898,65.49979999999778,0.4806000006283284,1.5187999997579027,0.2184999984820024,true
4,SF-BP,59,1,75.71390000066458,71.45049999962794,6.746199999724922,63.177099999848,0.4942999994455022,5.068600000413426,0.22770000123273348,true
4,LDPC-BP,60,0,8.79739999982121,7.198399999955048,8.76680000055785,0.0,0.0,0.0,0.030599999263358768,true
4,LM-Top1,60,1,48.012000000198896,62.195466666707944,7.44840000061231,40.43739999997342,0.0,0.0,0.12619999961316353,true
4,BM-BP,60,1,54.877399999895715,69.6035333336719,8.330899999236863,44.535199999700126,0.45309999859455274,1.3628999995489721,0.19530000281520188,true
4,SF-BP,60,1,71.15710000016406,79.18876666644792,6.936300000234041,59.06480000066949,0.48100000003614696,4.478900000322028,0.19609999890235486,true
4,LDPC-BP,61,0,8.380400000532973,7.354233333292844,8.342099999936181,0.0,0.0,0.0,0.038300000596791506,true
4,LM-Top1,61,1,64.0123000002859,59.414133333120844,6.966299999476178,56.96200000056706,0.0,0.0,0.08400000024266774,true
4,BM-BP,61,1,71.26429999971151,68.63816666676333,6.984299999203358,62.22760000036942,0.4648000003726338,1.3819999994666432,0.20560000029945513,true
4,SF-BP,61,1,70.85640000059357,71.3742666669835,6.759699999747681,58.88820000018313,0.48719999904278666,4.519000000982487,0.20230000063747866,true
4,LDPC-BP,62,0,7.045300000754651,7.254466666987962,7.012600000052771,0.0,0.0,0.0,0.03270000070187962,true
4,LM-Top1,62,1,59.03550000039104,61.024966666688364,6.870400000480004,52.08019999918179,0.0,0.0,0.08490000072924886,true
4,BM-BP,62,1,56.9617000001017,73.42576666663565,7.888199999797507,46.854199999870616,0.6197999991854886,1.3807999985147035,0.2187000027333852,true
4,SF-BP,62,1,62.638200000037614,76.79986666668508,7.022199999482837,48.64460000044346,0.7024999986242619,6.039900001269416,0.22900000021763844,true
4,LDPC-BP,63,0,6.9929000001138775,7.486866667022696,6.949100000383623,0.0,0.0,0.0,0.04379999973025406,true
4,LM-Top1,63,1,53.153500000007625,56.82556666609647,6.8566999998438405,46.20710000017425,0.0,0.0,0.08969999998953426,true
4,BM-BP,63,1,70.00560000051337,72.3555333333934,7.04550000045856,60.666200000014214,0.7556999989901669,1.3477999991664547,0.19040000188397244,true
4,SF-BP,63,1,79.08229999975447,73.5298666665282,6.833100000221748,66.20320000001811,0.5460000002130982,5.139199999575794,0.36079999972571386,true
4,LDPC-BP,64,0,7.064200000058918,7.315833333450428,7.022800000413554,0.0,0.0,0.0,0.041399999645364005,true
4,LM-Top1,64,1,63.802700000451296,59.85436666651367,6.9328999998106156,56.78239999997459,0.0,0.0,0.08740000066609355,true
4,BM-BP,64,1,71.40630000048986,75.18060000044595,7.286000000021886,61.76880000020901,0.7686999988436582,1.3608999997813953,0.22190000163391232,true
4,SF-BP,64,1,78.86130000042613,81.48190000004736,6.603099999665574,65.70759999976872,0.6217999989530654,5.744600001889921,0.18420000014884863,true
4,LDPC-BP,65,0,7.658100000298873,7.532233333525558,7.613599999785947,0.0,0.0,0.0,0.04450000051292591,true
4,LM-Top1,65,1,74.2588999992222,61.36856666641203,8.428400000411784,65.72690000029979,0.0,0.0,0.1035999985106173,true
4,BM-BP,65,1,77.73489999999583,69.53729999986535,6.880799999635201,68.95280000026105,0.3089000010731979,1.3834999999744468,0.2088999990519369,true
4,SF-BP,65,1,80.42810000006284,77.20983333335123,6.985300000451389,69.67160000021977,0.33059999896067893,3.172999999151216,0.26760000127978856,true
4,LDPC-BP,66,0,6.843400000434485,7.230666666752465,6.798200000048382,0.0,0.0,0.0,0.045200000386103056,true
4,LM-Top1,66,1,69.46730000072421,65.28863333339056,6.559999999808497,62.832800000251154,0.0,0.0,0.07450000066455686,true
4,BM-BP,66,1,77.67899999998917,69.65646666685643,6.93180000052962,68.87139999980718,0.3101999991486082,1.3742000001002452,0.1914000004035188,true
4,SF-BP,66,1,81.64620000025025,69.2151000002923,6.807100000514765,71.34250000035536,0.31409999974130187,3.0059000000619562,0.17659999957686523,true
4,LDPC-BP,67,0,9.655699999711942,7.446599999942312,9.610000000066066,0.0,0.0,0.0,0.04569999964587623,true
4,LM-Top1,67,1,66.30659999973432,68.20193333381515,6.906899999194138,59.30869999974675,0.0,0.0,0.09100000079342863,true
4,BM-BP,67,1,77.8569999993124,77.70886666700487,8.434500000475964,66.28579999960493,0.7472999996025464,2.131000001099892,0.2583999985290575,true
4,SF-BP,67,1,79.05630000004749,79.92986666704383,6.722900000568188,67.51390000044921,0.3454999996392871,4.094000000804954,0.3799999985858449,true
4,LDPC-BP,68,0,7.3531999996703235,7.445000000188884,7.290200000170444,0.0,0.0,0.0,0.06299999949987978,true
4,LM-Top1,68,1,70.58899999992718,62.071499999547086,8.62180000058288,61.875700000200595,0.0,0.0,0.0914999991437071,true
4,BM-BP,68,1,79.59370000025956,70.3603000001749,6.8412000000535045,69.6142000006148,0.7073999995554914,2.1655000000464497,0.2653999999893131,true
4,SF-BP,68,1,82.12039999943954,74.45380000020425,6.84700000056182,70.22039999992558,0.4718999980468652,4.392599999846425,0.18850000105885556,true
4,LDPC-BP,69,0,7.8443000002152985,7.018666666832966,7.793199999468925,0.0,0.0,0.0,0.05110000074637355,true
4,LM-Top1,69,1,73.02960000015446,66.6349333338682,8.705700000064098,64.22350000048027,0.0,0.0,0.10039999961009016,true
4,BM-BP,69,1,71.11799999984214,77.68253333385171,8.719700000256125,60.22159999974974,0.5485999981829082,1.3963999999759835,0.2317000016773818,true
4,SF-BP,69,1,69.04969999959576,78.32086666652079,6.623999999646912,56.014300000242656,0.49450000005890615,5.617099999653874,0.2997999999934109,true
4,LDPC-BP,70,0,8.081699999820557,7.2844333335524425,8.000599999832048,0.0,0.0,0.0,0.08109999998850981,true
4,LM-Top1,70,1,72.62269999955606,58.620666666683974,6.55559999995603,65.98720000056346,0.0,0.0,0.07989999903657008,true
4,BM-BP,70,1,75.96250000005966,66.59133333323553,7.231199999296223,66.79910000002565,0.3077000010307529,1.3810000000376021,0.2434999996694387,true
4,SF-BP,70,1,83.62459999989369,74.26396666687651,8.7561000000278,71.36919999993552,0.31859999853622867,2.9959999983475427,0.1847000030466006,true
4,LDPC-BP,71,0,7.000499999776366,7.427000000158539,6.947099999706552,0.0,0.0,0.0,0.05340000006981427,true
4,LM-Top1,71,1,65.87450000006356,59.587366666770926,6.943800000044575,58.81790000057663,0.0,0.0,0.11279999944235897,true
4,BM-BP,71,1,76.28219999969588,69.74696666687426,6.815400000050431,67.48979999974836,0.44919999891135376,1.348000001598848,0.17979999938688707,true
4,SF-BP,71,1,78.07690000026923,65.4393333331124,7.900399999925867,64.65070000012929,0.6229999999050051,4.687999999987369,0.2148000003217021,true
4,LDPC-BP,72,0,6.673300000329618,7.519466666659961,6.6466999996919185,0.0,0.0,0.0,0.02660000063769985,true
4,LM-Top1,72,1,70.84209999993618,60.720299999957206,6.942200000594312,63.80470000021887,0.0,0.0,0.09519999912299681,true
4,BM-BP,72,1,81.61420000033104,70.838899999823,7.838300000003073,71.44599999992352,0.5044999998062849,1.5606999995725346,0.2647000010256306,true
4,SF-BP,72,1,78.1858000000284,77.78046666680893,6.653899999946589,65.74940000064089,0.6478999994214973,4.9114000003100955,0.22319999970932258,true
4,LDPC-BP,73,0,6.696100000226579,7.039533333227155,6.669700000202283,0.0,0.0,0.0,0.026400000024295878,true
4,LM-Top1,73,1,67.8384000002552,67.5250333333679,7.607999999891035,60.028300000340096,0.0,0.0,0.2021000000240747,true
4,BM-BP,73,1,74.35050000003685,69.87616666719987,8.543699999790988,63.737599999512895,0.48469999819644727,1.3533000010284013,0.23120000150811393,true
4,SF-BP,73,1,75.20539999950415,70.25889999992312,6.5844999999171705,62.348699999347446,0.7316999990507611,5.3232999989631935,0.21720000222558156,true
4,LDPC-BP,74,0,7.04900000073394,8.00726666693663,7.008200000200304,0.0,0.0,0.0,0.040800000533636194,true
4,LM-Top1,74,1,75.93069999984436,58.04886666677097,7.062499999847205,68.77600000007078,0.0,0.0,0.09219999992637895,true
4,BM-BP,74,1,80.94319999963773,70.80723333334997,6.6907000000355765,72.38669999969716,0.30470000001514563,1.3810999998895568,0.18000000000029104,true
4,SF-BP,74,1,79.94300000063959,66.05433333334076,6.606699999792909,69.7137000006478,0.31259999923349824,3.121599999758473,0.18840000120690092,true
4,LDPC-BP,75,0,7.0490999996764,7.3463333331649965,7.010100000115926,0.0,0.0,0.0,0.03899999956047395,true
4,LM-Top1,75,1,70.35379999979341,48.34133333345866,6.836599999587634,63.36559999999736,0.0,0.0,0.15160000020841835,true
4,BM-BP,75,1,80.09600000059436,71.20073333377756,7.678199999645585,70.3931999996712,0.4550000003291643,1.3461999988066964,0.22340000214171596,true
4,SF-BP,75,1,80.05570000022999,73.93979999991036,6.975299999794515,68.02069999957894,0.4668000001402106,4.4021000003340305,0.19080000038229628,true
4,LDPC-BP,76,0,6.857000000309199,7.1808666671131505,6.816099999923608,0.0,0.0,0.0,0.04090000038559083,true
4,LM-Top1,76,1,68.19890000042506,63.39830000039607,6.548700000166718,61.519099999713944,0.0,0.0,0.13110000054439297,true
4,BM-BP,76,1,80.52700000007462,71.97766666680157,9.135700000115321,68.85179999972024,0.5590000000665896,1.75530000069557,0.2251999994768994,true
4,SF-BP,76,1,85.42820000002393,73.91023333336004,8.206600000448816,70.99930000003951,0.6715999998050393,5.275100000289967,0.2755999994406011,true
4,LDPC-BP,77,0,6.993900000452413,7.073833333379298,6.942199999684817,0.0,0.0,0.0,0.051700000767596066,true
4,LM-Top1,77,1,68.4542999997575,64.85370000003361,7.097100000464707,61.257299999851966,0.0,0.0,0.09989999944082228,true
4,BM-BP,77,1,75.64669999919715,76.81953333333998,6.7361999999775435,66.9129999996585,0.3119999992122757,1.4262999993661651,0.2592000009826734,true
4,SF-BP,77,1,76.8954000004669,73.77676666662107,6.666700000096171,66.01440000031289,0.32029999874794157,3.68369999978313,0.2103000015267753,true
4,LDPC-BP,78,0,8.289899999908812,7.354266666576829,8.23949999994511,0.0,0.0,0.0,0.0503999999637017,true
4,LM-Top1,78,1,66.95909999962169,61.85256666625113,8.51039999997738,58.36249999993015,0.0,0.0,0.08619999971415382,true
4,BM-BP,78,1,76.88260000031732,67.92390000039934,7.043800000246847,67.84520000019256,0.45079999927111203,1.3451000004351954,0.19770000017160783,true
4,SF-BP,78,1,83.0428999997821,80.84726666675124,6.984800000282121,70.88060000023688,0.5057999997006846,4.428699999152741,0.24300000040966552,true
4,LDPC-BP,79,0,6.626700000197161,7.030366666185728,6.605000000490691,0.0,0.0,0.0,0.021699999706470408,true
4,LM-Top1,79,1,67.73859999975684,60.48146666671528,7.005899999967369,60.63339999946038,0.0,0.0,0.09930000032909447,true
4,BM-BP,79,1,73.80209999973886,69.88640000023831,7.528199999796925,64.24220000008063,0.4533000001174514,1.3402999993559206,0.23810000038793078,true
4,SF-BP,79,1,75.73820000015985,75.95286666704244,6.933300000127929,63.60869999934948,0.4990999987057876,4.469700000299781,0.22740000167686958,true
4,LDPC-BP,80,0,6.895000000440632,7.156799999999445,6.850300000223797,0.0,0.0,0.0,0.04470000021683518,true
4,LM-Top1,80,1,73.31119999980729,58.02136666685934,7.130999999390042,66.0872999997082,0.0,0.0,0.0929000007090508,true
4,BM-BP,80,1,77.43830000072194,74.61556666688314,6.678099999589904,68.65749999997206,0.3828999997494975,1.404799999363604,0.3150000020468724,true
4,SF-BP,80,1,78.22669999950449,75.7394666664671,6.756100000529841,67.61079999978392,0.37339999835239723,3.2734999995227554,0.21290000131557463,true
4,LDPC-BP,81,0,7.89230000009411,7.599833333491309,7.845800000723102,0.0,0.0,0.0,0.046499999371008016,true
4,LM-Top1,81,1,69.10010000046896,65.70393333337658,10.391799999524665,58.622400000786,0.0,0.0,0.08590000015828991,true
4,BM-BP,81,1,77.11509999990085,64.19339999987035,6.988199999796052,67.7099000004091,0.6548000010297983,1.5398999994431506,0.22229999922274146,true
4,SF-BP,81,1,75.85549999930663,71.06439999976526,6.863999999950465,63.607000000047265,0.5285999995976454,4.534499999863328,0.32139999984792667,true
4,LDPC-BP,82,0,8.876299999428738,7.276866666567609,8.816999999908148,0.0,0.0,0.0,0.05929999952059006,true
4,LM-Top1,82,1,70.44439999936003,55.63876666656142,7.937600000332168,62.41790000058245,0.0,0.0,0.08889999844541308,true
4,BM-BP,82,1,76.33619999978691,66.14556666651576,8.016000000679924,66.311599999608,0.4509999989750213,1.3499999995474354,0.20760000097652664,true
4,SF-BP,82,1,76.73049999993964,68.99023333335208,7.101399999555724,64.55959999948391,0.47310000081779435,4.3955999999525375,0.20080000012967503,true
4,LDPC-BP,83,0,7.155100000090897,7.294766666442835,7.082799999807321,0.0,0.0,0.0,0.07230000028357608,true
4,LM-Top1,83,1,71.61300000007031,64.07790000018092,6.9771999997101375,64.54429999939748,0.0,0.0,0.0915000009626965,true
4,BM-BP,83,1,82.59330000055343,74.1125000001072,8.47680000060791,71.14739999997255,0.5386000011640135,2.157699999770557,0.2727999990383978,true
4,SF-BP,83,1,79.89189999989321,73.38076666686295,7.307800000489806,66.58010000046488,0.5327000017132377,5.217199999606237,0.25409999761905055,true
4,LDPC-BP,84,0,8.880000000317523,7.582500000050156,8.83239999984653,0.0,0.0,0.0,0.04760000047099311,true
4,LM-Top1,84,1,68.58779999947728,62.83406666686157,6.899800000610412,61.61269999938668,0.0,0.0,0.07529999948019395,true
4,BM-BP,84,1,76.82659999954922,71.1748333333162,8.14619999982824,66.19310000041878,0.47390000054292614,1.7710999991322751,0.24229999962699367,true
4,SF-BP,84,1,72.48559999970894,73.38900000013382,7.054699999571312,60.07250000038766,0.47820000054343836,4.61150000046473,0.26869999874179484,true
4,LDPC-BP,85,0,7.117300000572868,7.272833333142141,7.0652000003974536,0.0,0.0,0.0,0.05210000017541461,true
4,LM-Top1,85,1,72.34179999977641,63.99723333288421,6.578100000297127,65.69760000002134,0.0,0.0,0.06609999945794698,true
4,BM-BP,85,1,80.24829999976646,70.53493333296501,8.641999999781547,69.45069999983389,0.6083000016587903,1.3461999988066964,0.20109999968553893,true
4,SF-BP,85,1,69.10140000036336,73.91513333338177,6.699300000036601,53.43600000014703,0.6947000001673587,8.085299999038398,0.1861000009739655,true
4,LDPC-BP,86,0,7.921600000372564,6.873133333404742,7.848899999771675,0.0,0.0,0.0,0.07270000060088933,true
4,LM-Top1,86,1,73.8733999996839,59.11773333355086,6.990799999584851,66.78269999974873,0.0,0.0,0.09990000035031699,true
4,BM-BP,86,1,80.95119999961753,76.86646666661545,7.171899999775633,71.5450999996392,0.454899999567715,1.451199999792152,0.32810000084282365,true
4,SF-BP,86,1,81.53440000023693,75.36136666658422,6.856500000139931,69.61769999998069,0.4774999997607665,4.385099999126396,0.1976000012291479,true
4,LDPC-BP,87,0,6.959599999390775,7.053166666992183,6.91240000014659,0.0,0.0,0.0,0.047199999244185165,true
4,LM-Top1,87,1,66.8785999996544,64.64323333329958,6.518299999697774,60.28249999963009,0.0,0.0,0.07780000032653334,true
4,BM-BP,87,1,80.18279999942024,69.65716666672961,8.696799999597715,69.08590000057302,0.6658000002062181,1.4949000005799462,0.23939999846334103,true
4,SF-BP,87,1,78.9786000004824,76.3053000000582,6.797699999879114,64.25490000037826,0.6806999999753316,6.88099999933911,0.364300000910589,true
4,LDPC-BP,88,0,8.372100000087812,7.1494333333248505,8.308499999657215,0.0,0.0,0.0,0.06360000043059699,true
4,LM-Top1,88,1,72.34609999977692,53.9290000000013,8.761899999626621,63.49240000054124,0.0,0.0,0.09179999960906571,true
4,BM-BP,88,1,78.80350000050385,72.58743333325886,6.789500000195403,69.83859999945707,0.49990000024990877,1.3973000004625646,0.2782000001388951,true
4,SF-BP,88,1,83.66190000015195,78.65110000026714,6.832100000792707,71.64009999996779,0.5248000006758957,4.477599999518134,0.18729999919742113,true
4,LDPC-BP,89,0,7.200900000498223,7.022300000244286,7.165699999859498,0.0,0.0,0.0,0.035200000638724305,true
4,LM-Top1,89,1,69.17330000032962,61.27089999972668,6.793999999899825,62.286800000038056,0.0,0.0,0.09250000039173756,true
4,BM-BP,89,1,77.68690000011702,72.64619999993253,6.671000000096683,67.82360000033805,0.8718999997654464,2.0518000001175096,0.2685999997993349,true
4,SF-BP,89,1,83.76360000056593,77.45200000014545,6.706099999973958,71.70160000077885,0.49220000073546544,4.592600000250968,0.2710999988266849,true
4,LDPC-BP,90,0,8.12820000010106,7.388766667039211,8.080700000391516,0.0,0.0,0.0,0.04749999970954377,true
4,LM-Top1,90,1,61.101300000700576,60.91026666702722,8.075400000052468,52.929699999367585,0.0,0.0,0.09620000128052197,true
4,BM-BP,90,1,78.1501000001299,63.607266666925476,8.095500000308675,67.66700000025594,0.4890000009254436,1.6911999991862103,0.20739999945362797,true
4,SF-BP,90,1,74.38880000063364,69.90363333352434,6.880300000375428,62.4617000003127,0.4750000007334165,4.379900000458292,0.19189999875379726,true
4,LDPC-BP,91,0,8.62429999961023,7.16160000047239,8.579500000450935,0.0,0.0,0.0,0.04479999915929511,true
4,LM-Top1,91,1,60.6471999999485,53.84493333319066,8.044799999879615,52.50579999938054,0.0,0.0,0.09660000068834051,true
4,BM-BP,91,1,66.23620000027586,70.29096666671346,7.059099999423779,57.32579999948939,0.3054999997402774,1.3414999993983656,0.20430000222404487,true
4,SF-BP,91,1,74.01229999959469,72.79380000030262,6.8099999998594285,63.57769999976881,0.3160999995088787,3.0569000000468805,0.25160000041069,true
4,LDPC-BP,92,0,6.968699999561068,7.345266666864821,6.923200000528595,0.0,0.0,0.0,0.04549999903247226,true
4,LM-Top1,92,1,62.70760000006703,62.11526666690285,6.6401000003679655,55.97279999983584,0.0,0.0,0.09469999986322364,true
4,BM-BP,92,1,47.66010000003007,74.32000000062544,7.332799999858253,37.51250000004802,0.7402999999612803,1.8343000001550536,0.24020000000746222,true
4,SF-BP,92,1,63.15679999988788,79.96999999977561,8.363300000382878,45.63880000023346,0.9911999995892984,7.943199999317585,0.22030000036465935,true
4,LDPC-BP,93,0,7.616900000357418,7.211166666517481,7.58270000005723,0.0,0.0,0.0,0.03420000030018855,true
4,LM-Top1,93,1,63.899799999489915,62.527366666775684,7.060900000396941,56.7455999998856,0.0,0.0,0.09329999920737464,true
4,BM-BP,93,1,76.57129999915924,71.45059999978305,6.977000000006228,66.65240000074846,0.6580000008398201,2.053399999567773,0.23049999799695797,true
4,SF-BP,93,1,74.93029999932332,71.45119999980427,8.992699999907927,60.68429999959335,0.4853999998886138,4.477399999814224,0.2905000001192093,true
4,LDPC-BP,94,0,6.852699999399192,7.726600000144875,6.810000000768923,0.0,0.0,0.0,0.042699998630268965,true
4,LM-Top1,94,1,72.33120000000781,66.01120000019971,8.394099999350146,63.8398999999481,0.0,0.0,0.09720000070956303,true
4,BM-BP,94,1,74.25429999966582,74.19096666702292,7.059900000058406,65.19520000074408,0.4548999986582203,1.3393000008363742,0.20499999936873792,true
4,SF-BP,94,1,69.41939999978786,81.1372000001332,6.938900000022841,56.19010000009439,0.4954000005454873,5.554000001211534,0.2409999979136046,true
4,LDPC-BP,95,0,7.720900000094844,7.183800000348128,7.665099999940139,0.0,0.0,0.0,0.05580000015470432,true
4,LM-Top1,95,1,72.31950000004872,62.4531333332925,6.769100000383332,65.47019999925396,0.0,0.0,0.08020000041142339,true
4,BM-BP,95,1,78.23820000066917,75.64576666633609,7.7729999993607635,68.5524999998961,0.30920000062906183,1.374900000882917,0.2285999999003252,true
4,SF-BP,95,1,79.79160000013508,75.10039999973135,7.245599999805563,69.01130000005651,0.31320000107371015,3.003300000273157,0.2181999989261385,true
4,LDPC-BP,96,0,8.261299999503535,7.303466666295814,8.215600000767154,0.0,0.0,0.0,0.04569999873638153,true
4,LM-Top1,96,1,67.93469999956869,62.08376666715291,6.696899999951711,61.14789999992354,0.0,0.0,0.08989999969344353,true
4,BM-BP,96,1,82.32200000020384,71.30019999992025,6.720299999869894,73.77460000043357,0.3063000003749039,1.3390000003710156,0.18179999915446388,true
4,SF-BP,96,1,76.52890000008483,68.0322333331181,6.56769999932294,66.27939999998489,0.33069999972212827,3.1416999991051853,0.20940000194968889,true
4,LDPC-BP,97,0,6.90649999978632,7.470999999592702,6.853599999885773,0.0,0.0,0.0,0.05289999990054639,true
4,LM-Top1,97,1,63.276500000029046,61.92313333334217,6.74799999978859,56.442799999786075,0.0,0.0,0.08570000045438064,true
4,BM-BP,97,1,74.7641999996631,73.34596666654154,8.71740000002319,63.65609999920707,0.657100000353239,1.5134000004763948,0.22019999960321002,true
4,SF-BP,97,1,78.77820000067004,78.7523333331895,7.041599999865866,65.15459999991435,0.6263999994189362,5.767499999819847,0.18810000165103702,true
4,LDPC-BP,98,0,7.2246999998242245,7.095433333233814,7.173199999670032,0.0,0.0,0.0,0.051500000154192094,true
4,LM-Top1,98,1,68.94060000013269,57.96949999997499,6.590099999812082,62.22019999950135,0.0,0.0,0.13030000081926119,true
4,BM-BP,98,1,81.62600000014208,73.43410000006163,7.7289999999266,71.10259999990376,0.6607999985135393,1.750700000229699,0.3829000015684869,true
4,SF-BP,98,1,85.15820000047825,78.91866666644394,7.65769999998156,70.67329999972571,0.5868999996891944,5.877900000086811,0.36240000099496683,true
4,LDPC-BP,99,0,8.517399999618647,7.098366666468792,8.485400000608934,0.0,0.0,0.0,0.031999999009713065,true
4,LM-Top1,99,1,67.09439999940514,63.73999999990095,8.178300000508898,58.83009999979549,0.0,0.0,0.08599999910074985,true
4,BM-BP,99,1,73.58920000024227,72.00296666633221,7.135500000003958,64.376600000287,0.49539999963599257,1.3590000007752678,0.2226999995400547,true
4,SF-BP,99,1,74.9154000004637,76.08739999977843,6.673400000181573,61.80870000025607,0.5731000001105713,5.66999999955442,0.19020000036107376,true
5,LDPC-BP,0,0,7.098099998984253,8.044466666736602,7.048499999655178,0.0,0.0,0.0,0.04959999932907522,true
5,LM-Top1,0,1,67.77030000012019,56.572866666707945,7.080699999278295,60.57210000108171,0.0,0.0,0.11749999976018444,true
5,BM-BP,0,1,70.43510000039532,68.11819999984436,7.164200000261189,61.21769999845128,0.46599999950558413,1.3609000016003847,0.22630000057688449,true
5,SF-BP,0,1,74.7895000004064,70.02150000001468,7.045000000289292,62.71050000032119,0.47170000289042946,4.3639999985316535,0.19829999837384094,true
5,LDPC-BP,1,0,2.4425999999948544,2.4744666673844526,2.4044000001595123,0.0,0.0,0.0,0.03819999983534217,true
5,LM-Top1,1,0,2.5487999992037658,2.317366667133077,2.4895999995351303,0.0,0.0,0.0,0.05919999966863543,true
5,BM-BP,1,0,2.282399998875917,2.4276666663354263,2.2628999995504273,0.0,0.0,0.0,0.019499999325489625,true
5,SF-BP,1,0,2.209999998740386,2.331399999699594,2.1927999987383373,0.0,0.0,0.0,0.01720000000204891,true
5,LDPC-BP,2,0,7.103100000676932,7.224599999669105,7.064100000206963,0.0,0.0,0.0,0.039000000469968654,true
5,LM-Top1,2,1,66.64550000095915,53.15040000004956,6.5651000004436355,60.0109999995766,0.0,0.0,0.06940000093891285,true
5,BM-BP,2,1,77.67240000066522,67.13303333314495,8.52870000016992,66.85070000094129,0.5225999993854202,1.5258000003086636,0.24459999985992908,true
5,SF-BP,2,1,76.2801999990188,64.45486666689249,6.637899999986985,64.46959999993851,0.49790000048233196,4.4875999992655125,0.1871999993454665,true
5,LDPC-BP,3,0,7.234599999719649,7.82696666707731,7.20289999844681,0.0,0.0,0.0,0.03170000127283856,true
5,LM-Top1,3,1,60.95959999947809,59.77583333363631,7.110299999112613,53.75870000170835,0.0,0.0,0.09059999865712598,true
5,BM-BP,3,1,67.48729999890202,66.48396666666183,9.010800000396557,56.47839999983262,0.3135999977530446,1.3606999982584966,0.3238000026613008,true
5,SF-BP,3,1,67.82899999961955,70.5325666661641,7.071500000165543,57.17750000076194,0.32159999682335183,3.0745999993087025,0.1838000025600195,true
5,LDPC-BP,4,0,6.863299999167793,6.985666666878387,6.833700001152465,0.0,0.0,0.0,0.02959999801532831,true
5,LM-Top1,4,1,55.044100001396146,62.65573333348584,6.867199999760487,48.066500001368695,0.0,0.0,0.11040000026696362,true
5,BM-BP,4,1,53.27129999932367,69.05760000032994,6.793000000470784,44.66060000049765,0.30110000079730526,1.3473999988491414,0.1691999987087911,true
5,SF-BP,4,1,66.4280000000872,70.95559999985805,7.139400000596652,55.63919999985956,0.3156000020680949,3.0822000007901806,0.25159999677271117,true
5,LDPC-BP,5,0,7.304999999178108,7.1206333329125,7.259600000907085,0.0,0.0,0.0,0.04539999827102292,true
5,LM-Top1,5,1,63.94679999903019,54.7805333329355,7.015099999989616,56.82869999873219,0.0,0.0,0.10300000030838419,true
5,BM-BP,5,1,71.06150000072375,60.38843333317345,6.900200000018231,61.95570000090811,0.5524999978661072,1.4660000015283003,0.18710000040300656,true
5,SF-BP,5,1,72.73109999914595,70.06303333340232,7.105599999704282,60.56739999985439,0.4760000010719523,4.396500002258108,0.18559999625722412,true
5,LDPC-BP,6,0,7.141600000977633,6.843400001040815,7.098100000803242,0.0,0.0,0.0,0.04350000017439015,true
5,LM-Top1,6,1,64.7662000010314,54.976833333057584,6.619300000238582,58.0707999997685,0.0,0.0,0.07610000102431513,true
5,BM-BP,6,1,69.92360000003828,63.70629999977003,8.39579999956186,59.561899999607704,0.34919999779958744,1.3955999984318623,0.22110000463726465,true
5,SF-BP,6,1,75.17639999969106,66.1126000004515,7.223499998872285,64.35809999857156,0.3221000006305985,3.046600000743638,0.22610000087297522,true
5,LDPC-BP,7,0,7.098000000041793,7.513900000352199,7.047699999020551,0.0,0.0,0.0,0.05030000102124177,true
5,LM-Top1,7,1,58.21970000033616,51.97163333347513,6.954599999517086,51.1690000003,0.0,0.0,0.09610000051907264,true
5,BM-BP,7,1,54.705599999579135,69.60379999994377,6.894699999975273,45.969299999342184,0.30959999821789097,1.3639999961014837,0.1680000059423037,true
5,SF-BP,7,1,66.73130000126548,65.47363333296137,9.068499999557389,53.97129999983008,0.31520000084128696,3.1655999991926365,0.21070000184408855,true
5,LDPC-BP,8,0,1.6465000007883646,1.8311999995906565,1.6276999995170627,0.0,0.0,0.0,0.01880000127130188,true
5,LM-Top1,8,0,1.5800000001036096,1.802299999629516,1.5645999992557336,0.0,0.0,0.0,0.015400000847876072,true
5,BM-BP,8,0,1.5340999998443294,1.6709666667035588,1.5195999985735398,0.0,0.0,0.0,0.014500001270789653,true
5,SF-BP,8,0,1.7014000004564878,1.6998333333807143,1.6736000015953323,0.0,0.0,0.0,0.027799998861155473,true
5,LDPC-BP,9,0,1.3373000001593027,1.2921999999283191,1.320700001087971,0.0,0.0,0.0,0.016599999071331695,true
5,LM-Top1,9,0,1.2769000004482223,1.2747666663320463,1.2601999987964518,0.0,0.0,0.0,0.016700001651770435,true
5,BM-BP,9,0,1.2615000014193356,1.3240666667115875,1.2476000010792632,0.0,0.0,0.0,0.013900000340072438,true
5,SF-BP,9,0,1.2955000001966255,1.2892000001253716,1.2807999992219266,0.0,0.0,0.0,0.014700000974698924,true
5,LDPC-BP,10,0,7.096100000126171,7.480633332913082,7.054399999105954,0.0,0.0,0.0,0.041700001020217314,true
5,LM-Top1,10,1,73.35369999964314,62.55153333374134,6.961399998544948,66.31210000159626,0.0,0.0,0.08019999950192869,true
5,BM-BP,10,1,79.11739999872225,69.19076666630038,7.041400000161957,70.21460000032675,0.30640000113635324,1.3482000013027573,0.20679999579442665,true
5,SF-BP,10,1,79.9817000006442,72.13199999963156,6.831299999248586,69.24629999957688,0.34609999784152023,3.3006999983626883,0.2573000056145247,true
5,LDPC-BP,11,0,6.889399999636225,7.356699999945704,6.829899999502231,0.0,0.0,0.0,0.059500000133994035,true
5,LM-Top1,11,1,70.22080000024289,60.970000000149106,6.830399999671499,63.30089999937627,0.0,0.0,0.0895000011951197,true
5,BM-BP,11,1,78.56119999996736,64.77310000051754,6.658199999947101,69.91930000003777,0.4547000007733004,1.3623000031657284,0.1666999960434623,true
5,SF-BP,11,1,80.27320000110194,66.55673333231486,6.88350000018545,68.35200000023178,0.4670000016631093,4.363000001831097,0.20769999719050247,true
5,LDPC-BP,12,0,1.503400000729016,1.4381666669578408,1.4822000011918135,0.0,0.0,0.0,0.02119999953720253,true
5,LM-Top1,12,0,1.5739999998913845,1.4162333330508166,1.551600000311737,0.0,0.0,0.0,0.022399999579647556,true
5,BM-BP,12,0,1.4289999999164138,1.4482333332731894,1.4131999996607192,0.0,0.0,0.0,0.015800000255694613,true
5,SF-BP,12,0,1.398200000039651,1.5694333330126635,1.383200000418583,0.0,0.0,0.0,0.014999999621068127,true
5,LDPC-BP,13,0,2.007999999477761,2.145500000248527,1.9913999985874398,0.0,0.0,0.0,0.0166000008903211,true
5,LM-Top1,13,0,1.9995000002381857,2.227933332809092,1.974799999516108,0.0,0.0,0.0,0.024700000722077675,true
5,BM-BP,13,0,2.1075999993627192,2.260333333045613,2.081700000417186,0.0,0.0,0.0,0.025899998945533298,true
5,SF-BP,13,0,2.007400000366033,2.087766666591051,1.9909999991796212,0.0,0.0,0.0,0.016400001186411828,true
5,LDPC-BP,14,0,7.044899999527843,7.071633332998317,7.006499999988591,0.0,0.0,0.0,0.03839999953925144,true
5,LM-Top1,14,1,69.59380000080273,52.969999999731954,6.977099999858183,62.539799999285606,0.0,0.0,0.07690000165894162,true
5,BM-BP,14,1,76.89810000010766,64.53006666682388,7.052200000543962,68.01660000019183,0.3052000029128976,1.3372999983403133,0.18679999811865855,true
5,SF-BP,14,1,77.87129999996978,70.06463333406525,7.330699998419732,66.78669999928388,0.3355000008014031,3.1231000011757715,0.2953000002889894,true
5,LDPC-BP,15,0,7.515300001614378,7.444300000012542,7.467800000085845,0.0,0.0,0.0,0.047500001528533176,true
5,LM-Top1,15,1,66.95349999972677,57.87220000062613,6.970200000068871,59.88950000028126,0.0,0.0,0.09379999937664252,true
5,BM-BP,15,1,73.0215000003227,63.43403333297223,6.884600001285435,64.31260000135808,0.3050999985134695,1.3305000011314405,0.18869999803428072,true
5,SF-BP,15,1,74.09499999994296,58.73089999962152,7.000499999776366,63.529200000630226,0.31680000029155053,3.0534000015904894,0.1950999976543244,true
5,LDPC-BP,16,0,6.706099999064463,7.020933333478752,6.683399999019457,0.0,0.0,0.0,0.022700000045006163,true
5,LM-Top1,16,1,71.65900000109104,52.577133333822225,6.867899999633664,64.70330000047397,0.0,0.0,0.08780000098340679,true
5,BM-BP,16,1,74.74630000069737,53.322600000077124,6.94879999900877,65.93769999926735,0.30309999965538736,1.3494999984686729,0.2072000042971922,true
5,SF-BP,16,1,73.79390000096464,62.554566666221945,7.041500000923406,63.234400000510504,0.3127999989374075,2.9920999968453543,0.213100003747968,true
5,LDPC-BP,17,0,6.8644999992102385,7.438399999955436,6.801700001233257,0.0,0.0,0.0,0.0627999979769811,true
5,LM-Top1,17,1,73.0450999999448,53.897966666833476,7.344300000113435,65.60349999926984,0.0,0.0,0.09730000056151766,true
5,BM-BP,17,1,84.23099999890837,65.7926333327244,6.728800000928459,75.67179999932705,0.3068000005441718,1.3424999997369014,0.18109999837179203,true
5,SF-BP,17,1,79.06100000036531,69.13276666697736,7.0430999985546805,68.5157000007166,0.3161999993608333,2.983899998071138,0.2021000036620535,true
5,LDPC-BP,18,0,6.872100000691717,7.24413333288491,6.836700000349083,0.0,0.0,0.0,0.035400000342633575,true
5,LM-Top1,18,1,64.47699999989709,53.07193333283067,6.806699999287957,57.5860000008106,0.0,0.0,0.08429999979853164,true
5,BM-BP,18,1,72.4515000001702,58.31016666707001,7.122299999537063,63.468700000157696,0.30500000138999894,1.3511000015569152,0.204399997528526,true
5,SF-BP,18,1,72.93419999950856,64.80723333273393,6.957400000828784,62.49109999953362,0.3147999977954896,2.984200000355486,0.18670000099518802,true
5,LDPC-BP,19,0,7.374200000413111,6.800566666546122,7.332400000450434,0.0,0.0,0.0,0.04179999996267725,true
5,LM-Top1,19,1,64.22219999876688,53.724700000202574,6.728399999701651,57.41610000040964,0.0,0.0,0.0776999986555893,true
5,BM-BP,19,1,55.97010000019509,59.38393333296214,6.80359999932989,47.13900000024296,0.4579999986162875,1.3521999990189215,0.2173000029870309,true
5,SF-BP,19,1,69.40460000078019,65.36483333305416,7.1719000006851275,57.081799999650684,0.47649999942223076,4.45189999845752,0.22250000256462954,true
5,LDPC-BP,20,0,2.8429000012692995,3.091666666477977,2.818299999489682,0.0,0.0,0.0,0.02460000177961774,true
5,LM-Top1,20,0,2.806399999826681,2.966933333179137,2.786799999739742,0.0,0.0,0.0,0.019600000086938962,true
5,BM-BP,20,0,2.69529999968654,2.907633333658547,2.6789000003191177,0.0,0.0,0.0,0.016399999367422424,true
5,SF-BP,20,0,2.7673000004142523,3.0534666666426347,2.7414999985921895,0.0,0.0,0.0,0.025800001822062768,true
5,LDPC-BP,21,0,6.751099999746657,7.897899999685857,6.729099999574828,0.0,0.0,0.0,0.022000000171829015,true
5,LM-Top1,21,1,69.74869999976363,56.25423333397824,7.086599998729071,62.578500001109205,0.0,0.0,0.0835999999253545,true
5,BM-BP,21,1,78.80219999969995,65.55146666687506,6.858000000647735,70.06379999984347,0.31740000122226775,1.3751999977102969,0.1878000002761837,true
5,SF-BP,21,1,82.996599998296,70.0899666665767,7.219499999337131,72.10069999928237,0.3209999995306134,3.1190999998216284,0.23630000032426324,true
5,LDPC-BP,22,0,7.238199999846984,6.92820000009912,7.18830000005255,0.0,0.0,0.0,0.049899999794433825,true
5,LM-Top1,22,1,64.04920000022685,55.38796666678536,6.998300001214375,56.92309999903955,0.0,0.0,0.1277999999729218,true
5,BM-BP,22,1,72.87919999907899,64.16536666650548,6.77940000059607,63.98070000068401,0.560200001928024,1.348899999356945,0.2099999965139432,true
5,SF-BP,22,1,74.89329999953043,72.17496666665586,7.0304000000760425,62.718699999095406,0.47790000098757446,4.457699998965836,0.2086000004055677,true
5,LDPC-BP,23,0,6.655099999989034,8.056233333566828,6.63429999985965,0.0,0.0,0.0,0.02080000012938399,true
5,LM-Top1,23,1,67.01150000117195,59.41396666609459,7.68689999858907,59.22319999990577,0.0,0.0,0.10140000267711002,true
5,BM-BP,23,1,69.84419999935199,67.76016666723687,6.681400000161375,61.14929999966989,0.4628000024240464,1.3519999974960228,0.19869999960064888,true
5,SF-BP,23,1,66.14369999988412,69.78676666646304,6.661299999905168,54.33410000114236,0.5268000004434725,4.4185999995534075,0.20289999883971177,true
5,LDPC-BP,24,0,3.0334999992192024,3.2737333331169793,3.010500000527827,0.0,0.0,0.0,0.022999998691375367,true
5,LM-Top1,24,0,2.939899999546469,3.5323000001881155,2.9226000006019603,0.0,0.0,0.0,0.017299998944508843,true
5,BM-BP,24,0,3.5076000003755325,3.343266665676007,3.4491000005800743,0.0,0.0,0.0,0.05849999979545828,true
5,SF-BP,24,0,3.0633999995188788,3.306533332761319,3.0421000010392163,0.0,0.0,0.0,0.021299998479662463,true
5,LDPC-BP,25,0,7.071300000461633,7.267933333120406,7.035499998892192,0.0,0.0,0.0,0.03580000156944152,true
5,LM-Top1,25,1,61.69629999931203,57.25916666657819,6.615399999645888,55.00389999906474,0.0,0.0,0.07700000060140155,true
5,BM-BP,25,1,77.18569999997271,64.2104666664333,7.017500000074506,68.33990000086487,0.3048999988095602,1.334599999609054,0.18880000061471947,true
5,SF-BP,25,1,77.72689999910654,68.92880000001848,7.199500001661363,67.03529999867897,0.31259999923349824,2.9768000003969064,0.2026999991358025,true
5,LDPC-BP,26,0,7.28759999947215,8.122600000812477,7.2403000012855045,0.0,0.0,0.0,0.0472999981866451,true
5,LM-Top1,26,1,68.37890000133484,51.33063333353979,6.916899999851012,61.36990000049991,0.0,0.0,0.09210000098391902,true
5,BM-BP,26,1,75.63430000118387,61.837066666157625,6.949599999643397,66.72299999991083,0.31380000109493267,1.418600002580206,0.22929999795451295,true
5,SF-BP,26,1,77.889199999845,63.691166666709854,6.882300000143005,67.45429999864427,0.3187000002071727,3.0279000002337852,0.20600000061676838,true
5,LDPC-BP,27,0,2.1038000013504643,2.071799999612267,2.062800000203424,0.0,0.0,0.0,0.041000001147040166,true
5,LM-Top1,27,0,1.9437000009929761,2.0982333332237126,1.9224999996367842,0.0,0.0,0.0,0.021200001356191933,true
5,BM-BP,27,0,2.013900000747526,2.1005333331534835,1.990299999306444,0.0,0.0,0.0,0.023600001441081986,true
5,SF-BP,27,0,2.046699999482371,2.0849333338143574,2.024500001425622,0.0,0.0,0.0,0.022199998056748882,true
5,LDPC-BP,28,0,6.953100000828272,7.112666666519847,6.9333000010374235,0.0,0.0,0.0,0.019799999790848233,true
5,LM-Top1,28,1,65.19920000027923,59.971833333293034,7.29239999964193,57.82290000024659,0.0,0.0,0.0839000003907131,true
5,BM-BP,28,1,75.13680000010936,63.12739999975747,7.004900000538328,66.28590000036638,0.3056999994441867,1.3554000015574275,0.18489999820303638,true
5,SF-BP,28,1,77.23510000141687,71.2297000000035,7.313300000532763,66.43660000008822,0.31459999991056975,2.987300000313553,0.1833000005717622,true
5,LDPC-BP,29,0,1.631900000575115,1.5728999997008941,1.613599999473081,0.0,0.0,0.0,0.018300001102034003,true
5,LM-Top1,29,0,1.5571000003546942,1.5667000003910896,1.5411000003950903,0.0,0.0,0.0,0.015999999959603883,true
5,BM-BP,29,0,1.829599999837228,1.5748666661844861,1.789699999790173,0.0,0.0,0.0,0.03990000004705507,true
5,SF-BP,29,0,1.6327000012097415,1.5304999994138295,1.6145999998116167,0.0,0.0,0.0,0.018100001398124732,true
5,LDPC-BP,30,0,6.641699999818229,6.998433333440819,6.620500000281027,0.0,0.0,0.0,0.02119999953720253,true
5,LM-Top1,30,1,70.05759999992733,52.70856666720647,7.43010000041977,62.54119999903196,0.0,0.0,0.08630000047560316,true
5,BM-BP,30,1,73.92179999988002,61.408400000194284,6.931399999302812,64.9996000011015,0.4576999999699183,1.3359000022319378,0.19719999727385584,true
5,SF-BP,30,1,66.58929999866814,64.49236666624832,6.895200000144541,54.53800000032061,0.47529999937978573,4.456399999980931,0.2243999988422729,true
5,LDPC-BP,31,0,7.17860000077053,8.385866666685615,7.131899999876623,0.0,0.0,0.0,0.04670000089390669,true
5,LM-Top1,31,1,70.71590000123251,43.962566666474835,6.921300000612973,63.710800000990275,0.0,0.0,0.08379999962926377,true
5,BM-BP,31,1,58.908599999995204,60.22160000005291,6.911500000569504,49.84449999938079,0.498799998240429,1.441500000510132,0.21230000129435211,true
5,SF-BP,31,1,50.28179999862914,63.47476666693789,6.862400001409696,37.88480000002892,0.5226999983278802,4.701500000010128,0.31039999885251746,true
5,LDPC-BP,32,0,7.729099999778555,7.227566666491232,7.578700000522076,0.0,0.0,0.0,0.15039999925647862,true
5,LM-Top1,32,1,40.500799999790615,66.51736666632739,6.915699999808567,33.501300000352785,0.0,0.0,0.08379999962926377,true
5,BM-BP,32,1,73.31650000014633,61.700033333484804,6.868000000395114,64.3476000004739,0.4630999974324368,1.3677999977517175,0.2700000040931627,true
5,SF-BP,32,1,78.17509999949834,68.78180000027594,8.470199998555472,64.59360000008019,0.4759999992529629,4.436100000020815,0.19920000158890616,true
5,LDPC-BP,33,0,7.183000001532491,8.037999999639093,7.1416999999200925,0.0,0.0,0.0,0.04130000161239877,true
5,LM-Top1,33,1,63.01379999968049,64.73166666667869,6.913200000781217,55.963800001336494,0.0,0.0,0.1367999975627754,true
5,BM-BP,33,1,63.50910000037402,71.38473333361617,6.6246000005776295,54.8478000000614,0.4625000019586878,1.358399998935056,0.21579999884124845,true
5,SF-BP,33,1,74.43460000104096,75.86806666646832,7.969000000230153,61.3190999993094,0.48069999866129365,4.480100000364473,0.18570000247564167,true
5,LDPC-BP,34,0,6.863099999463884,7.30683333313209,6.843799999842304,0.0,0.0,0.0,0.019299999621580355,true
5,LM-Top1,34,1,57.314100000439794,54.71523333259635,6.7698000002565095,50.45510000127251,0.0,0.0,0.08919999891077168,true
5,BM-BP,34,1,68.40059999922232,70.49056666619435,7.5665999993361766,58.040099998834194,0.5878000010852702,1.981299999897601,0.22480000006908085,true
5,SF-BP,34,1,74.48459999977786,69.15853333339328,8.082300000751275,61.36209999931452,0.4709999993792735,4.375499998786836,0.1937000015459489,true
5,LDPC-BP,35,0,6.6466999996919185,6.914966666348239,6.624200001169811,0.0,0.0,0.0,0.02249999852210749,true
5,LM-Top1,35,1,66.62390000019514,48.40683333319854,7.008000000496395,59.515700000702054,0.0,0.0,0.10019999899668619,true
5,BM-BP,35,1,46.38219999833382,65.49876666637526,6.744399999661255,37.51149999879999,0.6091000013839221,1.3385999973252183,0.17860000116343144,true
5,SF-BP,35,1,59.8863999985042,70.63360000029206,7.959200000186684,46.890699999494245,0.47259999882953707,4.369900001620408,0.1939999983733287,true
5,LDPC-BP,36,0,2.0521000005828682,2.041800000066966,2.0266999999876134,0.0,0.0,0.0,0.025400000595254824,true
5,LM-Top1,36,0,2.1277000014379155,2.1363333329039356,2.087000000756234,0.0,0.0,0.0,0.04070000068168156,true
5,BM-BP,36,0,2.158499999495689,2.2543000004588976,2.131899998857989,0.0,0.0,0.0,0.02660000063769985,true
5,SF-BP,36,0,1.9351999999344116,2.035733333589936,1.9185000001016306,0.0,0.0,0.0,0.01669999983278103,true
5,LDPC-BP,37,0,2.980199999001343,2.9790666661331975,2.9649999996763654,0.0,0.0,0.0,0.015199999324977398,true
5,LM-Top1,37,0,3.0198999993444886,3.412400000039876,2.9961000000184868,0.0,0.0,0.0,0.023799999326001853,true
5,BM-BP,37,0,3.226500000891974,3.179433333874234,3.1988000009732787,0.0,0.0,0.0,0.02769999991869554,true
5,SF-BP,37,0,3.020600001036655,2.9498333327258783,3.004000000146334,0.0,0.0,0.0,0.0166000008903211,true
5,LDPC-BP,38,0,6.970300000830321,7.2492666671071975,6.929900000613998,0.0,0.0,0.0,0.04040000021632295,true
5,LM-Top1,38,1,71.89119999929972,55.5501999997432,6.940799999938463,64.85949999841978,0.0,0.0,0.09090000094147399,true
5,BM-BP,38,1,84.97669999997015,68.02890000077848,6.993199998760247,75.9593999991921,0.4595000009430805,1.359500000035041,0.20510000103968196,true
5,SF-BP,38,1,83.17920000081358,76.20273333304795,7.152399999540648,70.9683999994013,0.47219999942171853,4.393099998196703,0.1931000042532105,true
5,LDPC-BP,39,0,6.997499998760759,7.327633332655144,6.956499999432708,0.0,0.0,0.0,0.04099999932805076,true
5,LM-Top1,39,1,60.183400000823895,62.675366667463095,6.700800000544405,53.39830000048096,0.0,0.0,0.08429999979853164,true
5,BM-BP,39,1,70.03120000081253,66.16766666623637,6.820200000220211,60.90319999930216,0.4258999997546198,1.5836000002309447,0.29830000130459666,true
5,SF-BP,39,1,75.56130000011763,71.23790000029355,6.94389999989653,65.0445999999647,0.31970000054570846,3.070500000831089,0.18259999887959566,true
5,LDPC-BP,40,0,7.0149000002857065,7.279633333685827,6.9887999998172745,0.0,0.0,0.0,0.026100000468431972,true
5,LM-Top1,40,1,63.18540000029316,63.60849999994874,6.89059999967867,56.20660000022326,0.0,0.0,0.08820000039122533,true
5,BM-BP,40,1,72.27360000069893,71.42796666630602,7.44710000071791,62.978199999633944,0.3035000008821953,1.34520000028715,0.1995999991777353,true
5,SF-BP,40,1,73.80209999973886,73.26403333233127,7.480399999622023,62.83459999940533,0.31149999995250255,2.972200001750025,0.20339999900897965,true
5,LDPC-BP,41,0,2.043700000285753,2.0774333337006587,2.0242999999027234,0.0,0.0,0.0,0.019400000383029692,true
5,LM-Top1,41,0,2.052699999694596,1.9857333333372178,2.0196999994368525,0.0,0.0,0.0,0.03300000025774352,true
5,BM-BP,41,0,2.048599999397993,1.9824333333720763,2.028799999607145,0.0,0.0,0.0,0.019799999790848233,true
5,SF-BP,41,0,1.9981000004918315,2.115100000385913,1.9790999995166203,0.0,0.0,0.0,0.01900000097521115,true
5,LDPC-BP,42,0,6.917999999132007,7.129733333082792,6.887100000312785,0.0,0.0,0.0,0.030899998819222674,true
5,LM-Top1,42,1,59.86049999955867,57.97133333362581,7.088199999998324,52.68710000018473,0.0,0.0,0.08519999937561806,true
5,BM-BP,42,1,77.09219999924244,73.29853333309681,6.681400000161375,68.30450000052224,0.49250000120082404,1.4194000032148324,0.19439999414316844,true
5,SF-BP,42,1,79.16309999927762,69.03853333308992,6.640300000071875,67.4628999986453,0.47420000009879004,4.404299999805517,0.18140000065614004,true
5,LDPC-BP,43,0,2.3254999996424885,2.5896999998925216,2.298999999766238,0.0,0.0,0.0,0.026499999876250513,true
5,LM-Top1,43,0,2.2550000012415694,2.4651666666007563,2.2306999999273103,0.0,0.0,0.0,0.024300001314259134,true
5,BM-BP,43,0,2.1718000007240335,2.439399999578503,2.156299999114708,0.0,0.0,0.0,0.015500001609325409,true
5,SF-BP,43,0,2.157499999157153,2.560333333046098,2.1428000000014435,0.0,0.0,0.0,0.01469999915570952,true
5,LDPC-BP,44,0,7.299400000192691,7.151800000125756,7.262199998876895,0.0,0.0,0.0,0.037200001315795816,true
5,LM-Top1,44,1,70.25590000012016,64.0847333330991,6.706399999529822,63.478300000497256,0.0,0.0,0.07120000009308569,true
5,BM-BP,44,1,65.1837000004889,70.98776666680351,7.367899999735528,55.346700000882265,0.36870000076305587,1.8917999987024814,0.2086000004055677,true
5,SF-BP,44,1,52.99200000081328,67.73043333335711,7.79549999970186,41.60310000042955,0.3144000002066605,3.081400000155554,0.1976000003196532,true
5,LDPC-BP,45,0,3.6808999993809266,3.5531000000143345,3.645900000265101,0.0,0.0,0.0,0.03499999911582563,true
5,LM-Top1,45,0,3.2296999997925013,3.244799999265524,3.2093000008899253,0.0,0.0,0.0,0.020399998902576044,true
5,BM-BP,45,0,3.1988000009732787,3.2103000000158013,3.181399999448331,0.0,0.0,0.0,0.017400001524947584,true
5,SF-BP,45,0,3.3416999995097285,3.56266666646358,3.319999999803258,0.0,0.0,0.0,0.021699999706470408,true
5,LDPC-BP,46,0,2.7704000003723195,3.0571999996027444,2.7518000006239163,0.0,0.0,0.0,0.018599999748403206,true
5,LM-Top1,46,0,2.755399998932262,3.139766667118238,2.735099998972146,0.0,0.0,0.0,0.02029999996011611,true
5,BM-BP,46,0,2.909900000304333,3.1985333328824104,2.880800000639283,0.0,0.0,0.0,0.029099999665049836,true
5,SF-BP,46,0,2.898000000641332,2.9252666666555647,2.8787999999622116,0.0,0.0,0.0,0.01920000067912042,true
5,LDPC-BP,47,0,6.7584000007627765,7.566099999470073,6.741900000633905,0.0,0.0,0.0,0.01650000012887176,true
5,LM-Top1,47,1,54.942599999776576,61.82343333330209,6.860099998448277,48.00459999933082,0.0,0.0,0.07790000199747737,true
5,BM-BP,47,1,76.32069999999658,70.59629999973065,6.844100000307662,67.64540000040142,0.3015000020241132,1.3390000003710156,0.19069999689236283,true
5,SF-BP,47,1,76.18919999913487,70.44923333311696,7.03830000020389,65.66159999965748,0.3143999983876711,2.995199998622411,0.17970000226341654,true
5,LDPC-BP,48,0,3.901999998561223,3.6394666664515776,3.8507000008394243,0.0,0.0,0.0,0.05129999772179872,true
5,LM-Top1,48,0,3.9013000005070353,3.543800000140133,3.852099998766789,0.0,0.0,0.0,0.04920000174024608,true
5,BM-BP,48,0,3.663200001028599,3.6361666664864365,3.5499000005074777,0.0,0.0,0.0,0.11330000052112155,true
5,SF-BP,48,0,3.6184000000503147,3.8194666670581987,3.5885999986930983,0.0,0.0,0.0,0.029800001357216388,true
5,LDPC-BP,49,0,2.7257000001554843,2.8779666660436,2.7050999997300096,0.0,0.0,0.0,0.020600000425474718,true
5,LM-Top1,49,0,2.5899000011122553,2.8147333335558264,2.5728999989951262,0.0,0.0,0.0,0.017000002117129043,true
5,BM-BP,49,0,2.6698000001488253,2.627866666443879,2.6514000001043314,0.0,0.0,0.0,0.018400000044493936,true
5,SF-BP,49,0,2.5795000001380686,2.702066666946242,2.5633000004745554,0.0,0.0,0.0,0.016199999663513154,true
5,LDPC-BP,50,0,7.071199999700184,7.806466666806955,7.021699999313569,0.0,0.0,0.0,0.049500000386615284,true
5,LM-Top1,50,1,70.1349000009941,62.97749999915444,6.853900000351132,63.206299999365,0.0,0.0,0.07470000127796084,true
5,BM-BP,50,1,79.6807999995508,67.26983333313304,7.2065000003931345,70.47179999972286,0.3071000010095304,1.3902000027883332,0.30519999563694,true
5,SF-BP,50,1,79.18070000050648,75.34883333331284,7.252499999594875,68.44359999922744,0.3138999982184032,2.982599999086233,0.18810000437952112,true
5,LDPC-BP,51,0,6.9174000000202795,6.90860000061851,6.789299999581999,0.0,0.0,0.0,0.1281000004382804,true
5,LM-Top1,51,1,61.60069999896223,60.94349999966653,6.7098999988957075,54.82350000056613,0.0,0.0,0.067299999500392,true
5,BM-BP,51,1,74.21329999851878,69.03736666633147,8.2431999999244,63.84559999969497,0.456300000223564,1.3959999996586703,0.2721999990171753,true
5,SF-BP,51,1,78.00739999947837,78.81833333340182,8.937800001149299,63.82809999922756,0.49989999752142467,4.519600002822699,0.22199999875738285,true
5,LDPC-BP,52,0,6.728499998644111,7.778899999114704,6.697900000290247,0.0,0.0,0.0,0.030599998353864066,true
5,LM-Top1,52,1,71.14130000081786,57.070633333751175,8.045200000196928,63.01119999989169,0.0,0.0,0.08490000072924886,true
5,BM-BP,52,1,75.455599999259,73.80003333370648,8.912100000088685,64.63449999864679,0.3116000007139519,1.3824999987264164,0.21490000108315144,true
5,SF-BP,52,1,72.82309999936842,75.78036666685269,7.119300000340445,62.05670000053942,0.3315999965707306,3.0862000003253343,0.22930000159249175,true
5,LDPC-BP,53,0,4.226400000334252,4.05509999958061,4.185499999948661,0.0,0.0,0.0,0.04090000038559083,true
5,LM-Top1,53,0,4.068599999300204,4.25226666660213,4.0418000007775845,0.0,0.0,0.0,0.026799998522619717,true
5,BM-BP,53,0,3.9526000000478234,4.250933333120581,3.9221000006364193,0.0,0.0,0.0,0.030499999411404133,true
5,SF-BP,53,0,5.29869999991206,4.0067333338811295,5.263799999738694,0.0,0.0,0.0,0.0349000001733657,true
5,LDPC-BP,54,0,6.5997999990941025,5.282300000241473,6.565499999851454,0.0,0.0,0.0,0.03429999924264848,true
5,LM-Top1,54,0,5.457900000692462,5.43769999997797,5.427399999462068,0.0,0.0,0.0,0.030500001230393536,true
5,BM-BP,54,0,5.249399999229354,5.590800000391027,5.228699999861419,0.0,0.0,0.0,0.02069999936793465,true
5,SF-BP,54,0,5.667299999913666,5.254766666742701,5.633500000840286,0.0,0.0,0.0,0.033799999073380604,true
5,LDPC-BP,55,0,6.63429999985965,8.146566665952074,6.609000000025844,0.0,0.0,0.0,0.025299999833805487,true
5,LM-Top1,55,1,73.9530000009836,64.8839999997411,6.948899999770219,66.90850000086357,0.0,0.0,0.09560000034980476,true
5,BM-BP,55,1,76.76720000017667,75.29109999995853,7.574899998871842,67.1528999992006,0.3153000016027363,1.4651000001322245,0.2590000003692694,true
5,SF-BP,55,1,82.29870000104711,78.94696666668703,7.519099999626633,69.01280000056431,0.4683999977714848,4.96739999834972,0.3310000047349604,true
5,LDPC-BP,56,0,7.811800000126823,7.502199999786778,7.758899999316782,0.0,0.0,0.0,0.05290000081004109,true
5,LM-Top1,56,1,61.82970000008936,63.401533332580584,7.537800000136485,54.19620000066061,0.0,0.0,0.09569999929226469,true
5,BM-BP,56,1,78.99290000023029,79.27786666641623,6.82789999882516,70.17610000002605,0.4543999984889524,1.336299999820767,0.1982000030693598,true
5,SF-BP,56,1,77.21110000056797,77.32589999947474,7.067999998980667,64.84470000032161,0.4793999996763887,4.550200001176563,0.2688000004127389,true
5,LDPC-BP,57,0,1.4651000001322245,1.3033666658278282,1.4269999992393423,0.0,0.0,0.0,0.038100000892882235,true
5,LM-Top1,57,0,1.3670999996975297,1.293966666404837,1.34289999914472,0.0,0.0,0.0,0.024200000552809797,true
5,BM-BP,57,0,1.2941999993927311,1.3589666662786233,1.2763000013364945,0.0,0.0,0.0,0.017899998056236655,true
5,SF-BP,57,0,1.2609999994310783,1.2903999995614868,1.2458999990485609,0.0,0.0,0.0,0.015100000382517464,true
5,LDPC-BP,58,0,7.161899999118759,7.002866666880436,7.133000000976608,0.0,0.0,0.0,0.028899998142151162,true
5,LM-Top1,58,1,67.64289999955508,62.23113333392879,6.677900000795489,60.89570000040112,0.0,0.0,0.06929999835847411,true
5,BM-BP,58,1,60.24819999947795,71.17473333316109,8.196600001610932,50.19940000056522,0.3079000016441569,1.3401999985944713,0.2040999970631674,true
5,SF-BP,58,1,64.18680000024324,76.48203333368049,7.042499999442953,53.355899999587564,0.36240000008547213,3.2172999999602325,0.20870000116701704,true
5,LDPC-BP,59,0,1.380300000164425,1.3155666671688475,1.359099998808233,0.0,0.0,0.0,0.021200001356191933,true
5,LM-Top1,59,0,1.2952999986737268,1.3380333333164647,1.277900000786758,0.0,0.0,0.0,0.017399997886968777,true
5,BM-BP,59,0,1.2918000011268305,1.320766667049611,1.2776000003213994,0.0,0.0,0.0,0.014200000805431046,true
5,SF-BP,59,0,1.3005000000703149,1.2945999997100444,1.283200001125806,0.0,0.0,0.0,0.017299998944508843,true
5,LDPC-BP,60,0,3.55420000050799,3.6155999999512765,3.528199998982018,0.0,0.0,0.0,0.02600000152597204,true
5,LM-Top1,60,0,3.23000000025786,3.576666666958772,3.2105999998748302,0.0,0.0,0.0,0.019400000383029692,true
5,BM-BP,60,0,3.209900000001653,3.5872000004625684,3.1909999997878913,0.0,0.0,0.0,0.018900000213761814,true
5,SF-BP,60,0,3.5872999997081934,3.5422333336706893,3.553200000169454,0.0,0.0,0.0,0.03409999953873921,true
5,LDPC-BP,61,0,6.567700000232435,7.903800000046128,6.548999999722582,0.0,0.0,0.0,0.018700000509852543,true
5,LM-Top1,61,1,59.85370000053081,55.64426666721071,6.824000000051456,52.95699999987846,0.0,0.0,0.07270000060088933,true
5,BM-BP,61,1,79.54930000050808,68.06063333351631,6.884500000523985,70.81970000035653,0.30369999694812577,1.3457999993988778,0.19560000328056049,true
5,SF-BP,61,1,75.78429999921354,69.32696666687359,8.69330000023183,63.40300000010757,0.3473999986454146,3.1396999984281138,0.20090000180061907,true
5,LDPC-BP,62,0,2.3576999992656056,2.5360000002668435,2.3271999998542015,0.0,0.0,0.0,0.030499999411404133,true
5,LM-Top1,62,0,2.1237000000837725,2.239433333367439,2.1065000000817236,0.0,0.0,0.0,0.01720000000204891,true
5,BM-BP,62,0,2.035299999988638,2.2594666661461815,2.0201000006636605,0.0,0.0,0.0,0.015199999324977398,true
5,SF-BP,62,0,2.3160000000643777,2.1340333338836595,2.281000000948552,0.0,0.0,0.0,0.03499999911582563,true
5,LDPC-BP,63,0,7.314399999813759,7.106399999126249,7.223000000522006,0.0,0.0,0.0,0.09139999929175247,true
5,LM-Top1,63,1,69.92140000147629,54.12103333280053,6.887999999889871,62.92170000051556,0.0,0.0,0.11170000107085798,true
5,BM-BP,63,1,75.7978000001458,69.3291666660419,7.326900000407477,66.53650000043854,0.31149999813351315,1.3699999999516876,0.25290000121458434,true
5,SF-BP,63,1,80.29999999962456,69.50593333325135,7.0809000008011935,69.54559999940102,0.32249999821942765,3.072999999858439,0.27800000134448055,true
5,LDPC-BP,64,0,1.4379000003827969,1.280133333542229,1.4085000002523884,0.0,0.0,0.0,0.029400000130408444,true
5,LM-Top1,64,0,1.9821000005322276,1.2981000002885896,1.9611999996413942,0.0,0.0,0.0,0.020900000890833326,true
5,BM-BP,64,0,1.831700001275749,1.363866666906688,1.8083999984810362,0.0,0.0,0.0,0.023300002794712782,true
5,SF-BP,64,0,1.3347000003705034,1.3804666665843495,1.3180999994801823,0.0,0.0,0.0,0.0166000008903211,true
5,LDPC-BP,65,0,7.094600001437357,7.858799999970263,7.068500000968925,0.0,0.0,0.0,0.026100000468431972,true
5,LM-Top1,65,1,56.61540000073728,60.24993333297365,7.453300000634044,49.08339999929012,0.0,0.0,0.07870000081311446,true
5,BM-BP,65,1,74.42450000053213,70.16939999994065,7.076199999573873,65.48040000052424,0.31490000037592836,1.3466000018524937,0.2063999982055975,true
5,SF-BP,65,1,72.90610000018205,74.501233333649,7.350600000791019,61.78589999944961,0.34560000131023116,3.190700001141522,0.23329999748966657,true
5,LDPC-BP,66,0,6.650199999057804,6.811133333030739,6.627800001297146,0.0,0.0,0.0,0.022399997760658152,true
5,LM-Top1,66,1,63.34229999993113,62.64766666693807,7.118100000298,56.13629999970726,0.0,0.0,0.08789999992586672,true
5,BM-BP,66,1,72.26759999866772,66.56160000056843,6.6364000012981705,63.79679999918153,0.3054000007978175,1.338600000963197,0.19039999642700423,true
5,SF-BP,66,1,75.39429999997083,77.40836666683511,6.983299999774317,64.92660000003525,0.3125000002910383,2.9971000003570225,0.1747999995131977,true
5,LDPC-BP,67,0,8.383800000956398,7.1033333330584965,8.332200000950252,0.0,0.0,0.0,0.05160000000614673,true
5,LM-Top1,67,1,71.31250000020373,64.36666666650126,7.169200000134879,64.03300000056333,0.0,0.0,0.11029999950551428,true
5,BM-BP,67,1,77.46670000051381,76.28966666682875,7.679600001210929,67.73839999914344,0.4641999985324219,1.3520999964384828,0.23240000518853776,true
5,SF-BP,67,1,82.75850000063656,75.18316666634443,7.265800000823219,71.73820000025444,0.36919999911333434,3.126699999484117,0.25860000096145086,true
5,LDPC-BP,68,0,2.359500000238768,2.2064999996776655,2.331199999389355,0.0,0.0,0.0,0.028300000849412754,true
5,LM-Top1,68,0,2.215599999544793,2.2071333332860377,2.1968999990349403,0.0,0.0,0.0,0.018700000509852543,true
5,BM-BP,68,0,2.3271999998542015,2.1873333331920244,2.2933000000193715,0.0,0.0,0.0,0.03389999983482994,true
5,SF-BP,68,0,2.314900000783382,2.2943000003579073,2.2950000002310844,0.0,0.0,0.0,0.01990000055229757,true
5,LDPC-BP,69,0,1.722800001516589,1.6686333334898034,1.7049999987648334,0.0,0.0,0.0,0.017800002751755528,true
5,LM-Top1,69,0,1.6586000001552748,1.6327333341905614,1.642000001083943,0.0,0.0,0.0,0.016599999071331695,true
5,BM-BP,69,0,1.6555999991396675,1.7578666665940545,1.6390999990107957,0.0,0.0,0.0,0.01650000012887176,true
5,SF-BP,69,0,1.8215000000054715,1.8619999997705843,1.7997000013565412,0.0,0.0,0.0,0.02179999864893034,true
5,LDPC-BP,70,0,3.077800000028219,4.096699999536213,3.0619999997725245,0.0,0.0,0.0,0.015800000255694613,true
5,LM-Top1,70,0,3.0107999991741963,3.532466666911205,2.995700000610668,0.0,0.0,0.0,0.015099998563528061,true
5,BM-BP,70,0,2.9983000003994675,3.2013000000006286,2.984200000355486,0.0,0.0,0.0,0.014100000043981709,true
5,SF-BP,70,0,3.753000000870088,3.80709999960042,3.7145999995118473,0.0,0.0,0.0,0.03840000135824084,true
5,LDPC-BP,71,0,6.721600000673789,6.882866666273912,6.698000001051696,0.0,0.0,0.0,0.023599999622092582,true
5,LM-Top1,71,1,68.10800000130257,67.40890000037325,7.048400000712718,60.96099999922444,0.0,0.0,0.09860000136541203,true
5,BM-BP,71,1,77.90250000107335,72.77936666681246,6.86880000102974,69.00510000014037,0.46949999887146987,1.3478999990184093,0.21120000201335642,true
5,SF-BP,71,1,82.584499999939,79.71209999989999,7.138700000723475,68.65909999942232,0.6685000007564668,5.8601000000635395,0.2580999989731936,true
5,LDPC-BP,72,0,2.64939999942726,3.0244999998103594,2.617399999508052,0.0,0.0,0.0,0.03199999991920777,true
5,LM-Top1,72,0,2.5294000006397255,2.47879999945629,2.5049000014405465,0.0,0.0,0.0,0.024499999199179,true
5,BM-BP,72,0,2.512600000045495,2.867299999707029,2.4771000007604016,0.0,0.0,0.0,0.03549999928509351,true
5,SF-BP,72,0,2.5163999998767395,2.571133333731268,2.4960999999166233,0.0,0.0,0.0,0.02029999996011611,true
5,LDPC-BP,73,0,1.7317000001639826,1.6642666669213213,1.7161999985546572,0.0,0.0,0.0,0.015500001609325409,true
5,LM-Top1,73,0,1.7363000006298535,1.6325000002931727,1.7185999986395473,0.0,0.0,0.0,0.01770000199030619,true
5,BM-BP,73,0,1.688500000454951,1.6938000004908342,1.672300000791438,0.0,0.0,0.0,0.016199999663513154,true
5,SF-BP,73,0,1.7566000005899696,1.6293666664447908,1.7299999999522697,0.0,0.0,0.0,0.02660000063769985,true
5,LDPC-BP,74,0,2.1415999999589985,2.1101000005122237,2.123500000379863,0.0,0.0,0.0,0.01809999957913533,true
5,LM-Top1,74,0,2.084899999317713,2.171433333084375,2.0690999990620185,0.0,0.0,0.0,0.015800000255694613,true
5,BM-BP,74,0,2.2742999990441604,2.0731999990554564,2.242399999886402,0.0,0.0,0.0,0.03189999915775843,true
5,SF-BP,74,0,2.2331000000122003,2.048399999997249,2.204399999754969,0.0,0.0,0.0,0.028700000257231295,true
5,LDPC-BP,75,0,7.487799999580602,7.246233333413936,7.458500000211643,0.0,0.0,0.0,0.029299999368959107,true
5,LM-Top1,75,1,66.58099999913247,65.03346666704601,6.937499998457497,59.56110000079207,0.0,0.0,0.08239999988290947,true
5,BM-BP,75,1,72.69049999922572,74.23110000005788,6.986599999436294,63.74660000074073,0.39540000216220506,1.3524000005418202,0.2094999963446753,true
5,SF-BP,75,1,72.6967999999033,75.02543333309102,7.001699999818811,62.20229999962612,0.31240000134857837,2.999700000145822,0.18069999896397348,true
5,LDPC-BP,76,0,4.295000000638538,4.326433333517343,4.237499999362626,0.0,0.0,0.0,0.05750000127591193,true
5,LM-Top1,76,0,4.156299999522162,4.0924000004451955,4.132900001422968,0.0,0.0,0.0,0.02339999809919391,true
5,BM-BP,76,0,4.426400000738795,4.0971666670278255,4.388100000142003,0.0,0.0,0.0,0.038300000596791506,true
5,SF-BP,76,0,4.1621999989729375,4.188666666171533,4.139599999689381,0.0,0.0,0.0,0.022599999283556826,true
5,LDPC-BP,77,0,6.911800001034862,7.47626666695093,6.876900000861497,0.0,0.0,0.0,0.0349000001733657,true
5,LM-Top1,77,1,69.48650000049383,60.71133333383235,7.020199998805765,62.385100000028615,0.0,0.0,0.08120000165945385,true
5,BM-BP,77,1,72.83540000025823,70.006033332902,6.784999999581487,64.06009999955131,0.46269999620562885,1.3391999982559355,0.18840000666386914,true
5,SF-BP,77,1,83.41230000041833,76.20370000040566,7.265199999892502,70.84039999972447,0.5017999992560362,4.483500000787899,0.32140000075742137,true
5,LDPC-BP,78,0,6.77699999869219,6.8552333332263515,6.746799999746145,0.0,0.0,0.0,0.030199998946045525,true
5,LM-Top1,78,1,59.859200000573765,63.158366666357324,6.773999999495572,52.985300000727875,0.0,0.0,0.09990000035031699,true
5,BM-BP,78,1,77.73569999881147,77.84130000012131,6.826000000728527,68.67050000073505,0.5224999986239709,1.491199998781667,0.225499999942258,true
5,SF-BP,78,1,78.91050000034738,73.10603333280596,6.957900000998052,66.81449999996403,0.48459999925398733,4.447899998922367,0.20560000120894983,true
5,LDPC-BP,79,0,7.012299998677918,7.689366666454589,6.980300000577699,0.0,0.0,0.0,0.03199999810021836,true
5,LM-Top1,79,1,63.451899999563466,62.93676666640143,6.7971000007673865,56.57780000001367,0.0,0.0,0.07699999878241215,true
5,BM-BP,79,1,70.84800000120595,74.23990000006597,6.841999998869142,61.930199999551405,0.49369999942427967,1.37919999906444,0.20290000429667998,true
5,SF-BP,79,1,40.99349999887636,68.5165333331194,6.8097999992460245,30.6522999999288,0.32330000067304354,3.0186999993020436,0.18939999972644728,true
5,LDPC-BP,80,0,1.903899999888381,1.726066666378756,1.8691999994189246,0.0,0.0,0.0,0.03470000046945643,true
5,LM-Top1,80,0,1.6964000005827984,1.8048000007790204,1.6785000007075723,0.0,0.0,0.0,0.017899999875226058,true
5,BM-BP,80,0,1.6663999995216727,1.8599000001510528,1.6497999986313516,0.0,0.0,0.0,0.0166000008903211,true
5,SF-BP,80,0,1.6424000004917616,1.7807666666461348,1.6269999996438855,0.0,0.0,0.0,0.015400000847876072,true
5,LDPC-BP,81,0,1.2931999990541954,1.4130666665247797,1.2786000006599352,0.0,0.0,0.0,0.014599998394260183,true
5,LM-Top1,81,0,1.4656000003014924,1.2602333335962612,1.4381000000867061,0.0,0.0,0.0,0.02750000021478627,true
5,BM-BP,81,0,1.401100000293809,1.4225666670123853,1.3816999999107793,0.0,0.0,0.0,0.019400000383029692,true
5,SF-BP,81,0,1.2961000011273427,1.2924333329162134,1.280399999814108,0.0,0.0,0.0,0.01570000131323468,true
5,LDPC-BP,82,0,6.6299999998591375,6.976566667314425,6.61249999939173,0.0,0.0,0.0,0.017500000467407517,true
5,LM-Top1,82,1,42.59440000168979,56.17336666728079,6.93420000061451,35.57129999899189,0.0,0.0,0.08890000208339188,true
5,BM-BP,82,1,59.34669999987818,64.40103333352454,8.441199999651872,48.659400001270114,0.49360000048181973,1.511200000095414,0.2412999983789632,true
5,SF-BP,82,1,69.44379999913508,72.68800000019837,7.385700000668294,57.00580000120681,0.46970000039436854,4.384599997138139,0.19799999972747173,true
5,LDPC-BP,83,0,1.8791000002238434,2.0360333337521297,1.8578999988676514,0.0,0.0,0.0,0.021200001356191933,true
5,LM-Top1,83,0,1.7859999989013886,1.9398666666650872,1.770099999703234,0.0,0.0,0.0,0.015899999198154546,true
5,BM-BP,83,0,2.377500000875443,1.8008666656896821,2.337400001124479,0.0,0.0,0.0,0.040099999750964344,true
5,SF-BP,83,0,2.5652000003901776,1.9806333339147386,2.539299999625655,0.0,0.0,0.0,0.0259000007645227,true
5,LDPC-BP,84,0,8.738399999856483,6.831733333759378,8.703400000740658,0.0,0.0,0.0,0.03499999911582563,true
5,LM-Top1,84,1,65.87559999934456,60.47056666617815,6.742800000210991,59.04820000068867,0.0,0.0,0.08459999844490085,true
5,BM-BP,84,1,52.929699999367585,74.21883333305838,6.962899999052752,43.895400000110385,0.46010000005480833,1.399999999193824,0.21130000095581636,true
5,SF-BP,84,1,58.460800000830204,71.664166666172,6.626599999435712,46.532500000466825,0.4785999990417622,4.626200001439429,0.19690000044647604,true
5,LDPC-BP,85,0,1.7198999994434416,1.4585333331827617,1.684900000327616,0.0,0.0,0.0,0.03499999911582563,true
5,LM-Top1,85,0,1.4866000001347857,1.5921666672511492,1.4687999992020195,0.0,0.0,0.0,0.017800000932766125,true
5,BM-BP,85,0,1.4136000008875271,1.5043666665709072,1.398200000039651,0.0,0.0,0.0,0.015400000847876072,true
5,SF-BP,85,0,1.3937999992776895,1.474366667328771,1.3784000002488028,0.0,0.0,0.0,0.015399999028886668,true
5,LDPC-BP,86,0,7.129500001610722,6.906466666502335,7.098399999449612,0.0,0.0,0.0,0.03110000216111075,true
5,LM-Top1,86,1,45.39959999965504,59.49253333316543,6.665800001428579,38.66089999974065,0.0,0.0,0.07289999848580919,true
5,BM-BP,86,1,59.382400000686175,70.53340000038588,6.898699999510427,50.65099999956146,0.30390000029001385,1.3471999991452321,0.1816000021790387,true
5,SF-BP,86,1,76.66319999952975,72.23623333356954,6.965000000491273,66.05649999983143,0.34479999703762587,3.0720000013388926,0.2249000008305302,true
5,LDPC-BP,87,0,4.269999999451102,4.438533333692855,4.24860000020999,0.0,0.0,0.0,0.0213999992411118,true
5,LM-Top1,87,0,4.27769999987504,4.437666666187094,4.256500000337837,0.0,0.0,0.0,0.02119999953720253,true
5,BM-BP,87,0,5.587300000115647,4.371766666736221,5.560499999774038,0.0,0.0,0.0,0.02680000034160912,true
5,SF-BP,87,0,4.998499998691841,4.282333333928061,4.963399998814566,0.0,0.0,0.0,0.03509999987727497,true
5,LDPC-BP,88,0,1.9386000003578374,1.7137999996824267,1.9081000009464333,0.0,0.0,0.0,0.030499999411404133,true
5,LM-Top1,88,0,1.7339999994874233,1.6757000006085339,1.7156999983853893,0.0,0.0,0.0,0.018300001102034003,true
5,BM-BP,88,0,1.6966000002867077,1.7150333330088567,1.6812999983812915,0.0,0.0,0.0,0.015300001905416138,true
5,SF-BP,88,0,1.7609000005904818,1.6969333334297214,1.7385999999532942,0.0,0.0,0.0,0.022300000637187622,true
5,LDPC-BP,89,0,2.0879000003333203,2.1592333335623457,2.066999999442487,0.0,0.0,0.0,0.020900000890833326,true
5,LM-Top1,89,0,2.206299999670591,2.089966666972032,2.1788000012747943,0.0,0.0,0.0,0.027499998395796865,true
5,BM-BP,89,0,2.1011999997426756,2.0710333331711204,2.082900000459631,0.0,0.0,0.0,0.0182999992830446,true
5,SF-BP,89,0,2.1929999984422466,1.961233332925379,2.1631999989040196,0.0,0.0,0.0,0.029799999538226984,true
5,LDPC-BP,90,0,4.443600000740844,4.3851666669070255,4.424200000357814,0.0,0.0,0.0,0.019400000383029692,true
5,LM-Top1,90,0,4.654500000469852,4.396966666718072,4.6274999986053444,0.0,0.0,0.0,0.027000001864507794,true
5,BM-BP,90,0,4.423800000949996,4.5220666664439095,4.404300001624506,0.0,0.0,0.0,0.019499999325489625,true
5,SF-BP,90,0,4.37670000064827,4.408466666973254,4.3607000006886665,0.0,0.0,0.0,0.015999999959603883,true
5,LDPC-BP,91,0,7.034000000203378,6.846366666650283,7.001699999818811,0.0,0.0,0.0,0.032300000384566374,true
5,LM-Top1,91,1,63.36419999934151,64.96483333376091,6.600900000194088,56.689499999265536,0.0,0.0,0.07379999988188501,true
5,BM-BP,91,1,78.80300000033458,72.73526666692003,6.884299999001087,69.82960000095773,0.4712000027211616,1.3947999996162253,0.22309999803837854,true
5,SF-BP,91,1,81.26940000147442,72.2773666663367,9.93930000004184,65.8437000001868,0.5583999991358723,4.701599998952588,0.22640000315732323,true
5,LDPC-BP,92,0,1.92349999997532,1.9248000004760495,1.8968000003951602,0.0,0.0,0.0,0.026699999580159783,true
5,LM-Top1,92,0,1.837800000430434,2.0050999998299326,1.8190999999205815,0.0,0.0,0.0,0.018700000509852543,true
5,BM-BP,92,0,1.7738999995344784,1.886666666905512,1.7594000000826782,0.0,0.0,0.0,0.01449999945180025,true
5,SF-BP,92,0,1.869200001237914,2.0479000004343106,1.8490000002202578,0.0,0.0,0.0,0.020200001017656177,true
5,LDPC-BP,93,0,7.0666999999957625,7.975733332993211,7.031300001472118,0.0,0.0,0.0,0.03539999852364417,true
5,LM-Top1,93,1,71.18199999968056,67.30136666647013,7.654799999727402,63.43920000108483,0.0,0.0,0.08799999886832666,true
5,BM-BP,93,1,69.14560000041092,68.81396666752455,7.134200001019053,59.80429999908665,0.44669999806501437,1.5081999972608173,0.252200004979386,true
5,SF-BP,93,1,53.786399999808054,67.03333333401436,6.896799999594805,43.430900001112605,0.31239999952958897,2.9731000013271114,0.17319999824394472,true
5,LDPC-BP,94,0,6.969899999603513,6.795600000259583,6.940299999769195,0.0,0.0,0.0,0.029599999834317714,true
5,LM-Top1,94,1,37.82789999968372,60.82559999958903,6.570600000486593,31.18719999838504,0.0,0.0,0.07010000081209,true
5,BM-BP,94,1,67.44369999978517,73.18799999999707,6.828999999925145,58.784999999261345,0.30469999910565093,1.3498999996954808,0.1751000017975457,true
5,SF-BP,94,1,71.71279999965918,75.12573333375865,8.23829999899317,59.13289999989502,0.39179999839689117,3.669600000648643,0.28020000172546133,true
5,LDPC-BP,95,0,1.5545000005658949,1.3815999997556598,1.5127000006032176,0.0,0.0,0.0,0.04179999996267725,true
5,LM-Top1,95,0,1.375099998767837,1.2993333333118546,1.3568000013037818,0.0,0.0,0.0,0.018299997464055195,true
5,BM-BP,95,0,1.283999999941443,1.3120000000223324,1.2678999992203899,0.0,0.0,0.0,0.01610000072105322,true
5,SF-BP,95,0,1.4632000002166023,1.3208666672047304,1.432000000932021,0.0,0.0,0.0,0.03119999928458128,true
5,LDPC-BP,96,0,2.8870999994978774,2.8125000004971903,2.8668000013567507,0.0,0.0,0.0,0.020299998141126707,true
5,LM-Top1,96,0,2.815599998939433,2.7506999998270962,2.7890999990631826,0.0,0.0,0.0,0.026499999876250513,true
5,BM-BP,96,0,2.7924999994866084,2.732333333066587,2.7759999993577367,0.0,0.0,0.0,0.01650000012887176,true
5,SF-BP,96,0,2.8681999992841156,2.8358000002602544,2.845000000888831,0.0,0.0,0.0,0.023199998395284638,true
5,LDPC-BP,97,0,1.220800000737654,1.17706666696904,1.20489999972051,0.0,0.0,0.0,0.01590000101714395,true
5,LM-Top1,97,0,1.562599998578662,1.208066666549712,1.533600001494051,0.0,0.0,0.0,0.028999997084611095,true
5,BM-BP,97,0,1.171400001112488,1.3006999994710593,1.1568999998416984,0.0,0.0,0.0,0.014500001270789653,true
5,SF-BP,97,0,1.1981999996351078,1.168399999490551,1.1838999998872168,0.0,0.0,0.0,0.014299999747890979,true
5,LDPC-BP,98,0,1.2515000016719569,1.178766666877588,1.2305000000196742,0.0,0.0,0.0,0.021000001652282663,true
5,LM-Top1,98,0,1.1728000008588424,1.1967333336239487,1.1569999987841584,0.0,0.0,0.0,0.015800002074684016,true
5,BM-BP,98,0,1.19510000149603,1.1304999998174026,1.1789999989559874,0.0,0.0,0.0,0.016100002540042624,true
5,SF-BP,98,0,1.2662000008276664,1.2882333339803154,1.2450999984139344,0.0,0.0,0.0,0.021100002413732,true
5,LDPC-BP,99,0,1.6071000009105774,1.4494000000316494,1.5879999991739169,0.0,0.0,0.0,0.019100001736660488,true
5,LM-Top1,99,0,1.759900000251946,1.422166666391907,1.738400000249385,0.0,0.0,0.0,0.021500000002561137,true
5,BM-BP,99,0,1.732599999741069,1.424533334102307,1.7149999985122122,0.0,0.0,0.0,0.017600001228856854,true
5,SF-BP,99,0,1.684100001511979,1.4987333336951754,1.6661999998177635,0.0,0.0,0.0,0.01790000169421546,true
6,LDPC-BP,0,0,1.3732999996136641,1.1544000002080186,1.3357000007090392,0.0,0.0,0.0,0.037599998904624954,true
6,LM-Top1,0,0,1.3706000008824049,1.222533333323857,1.3290999995660968,0.0,0.0,0.0,0.041500001316308044,true
6,BM-BP,0,0,1.2291999992157798,1.216799999989841,1.209400001243921,0.0,0.0,0.0,0.01979999797185883,true
6,SF-BP,0,0,1.1771999998018146,1.1857333326285395,1.1615000003075693,0.0,0.0,0.0,0.015699999494245276,true
6,LDPC-BP,1,0,1.084699999410077,1.0455666664104986,1.0693999993236503,0.0,0.0,0.0,0.015300000086426735,true
6,LM-Top1,1,0,1.066299999365583,0.9998333334806375,1.0466000003361842,0.0,0.0,0.0,0.019699999029398896,true
6,BM-BP,1,0,1.0615000010147924,1.0591000003235724,1.0462999998708256,0.0,0.0,0.0,0.015200001143966801,true
6,SF-BP,1,0,1.0514999994484242,1.0058000001057128,1.0326999999961117,0.0,0.0,0.0,0.018799999452312477,true
6,LDPC-BP,2,0,0.9320999997726176,0.9056333328771871,0.9169000004476402,0.0,0.0,0.0,0.015199999324977398,true
6,LM-Top1,2,0,0.8940999996411847,0.9070000002490511,0.8812000014586374,0.0,0.0,0.0,0.012899998182547279,true
6,BM-BP,2,0,0.8895000009943033,0.8818333323385256,0.8773999998084037,0.0,0.0,0.0,0.0121000011858996,true
6,SF-BP,2,0,0.8739000004425179,0.9014999995997641,0.8618000010756077,0.0,0.0,0.0,0.012099999366910197,true
6,LDPC-BP,3,0,1.1795999998867046,1.0240999993887574,1.1176000007253606,0.0,0.0,0.0,0.06199999916134402,true
6,LM-Top1,3,0,1.2604999992618104,1.0550999995757593,1.225699999849894,0.0,0.0,0.0,0.03479999941191636,true
6,BM-BP,3,0,1.0672000007616589,1.0564333333604736,1.0492000001249835,0.0,0.0,0.0,0.018000000636675395,true
6,SF-BP,3,0,1.043500000378117,1.1888000002121164,1.028799999403418,0.0,0.0,0.0,0.014700000974698924,true
6,LDPC-BP,4,0,1.0713000010582618,0.9957666661648545,1.0566999990260229,0.0,0.0,0.0,0.01460000203223899,true
6,LM-Top1,4,0,1.0232999993604608,1.0313666662113974,1.0100999988935655,0.0,0.0,0.0,0.01320000046689529,true
6,BM-BP,4,0,1.007200000458397,1.0249333336105337,0.9946999998646788,0.0,0.0,0.0,0.012500000593718141,true
6,SF-BP,4,0,1.3550000003306195,1.014966666843975,1.3238999999884982,0.0,0.0,0.0,0.031100000342121348,true
6,LDPC-BP,5,0,2.1832000002177665,1.5868333327186217,2.1509000016521895,0.0,0.0,0.0,0.03229999856557697,true
6,LM-Top1,5,0,2.2480999996332685,1.6325000002931727,2.219100000729668,0.0,0.0,0.0,0.0289999989036005,true
6,BM-BP,5,0,2.245400000902009,1.6284999995453593,2.219199999672128,0.0,0.0,0.0,0.02620000122988131,true
6,SF-BP,5,0,2.3201000003609806,1.5794666669535218,2.291799999511568,0.0,0.0,0.0,0.028300000849412754,true
6,LDPC-BP,6,0,0.9774999998626299,0.9313333333314707,0.9558999990986194,0.0,0.0,0.0,0.021600000764010474,true
6,LM-Top1,6,0,1.2870000009570504,0.8837666664476274,1.2050000004819594,0.0,0.0,0.0,0.08200000047509093,true
6,BM-BP,6,0,1.2284000004001427,0.9102666669302076,1.2093999994249316,0.0,0.0,0.0,0.01900000097521115,true
6,SF-BP,6,0,1.0669000002963003,0.9000000003046201,1.0387999991507968,0.0,0.0,0.0,0.028100001145503484,true
6,LDPC-BP,7,0,1.1099000003014226,1.0247999998682644,1.0931000015261816,0.0,0.0,0.0,0.016799998775240965,true
6,LM-Top1,7,0,1.1058999989472795,1.0213666670703485,1.0880000008910429,0.0,0.0,0.0,0.017899998056236655,true
6,BM-BP,7,0,1.0332999991078395,1.0243666662669664,1.0175999996135943,0.0,0.0,0.0,0.015699999494245276,true
6,SF-BP,7,0,1.0244000004604459,1.0546666671871208,1.010399999358924,0.0,0.0,0.0,0.014000001101521775,true
6,LDPC-BP,8,0,1.0486999999557156,1.1576333333020254,1.0349999993195524,0.0,0.0,0.0,0.013700000636163168,true
6,LM-Top1,8,0,1.012099999570637,1.1707000000266514,0.9984999996959232,0.0,0.0,0.0,0.01359999987471383,true
6,BM-BP,8,0,1.2838000002375338,1.193533333813927,1.2578999994730111,0.0,0.0,0.0,0.0259000007645227,true
6,SF-BP,8,0,1.0841999992408091,1.1561333334005515,1.0583000002952758,0.0,0.0,0.0,0.025899998945533298,true
6,LDPC-BP,9,0,1.841999999669497,1.8486666661677493,1.8149000006815186,0.0,0.0,0.0,0.027099998987978324,true
6,LM-Top1,9,0,1.7363999995723134,1.898099999986395,1.7205999993166188,0.0,0.0,0.0,0.015800000255694613,true
6,BM-BP,9,0,1.7178000016428996,1.772033333206006,1.7035000000760192,0.0,0.0,0.0,0.014300001566880383,true
6,SF-BP,9,0,1.7184000007546274,1.8095999997361407,1.7031000006682007,0.0,0.0,0.0,0.015300000086426735,true
6,LDPC-BP,10,0,1.1152999995829305,1.0274333326378837,1.0975999994116137,0.0,0.0,0.0,0.017700000171316788,true
6,LM-Top1,10,0,1.074599998901249,1.0434000002229975,1.0437000000820262,0.0,0.0,0.0,0.030899998819222674,true
6,BM-BP,10,0,1.133900001150323,1.090700000228632,1.1116000005131355,0.0,0.0,0.0,0.022300000637187622,true
6,SF-BP,10,0,1.603800001248601,1.0100999994998954,1.5816999984963331,0.0,0.0,0.0,0.022100002752267756,true
6,LDPC-BP,11,0,1.5767000004416332,1.1517333338512497,1.5561999989586184,0.0,0.0,0.0,0.020500001483014785,true
6,LM-Top1,11,0,1.247700000021723,1.1569333334288483,1.225799998792354,0.0,0.0,0.0,0.02190000122936908,true
6,BM-BP,11,0,1.178500000605709,1.167866666946793,1.16370000068855,0.0,0.0,0.0,0.014799999917158857,true
6,SF-BP,11,0,1.2139999998908024,1.1532000007719034,1.19510000149603,0.0,0.0,0.0,0.01889999839477241,true
6,LDPC-BP,12,0,1.206599999932223,1.2317333330429392,1.1892000002262648,0.0,0.0,0.0,0.01739999970595818,true
6,LM-Top1,12,0,1.170300000012503,1.1754999995901017,1.154399998995359,0.0,0.0,0.0,0.01590000101714395,true
6,BM-BP,12,0,1.2561000003188383,1.2586666665204878,1.2341999990894692,0.0,0.0,0.0,0.02190000122936908,true
6,SF-BP,12,0,1.4052999995328719,1.2080666662465471,1.3894000003347173,0.0,0.0,0.0,0.015899999198154546,true
6,LDPC-BP,13,0,1.0421000006317627,0.9062000002207545,1.0259000009682495,0.0,0.0,0.0,0.016199999663513154,true
6,LM-Top1,13,0,1.2370000004011672,0.9041000006012231,1.2112999993405538,0.0,0.0,0.0,0.02570000106061343,true
6,BM-BP,13,0,0.9160999998130137,0.9155666666629259,0.9009999994304962,0.0,0.0,0.0,0.015100000382517464,true
6,SF-BP,13,0,0.8711999998922693,0.9228333334855657,0.8576999989600154,0.0,0.0,0.0,0.013500000932253897,true
6,LDPC-BP,14,0,1.3509999989764765,1.1861999998169874,1.3235999995231396,0.0,0.0,0.0,0.027399999453336932,true
6,LM-Top1,14,0,1.4014999997016275,1.158400000349502,1.382299999022507,0.0,0.0,0.0,0.01920000067912042,true
6,BM-BP,14,0,1.6553000004932983,1.1463666657315723,1.6273000001092441,0.0,0.0,0.0,0.028000000384054147,true
6,SF-BP,14,0,1.2761000016325852,1.1506000003767742,1.249400000233436,0.0,0.0,0.0,0.026700001399149187,true
6,LDPC-BP,15,0,1.2305000000196742,1.140099999853798,1.2145000000600703,0.0,0.0,0.0,0.015999999959603883,true
6,LM-Top1,15,0,1.2520999989646953,1.1319000004732516,1.2317000000621192,0.0,0.0,0.0,0.020399998902576044,true
6,BM-BP,15,0,1.165400000900263,1.2118000001161515,1.151899999968009,0.0,0.0,0.0,0.013500000932253897,true
6,SF-BP,15,0,1.1586000000534113,1.2382999993860722,1.1445000000094296,0.0,0.0,0.0,0.014100000043981709,true
6,LDPC-BP,16,0,0.9700999999040505,0.9463333335588686,0.9558999990986194,0.0,0.0,0.0,0.014200000805431046,true
6,LM-Top1,16,0,1.02100000003702,0.9731666668812977,0.992499999483698,0.0,0.0,0.0,0.028500000553322025,true
6,BM-BP,16,0,0.9943000004568603,0.9283333329221932,0.9766000002855435,0.0,0.0,0.0,0.017700000171316788,true
6,SF-BP,16,0,0.9057000006578164,0.9280666666503142,0.8916999995562946,0.0,0.0,0.0,0.014000001101521775,true
6,LDPC-BP,17,0,1.426799999535433,1.170566666284382,1.403599999321159,0.0,0.0,0.0,0.02320000021427404,true
6,LM-Top1,17,0,1.4030000002094312,1.1753666676668217,1.3862000014341902,0.0,0.0,0.0,0.016799998775240965,true
6,BM-BP,17,0,1.282799999898998,1.1928666669215697,1.2550999999803025,0.0,0.0,0.0,0.02769999991869554,true
6,SF-BP,17,0,1.4256000013119774,1.15896666648041,1.3995999997860054,0.0,0.0,0.0,0.02600000152597204,true
6,LDPC-BP,18,0,1.0844999997061677,1.055833333642416,1.0686000005080132,0.0,0.0,0.0,0.015899999198154546,true
6,LM-Top1,18,0,1.1734999989130301,1.0303666670855212,1.146599999628961,0.0,0.0,0.0,0.026899999284069054,true
6,BM-BP,18,0,1.1386999995011138,1.0732333333483741,1.1233000004722271,0.0,0.0,0.0,0.015399999028886668,true
6,SF-BP,18,0,1.036499999827356,1.0309999997843988,1.0235000008833595,0.0,0.0,0.0,0.012999998943996616,true
6,LDPC-BP,19,0,1.1819999999715947,1.1713333339381886,1.1689999992086086,0.0,0.0,0.0,0.01300000076298602,true
6,LM-Top1,19,0,1.1431999992055353,1.1861666662298376,1.1296999982732814,0.0,0.0,0.0,0.013500000932253897,true
6,BM-BP,19,0,1.2986000001546927,1.2134666667407146,1.2771000001521315,0.0,0.0,0.0,0.021500000002561137,true
6,SF-BP,19,0,1.2126000001444481,1.2662666661829765,1.191100000141887,0.0,0.0,0.0,0.021500000002561137,true
6,LDPC-BP,20,0,1.0659999989002245,1.0361666669875074,1.0506999988137977,0.0,0.0,0.0,0.015300000086426735,true
6,LM-Top1,20,0,1.0213000005023787,1.1035333336621989,1.0081000000354834,0.0,0.0,0.0,0.01320000046689529,true
6,BM-BP,20,0,0.9981000002881046,1.0772333334898576,0.9853999999904772,0.0,0.0,0.0,0.012700000297627412,true
6,SF-BP,20,0,1.0330999994039303,1.033866666451407,1.01859999995213,0.0,0.0,0.0,0.01449999945180025,true
6,LDPC-BP,21,0,1.1694000004354166,1.018899999204829,1.135700000304496,0.0,0.0,0.0,0.03370000013092067,true
6,LM-Top1,21,0,1.178000000436441,1.0232666663796408,1.1563000007299706,0.0,0.0,0.0,0.021699999706470408,true
6,BM-BP,21,0,1.0665999998309417,1.0959333327870506,1.0490000004210742,0.0,0.0,0.0,0.01759999940986745,true
6,SF-BP,21,0,1.035299999784911,0.9911666663053135,1.020200001221383,0.0,0.0,0.0,0.015099998563528061,true
6,LDPC-BP,22,0,1.0624999995343387,1.0335666659860483,1.0474999999132706,0.0,0.0,0.0,0.014999999621068127,true
6,LM-Top1,22,0,1.0510000010981457,1.0616666671315518,1.038200000039069,0.0,0.0,0.0,0.012800001059076749,true
6,BM-BP,22,0,1.272199999220902,1.039366667707024,1.2411000006977702,0.0,0.0,0.0,0.031099998523131944,true
6,SF-BP,22,0,1.104999999370193,1.0469666667631827,1.0758000007626833,0.0,0.0,0.0,0.02919999860750977,true
6,LDPC-BP,23,0,2.307100001416984,2.3485000001528533,2.2912999993423,0.0,0.0,0.0,0.015800002074684016,true
6,LM-Top1,23,0,2.2241000006033573,2.3280333328633183,2.2095000003901077,0.0,0.0,0.0,0.014600000213249587,true
6,BM-BP,23,0,2.2589000000152737,2.3493666667491198,2.2451000004366506,0.0,0.0,0.0,0.013799999578623101,true
6,SF-BP,23,0,2.779000000373344,2.3293333330608825,2.741900001637987,0.0,0.0,0.0,0.037099998735357076,true
6,LDPC-BP,24,0,1.0765000006358605,1.1479333334136754,1.0581000005913666,0.0,0.0,0.0,0.018400000044493936,true
6,LM-Top1,24,0,1.0302999999112217,1.1354999999942568,1.0139000005437993,0.0,0.0,0.0,0.016399999367422424,true
6,BM-BP,24,0,1.0390999996161554,1.172000000224216,1.0238999984721886,0.0,0.0,0.0,0.015200001143966801,true
6,SF-BP,24,0,1.0122000003320863,1.211899999664941,0.9980000013456447,0.0,0.0,0.0,0.014199998986441642,true
6,LDPC-BP,25,0,1.328400001511909,1.2027000005521888,1.3018000008742092,0.0,0.0,0.0,0.02660000063769985,true
6,LM-Top1,25,0,1.271499999347725,1.2662333332021565,1.2437000004865695,0.0,0.0,0.0,0.027799998861155473,true
6,BM-BP,25,0,1.1997000001429114,1.3269999999465654,1.184599999760394,0.0,0.0,0.0,0.015100000382517464,true
6,SF-BP,25,0,1.1372000008122995,1.2780000003355478,1.123899999583955,0.0,0.0,0.0,0.013300001228344627,true
6,LDPC-BP,26,0,1.2224999991303775,1.1626333337820445,1.2084000009053852,0.0,0.0,0.0,0.014099998224992305,true
6,LM-Top1,26,0,1.1675000005197944,1.1805999996189105,1.1537000009411713,0.0,0.0,0.0,0.013799999578623101,true
6,BM-BP,26,0,1.1651999993773643,1.161599999856359,1.1486000003060326,0.0,0.0,0.0,0.016599999071331695,true
6,SF-BP,26,0,1.150000000052387,1.1688999990534892,1.1363000012352131,0.0,0.0,0.0,0.013699998817173764,true
6,LDPC-BP,27,0,1.2451000002329238,1.1771000002530247,1.2294000007386785,0.0,0.0,0.0,0.015699999494245276,true
6,LM-Top1,27,0,1.1448999994172482,1.1423999997835683,1.1312000006000744,0.0,0.0,0.0,0.013699998817173764,true
6,BM-BP,27,0,1.1431000002630753,1.1528666661130653,1.1297000000922708,0.0,0.0,0.0,0.01340000017080456,true
6,SF-BP,27,0,1.1154999992868397,1.220866666699294,1.1015000000043074,0.0,0.0,0.0,0.013999999282532372,true
6,LDPC-BP,28,0,1.111599998694146,1.0642999992948414,1.083499999367632,0.0,0.0,0.0,0.02809999932651408,true
6,LM-Top1,28,0,1.144199999544071,1.0397333329213627,1.1208000014448771,0.0,0.0,0.0,0.02339999809919391,true
6,BM-BP,28,0,1.0542999989411328,1.1155000004994993,1.0402999996586004,0.0,0.0,0.0,0.013999999282532372,true
6,SF-BP,28,0,1.1925999988307012,1.0547666667359106,1.1645000013231765,0.0,0.0,0.0,0.028099997507524677,true
6,LDPC-BP,29,0,1.0573000017757295,1.0616666665252221,1.0413999989395961,0.0,0.0,0.0,0.015900002836133353,true
6,LM-Top1,29,0,1.0255999986839015,1.0607666663418058,1.0106999998242827,0.0,0.0,0.0,0.01489999885961879,true
6,BM-BP,29,0,1.0313000002497574,1.0286666668738083,1.0176999985560542,0.0,0.0,0.0,0.013600001693703234,true
6,SF-BP,29,0,1.153100000010454,1.044733333401382,1.1338999993313337,0.0,0.0,0.0,0.01920000067912042,true
6,LDPC-BP,30,0,1.0707000001275446,1.06463333274102,1.05480000092939,0.0,0.0,0.0,0.015899999198154546,true
6,LM-Top1,30,0,1.0295000010955846,1.0153333338773034,1.0158999994018814,0.0,0.0,0.0,0.013600001693703234,true
6,BM-BP,30,0,1.1023999995813938,1.0519000000689023,1.0849999998754356,0.0,0.0,0.0,0.01739999970595818,true
6,SF-BP,30,0,1.1070000000472646,1.0277666660840623,1.0891000001720386,0.0,0.0,0.0,0.017899999875226058,true
6,LDPC-BP,31,0,1.055699998687487,1.0148666672951852,1.0412000010546762,0.0,0.0,0.0,0.014499997632810846,true
6,LM-Top1,31,0,1.1348000007274095,1.0461333331477363,1.1180000001331791,0.0,0.0,0.0,0.01680000059423037,true
6,BM-BP,31,0,1.1178000004292699,1.0421000006317627,1.1002000010194024,0.0,0.0,0.0,0.01759999940986745,true
6,SF-BP,31,0,1.0177999993175035,1.0413666671714357,1.0040999986813404,0.0,0.0,0.0,0.013700000636163168,true
6,LDPC-BP,32,0,0.7657000005565351,0.7807666661392432,0.7533999996667262,0.0,0.0,0.0,0.01230000088980887,true
6,LM-Top1,32,0,0.8176999999705004,0.7668999999926503,0.8006999996723607,0.0,0.0,0.0,0.01700000029813964,true
6,BM-BP,32,0,0.7652999993297271,0.7458333329850575,0.7521000006818213,0.0,0.0,0.0,0.013199998647905886,true
6,SF-BP,32,0,0.7523000003857305,0.7462999995671756,0.7399000005534617,0.0,0.0,0.0,0.012399999832268804,true
6,LDPC-BP,33,0,1.3470000012603123,1.2405666669413524,1.3218000003689667,0.0,0.0,0.0,0.025200000891345553,true
6,LM-Top1,33,0,1.1994999986200128,1.2493000000783165,1.184099999591126,0.0,0.0,0.0,0.015399999028886668,true
6,BM-BP,33,0,1.1634000002231915,1.1780666657917511,1.1497999985294882,0.0,0.0,0.0,0.013600001693703234,true
6,SF-BP,33,0,1.1353000008966774,1.1875666671888514,1.1218999989068834,0.0,0.0,0.0,0.013400001989793964,true
6,LDPC-BP,34,0,1.035299999784911,1.0485333338389562,1.0223999997833744,0.0,0.0,0.0,0.012900000001536682,true
6,LM-Top1,34,0,1.0180999997828621,1.018366666661071,1.0033999988081632,0.0,0.0,0.0,0.014700000974698924,true
6,BM-BP,34,0,1.0333999998692889,1.102066666741545,1.0204999998677522,0.0,0.0,0.0,0.012900000001536682,true
6,SF-BP,34,0,1.1331999994581565,1.0228999999526422,1.114900000175112,0.0,0.0,0.0,0.0182999992830446,true
6,LDPC-BP,35,0,1.189999999041902,1.1882999994365189,1.1740000009012874,0.0,0.0,0.0,0.01599999814061448,true
6,LM-Top1,35,0,1.1479000004328554,1.2510999992324894,1.132700001107878,0.0,0.0,0.0,0.015199999324977398,true
6,BM-BP,35,0,1.1359000000084052,1.201233333631535,1.1230000000068685,0.0,0.0,0.0,0.012900000001536682,true
6,SF-BP,35,0,1.159699999334407,1.3646000000638498,1.1460000005172333,0.0,0.0,0.0,0.013699998817173764,true
6,LDPC-BP,36,0,1.0636999995767837,1.0549000010845095,1.0502000004635192,0.0,0.0,0.0,0.013499999113264494,true
6,LM-Top1,36,0,1.3484999999491265,1.046666666904154,1.3177999990148237,0.0,0.0,0.0,0.030700000934302807,true
6,BM-BP,36,0,1.0741999994934304,1.1102333337476011,1.0580999987723771,0.0,0.0,0.0,0.01610000072105322,true
6,SF-BP,36,0,1.029299999572686,1.169833333430385,1.0142999999516178,0.0,0.0,0.0,0.014999999621068127,true
6,LDPC-BP,37,0,0.952599999436643,0.9614000003542363,0.9259999987989431,0.0,0.0,0.0,0.02660000063769985,true
6,LM-Top1,37,0,0.9558999990986194,0.9811333335771147,0.939900000958005,0.0,0.0,0.0,0.01599999814061448,true
6,BM-BP,37,0,0.8763999994698679,1.04286666586025,0.8636999991722405,0.0,0.0,0.0,0.012700000297627412,true
6,SF-BP,37,0,1.0282999992341502,1.0524000008445,0.9936000005836831,0.0,0.0,0.0,0.03469999865046702,true
6,LDPC-BP,38,0,1.0724000003392575,1.262700000249121,1.0554999989835778,0.0,0.0,0.0,0.016900001355679706,true
6,LM-Top1,38,0,1.0312000013072975,1.306733333573599,1.0153000002901535,0.0,0.0,0.0,0.01590000101714395,true
6,BM-BP,38,0,1.000600001134444,1.140966667056394,0.9872000009636395,0.0,0.0,0.0,0.01340000017080456,true
6,SF-BP,38,0,1.0428000005049398,1.183666665989828,1.0271999999531545,0.0,0.0,0.0,0.015600000551785342,true
6,LDPC-BP,39,0,1.346900000498863,1.4014666667208076,1.331400000708527,0.0,0.0,0.0,0.015499999790336005,true
6,LM-Top1,39,0,1.302399999985937,1.5049333330049801,1.2876000000687782,0.0,0.0,0.0,0.014799999917158857,true
6,BM-BP,39,0,1.6077000000223052,1.5045666665779815,1.5675999984523514,0.0,0.0,0.0,0.04010000156995375,true
6,SF-BP,39,0,1.429299998562783,1.3223333329127247,1.4065000013943063,0.0,0.0,0.0,0.022799997168476693,true
6,LDPC-BP,40,0,1.0779000003822148,1.0669666662579402,1.0583999992377358,0.0,0.0,0.0,0.01950000114447903,true
6,LM-Top1,40,0,1.045800001520547,1.0482333333735976,1.0307000011380296,0.0,0.0,0.0,0.015100000382517464,true
6,BM-BP,40,0,1.007299999400857,1.0460999995605864,0.9936000005836831,0.0,0.0,0.0,0.013699998817173764,true
6,SF-BP,40,0,1.2169999990874203,1.0539666667076137,1.183800000944757,0.0,0.0,0.0,0.03319999814266339,true
6,LDPC-BP,41,0,1.0996000000886852,1.027999999981451,1.0831999989022734,0.0,0.0,0.0,0.016400001186411828,true
6,LM-Top1,41,0,1.0432999988552183,1.059533332712211,1.0296999989805045,0.0,0.0,0.0,0.01359999987471383,true
6,BM-BP,41,0,1.0478999993210891,1.0991000005257472,1.0323000005882932,0.0,0.0,0.0,0.015599998732795939,true
6,SF-BP,41,0,1.0259000009682495,1.1590666678481891,1.0119999988091877,0.0,0.0,0.0,0.013900002159061842,true
6,LDPC-BP,42,0,1.3627000007545575,1.3298333336327535,1.3487999985954957,0.0,0.0,0.0,0.013900002159061842,true
6,LM-Top1,42,0,1.4009999995323597,1.2986000001546927,1.375400001052185,0.0,0.0,0.0,0.02559999848017469,true
6,BM-BP,42,0,1.4539000003424007,1.2933666669899442,1.424399999450543,0.0,0.0,0.0,0.02950000089185778,true
6,SF-BP,42,0,1.3625000010506483,1.297133333234039,1.3470000012603123,0.0,0.0,0.0,0.015499999790336005,true
6,LDPC-BP,43,0,0.9322999994765269,0.945000000380484,0.9189000011247117,0.0,0.0,0.0,0.013399998351815157,true
6,LM-Top1,43,0,0.940699999773642,0.9556999993947102,0.9261999985028524,0.0,0.0,0.0,0.014500001270789653,true
6,BM-BP,43,0,0.8949000002758112,0.8981333327634881,0.8821999999781838,0.0,0.0,0.0,0.012700000297627412,true
6,SF-BP,43,0,0.8825999993860023,0.9765666660920639,0.8703000003151828,0.0,0.0,0.0,0.012299999070819467,true
6,LDPC-BP,44,0,1.297099999646889,1.186933333883644,1.271400000405265,0.0,0.0,0.0,0.025699999241624027,true
6,LM-Top1,44,0,1.1909999993804377,1.228100000541114,1.1753999988286523,0.0,0.0,0.0,0.015600000551785342,true
6,BM-BP,44,0,1.2578999994730111,1.341566666572665,1.235899999301182,0.0,0.0,0.0,0.022000000171829015,true
6,SF-BP,44,0,1.2108999999327352,1.189133333658295,1.19520000043849,0.0,0.0,0.0,0.015699999494245276,true
6,LDPC-BP,45,0,0.9388999988004798,0.8662333336057296,0.9242000014637597,0.0,0.0,0.0,0.014699997336720116,true
6,LM-Top1,45,0,0.9138999994320329,0.8924333336229514,0.9009999994304962,0.0,0.0,0.0,0.012900000001536682,true
6,BM-BP,45,0,1.0099000010086456,0.8945333338488126,0.9795000005397014,0.0,0.0,0.0,0.0304000004689442,true
6,SF-BP,45,0,1.0247000009258045,0.9354666660025638,1.006799999231589,0.0,0.0,0.0,0.01790000169421546,true
6,LDPC-BP,46,0,1.1431000002630753,1.01373333382071,1.117300000260002,0.0,0.0,0.0,0.025800000003073364,true
6,LM-Top1,46,0,1.0301000002073124,1.0048666669414767,1.0153000002901535,0.0,0.0,0.0,0.014799999917158857,true
6,BM-BP,46,0,1.0141000002477085,1.030499999615131,0.9997000015573576,0.0,0.0,0.0,0.014399998690350913,true
6,SF-BP,46,0,1.0380999992776196,1.0119666670410272,1.0258000002068002,0.0,0.0,0.0,0.012299999070819467,true
6,LDPC-BP,47,0,1.3799000007566065,1.427166667175091,1.3662999990629032,0.0,0.0,0.0,0.013600001693703234,true
6,LM-Top1,47,0,1.3397000002441928,1.619599999685306,1.3230999993538717,0.0,0.0,0.0,0.0166000008903211,true
6,BM-BP,47,0,1.2826000001950888,1.371333333736402,1.2676000005740207,0.0,0.0,0.0,0.014999999621068127,true
6,SF-BP,47,0,1.3882000002922723,1.3146000001142966,1.369799998428789,0.0,0.0,0.0,0.01840000186348334,true
6,LDPC-BP,48,0,0.7992999999260064,0.9092333330045221,0.7851999998820247,0.0,0.0,0.0,0.014100000043981709,true
6,LM-Top1,48,0,0.7719999994151294,0.8229333337415786,0.7590000004711328,0.0,0.0,0.0,0.012999998943996616,true
6,BM-BP,48,0,0.7616999992023921,0.8962000004733758,0.7499999992433004,0.0,0.0,0.0,0.011699999959091656,true
6,SF-BP,48,0,0.7719000004726695,0.8670000000468766,0.7590999994135927,0.0,0.0,0.0,0.012800001059076749,true
6,LDPC-BP,49,0,1.23639999947045,1.2571333330318641,1.2206999999762047,0.0,0.0,0.0,0.015699999494245276,true
6,LM-Top1,49,0,1.9439000006968854,1.3710333332710434,1.9190999992133584,0.0,0.0,0.0,0.024800001483527012,true
6,BM-BP,49,0,1.3722000003326684,1.3029666667231747,1.342399998975452,0.0,0.0,0.0,0.029800001357216388,true
6,SF-BP,49,0,1.228600000104052,1.2652333334699506,1.2116000016249018,0.0,0.0,0.0,0.016999998479150236,true
6,LDPC-BP,50,0,2.2286999992502388,1.5978999999788357,2.1839000000909436,0.0,0.0,0.0,0.04479999915929511,true
6,LM-Top1,50,0,1.6727999991417164,1.5916666670818813,1.6543999990972225,0.0,0.0,0.0,0.018400000044493936,true
6,BM-BP,50,0,1.7286999991483754,1.5537666664992382,1.6949999990174547,0.0,0.0,0.0,0.03370000013092067,true
6,SF-BP,50,0,1.7370000005030306,1.6225666665074339,1.7036999997799285,0.0,0.0,0.0,0.03330000072310213,true
6,LDPC-BP,51,0,0.9315999996033497,0.9697999994386919,0.915000000532018,0.0,0.0,0.0,0.016599999071331695,true
6,LM-Top1,51,0,1.040699999066419,1.0219333332012563,1.0117999991052784,0.0,0.0,0.0,0.028899999961140566,true
6,BM-BP,51,0,0.922799999898416,0.9435000004790103,0.9068000017578015,0.0,0.0,0.0,0.01599999814061448,true
6,SF-BP,51,0,0.9229999996023253,0.9803999995104581,0.9084999983315356,0.0,0.0,0.0,0.014500001270789653,true
6,LDPC-BP,52,0,0.9277999997721054,0.943833333318859,0.9148999997705687,0.0,0.0,0.0,0.012900000001536682,true
6,LM-Top1,52,0,1.0180999997828621,1.0120666659834872,0.9915000009641517,0.0,0.0,0.0,0.026599998818710446,true
6,BM-BP,52,0,0.9301999998569954,0.9280999996311342,0.9164000002783723,0.0,0.0,0.0,0.013799999578623101,true
6,SF-BP,52,0,0.9164999992208323,0.9839666660506433,0.9038000007421942,0.0,0.0,0.0,0.012699998478638008,true
6,LDPC-BP,53,0,1.3278999995236518,1.317133333941456,1.3003000003664056,0.0,0.0,0.0,0.027599999157246202,true
6,LM-Top1,53,0,1.2950000000273576,1.3024999995347268,1.2759000001096865,0.0,0.0,0.0,0.019099999917671084,true
6,BM-BP,53,0,1.2372000001050765,1.3283666673184296,1.2227000006532762,0.0,0.0,0.0,0.01449999945180025,true
6,SF-BP,53,0,1.4627000000473345,1.3463666667424452,1.3840999999956694,0.0,0.0,0.0,0.07860000005166512,true
6,LDPC-BP,54,0,1.0266999997838866,0.9369999994911874,1.0075999998662155,0.0,0.0,0.0,0.019099999917671084,true
6,LM-Top1,54,0,0.985200000286568,0.928133333218284,0.9628999996493803,0.0,0.0,0.0,0.022300000637187622,true
6,BM-BP,54,0,0.9093000007851515,0.8971000000504622,0.8949999992182711,0.0,0.0,0.0,0.014300001566880383,true
6,SF-BP,54,0,0.8861000005708775,0.9108999996290853,0.8732999995118007,0.0,0.0,0.0,0.012800001059076749,true
6,LDPC-BP,55,0,1.0688999991543824,1.0234000001219101,1.0531000007176772,0.0,0.0,0.0,0.01579999843670521,true
6,LM-Top1,55,0,1.1121000006824033,1.0035999991184024,1.0930999997071922,0.0,0.0,0.0,0.01900000097521115,true
6,BM-BP,55,0,1.1615000003075693,1.0722000000290184,1.1367999995854916,0.0,0.0,0.0,0.024700000722077675,true
6,SF-BP,55,0,1.1097000005975133,1.0098333332280163,1.087500000721775,0.0,0.0,0.0,0.022199999875738285,true
6,LDPC-BP,56,0,0.9648000013839919,0.8682333336764714,0.9484000001975801,0.0,0.0,0.0,0.016400001186411828,true
6,LM-Top1,56,0,0.9472000001551351,0.8786333328316687,0.9307999989687232,0.0,0.0,0.0,0.016400001186411828,true
6,BM-BP,56,0,0.9122999999817694,0.8710000007946898,0.8980000002338784,0.0,0.0,0.0,0.014299999747890979,true
6,SF-BP,56,0,0.8940000006987248,0.8980666661955183,0.8794999994279351,0.0,0.0,0.0,0.014500001270789653,true
6,LDPC-BP,57,0,1.2712000007013557,1.1283999998947063,1.2393999986670678,0.0,0.0,0.0,0.0318000020342879,true
6,LM-Top1,57,0,1.137600000220118,1.0143333335387676,1.1217999999644235,0.0,0.0,0.0,0.015800000255694613,true
6,BM-BP,57,0,1.0311000005458482,1.0771000003539182,1.0172999991482357,0.0,0.0,0.0,0.013800001397612505,true
6,SF-BP,57,0,1.0527999984333292,1.1835333334602183,1.0399999991932418,0.0,0.0,0.0,0.012799999240087345,true
6,LDPC-BP,58,0,1.0719999991124496,1.0794666662453285,1.0583000002952758,0.0,0.0,0.0,0.013699998817173764,true
6,LM-Top1,58,0,1.0492000001249835,1.0259333333427396,1.036999999996624,0.0,0.0,0.0,0.012200000128359534,true
6,BM-BP,58,0,1.007999999274034,1.0518333328946028,0.9960999996110331,0.0,0.0,0.0,0.011899999663000926,true
6,SF-BP,58,0,1.4943999995011836,1.0250999997272932,1.4644000002590474,0.0,0.0,0.0,0.029999999242136255,true
6,LDPC-BP,59,0,1.7167000005429145,1.6006333341162342,1.696299999821349,0.0,0.0,0.0,0.020400000721565448,true
6,LM-Top1,59,0,1.611100000445731,1.62100000064432,1.5949999997246778,0.0,0.0,0.0,0.01610000072105322,true
6,BM-BP,59,0,1.5803999995114282,1.6031000001627642,1.5652999991289107,0.0,0.0,0.0,0.015100000382517464,true
6,SF-BP,59,0,1.6929000012169126,1.5474666664279841,1.6614999985904433,0.0,0.0,0.0,0.03140000262646936,true
6,LDPC-BP,60,0,1.2575999990076525,1.072833333334226,1.2166999986220617,0.0,0.0,0.0,0.04090000038559083,true
6,LM-Top1,60,0,1.3228999996499624,1.0376333339081611,1.2863000010838732,0.0,0.0,0.0,0.0365999985660892,true
6,BM-BP,60,0,1.0890999983530492,1.0770666661604384,1.0705999993660953,0.0,0.0,0.0,0.01849999898695387,true
6,SF-BP,60,0,1.0332000001653796,1.1111666669118374,1.01859999995213,0.0,0.0,0.0,0.014600000213249587,true
6,LDPC-BP,61,0,0.9344000009150477,0.8843666667720148,0.919100000828621,0.0,0.0,0.0,0.015300000086426735,true
6,LM-Top1,61,0,1.0153000002901535,0.8568000005955886,0.9960999996110331,0.0,0.0,0.0,0.01920000067912042,true
6,BM-BP,61,0,0.9666999994806247,0.9102333333430579,0.94609999905515,0.0,0.0,0.0,0.020600000425474718,true
6,SF-BP,61,0,0.9026000006997492,0.8772666666724641,0.8875000003172318,0.0,0.0,0.0,0.015100000382517464,true
6,LDPC-BP,62,0,1.3574999993579695,1.2936333338681532,1.3405999998212792,0.0,0.0,0.0,0.016899999536690302,true
6,LM-Top1,62,0,1.3059000011708122,1.320766667049611,1.2903000006190268,0.0,0.0,0.0,0.015600000551785342,true
6,BM-BP,62,0,1.3018000008742092,1.3180333335185423,1.2867999994341517,0.0,0.0,0.0,0.015000001440057531,true
6,SF-BP,62,0,1.4616999997087987,1.3369333331259743,1.4241999997466337,0.0,0.0,0.0,0.03749999996216502,true
6,LDPC-BP,63,0,1.3677999995707069,1.2155666675729055,1.3264000008348376,0.0,0.0,0.0,0.0413999987358693,true
6,LM-Top1,63,0,1.2683000004471978,1.1959666674859666,1.2508999989222502,0.0,0.0,0.0,0.017400001524947584,true
6,BM-BP,63,0,1.1620000004768372,1.1687333335430594,1.1463000009825919,0.0,0.0,0.0,0.015699999494245276,true
6,SF-BP,63,0,1.1699000006046845,1.2822000001809404,1.1561999999685213,0.0,0.0,0.0,0.013700000636163168,true
6,LDPC-BP,64,0,1.2239999996381812,1.2677333331036305,1.2040000001434237,0.0,0.0,0.0,0.019999999494757503,true
6,LM-Top1,64,0,1.1477999996714061,1.3196333335751358,1.1326999992888886,0.0,0.0,0.0,0.015100000382517464,true
6,BM-BP,64,0,1.2499000004027039,1.1848333336577828,1.2267999991308898,0.0,0.0,0.0,0.023100001271814108,true
6,SF-BP,64,0,1.1969999995926628,1.2158999998064246,1.1812000011559576,0.0,0.0,0.0,0.01579999843670521,true
6,LDPC-BP,65,0,1.0538000005908543,1.0167666672108073,1.0390000006736955,0.0,0.0,0.0,0.014799999917158857,true
6,LM-Top1,65,0,1.081000000340282,1.0621000001265202,1.0645999991538702,0.0,0.0,0.0,0.016400001186411828,true
6,BM-BP,65,0,1.1166999993292848,1.0348999997707626,1.0966999998345273,0.0,0.0,0.0,0.019999999494757503,true
6,SF-BP,65,0,1.0101999996550148,1.0516000002098735,0.9964000000763917,0.0,0.0,0.0,0.013799999578623101,true
6,LDPC-BP,66,0,1.4991999996709637,1.8480333334688719,1.4682000000902917,0.0,0.0,0.0,0.03099999958067201,true
6,LM-Top1,66,0,1.3462000006256858,1.3501000006120496,1.3286000012158183,0.0,0.0,0.0,0.01759999940986745,true
6,BM-BP,66,0,1.2930000011692755,1.3319333326459553,1.2776000003213994,0.0,0.0,0.0,0.015400000847876072,true
6,SF-BP,66,0,1.288600000407314,1.2974666672865471,1.2747000000672415,0.0,0.0,0.0,0.013900000340072438,true
6,LDPC-BP,67,0,1.5580999988742406,1.5158999995037448,1.5339000001404202,0.0,0.0,0.0,0.024199998733820394,true
6,LM-Top1,67,0,1.389299999573268,1.5111333335274442,1.3751999995292863,0.0,0.0,0.0,0.014100000043981709,true
6,BM-BP,67,0,1.4674999983981252,1.4161666670891766,1.4444000007642899,0.0,0.0,0.0,0.0230999976338353,true
6,SF-BP,67,0,1.6412000004493166,1.5966666669555707,1.6057999982876936,0.0,0.0,0.0,0.03540000216162298,true
6,LDPC-BP,68,0,1.2729999998555286,1.173133333698691,1.2534999987110496,0.0,0.0,0.0,0.01950000114447903,true
6,LM-Top1,68,0,1.2211000012030127,1.1411333331731537,1.1996000012004515,0.0,0.0,0.0,0.021500000002561137,true
6,BM-BP,68,0,1.1795999998867046,1.1330000003605771,1.1636999988695607,0.0,0.0,0.0,0.01590000101714395,true
6,SF-BP,68,0,1.1754999995901017,1.1422666666476289,1.1608000004343921,0.0,0.0,0.0,0.01469999915570952,true
6,LDPC-BP,69,0,1.1660999989544507,1.0212666669152288,1.1414999989938224,0.0,0.0,0.0,0.024599999960628338,true
6,LM-Top1,69,0,1.0419999998703133,1.1510666663525626,1.026300000376068,0.0,0.0,0.0,0.015699999494245276,true
6,BM-BP,69,0,1.1517000002640998,1.0628333335868472,1.1242999989917735,0.0,0.0,0.0,0.027400001272326335,true
6,SF-BP,69,0,1.0975000004691537,1.0126666663078747,1.0721999988163589,0.0,0.0,0.0,0.02530000165279489,true
6,LDPC-BP,70,0,1.282100000025821,1.2078666671489675,1.2563999989652075,0.0,0.0,0.0,0.02570000106061343,true
6,LM-Top1,70,0,1.2282999996386934,1.1802666667790618,1.2057000003551366,0.0,0.0,0.0,0.022599999283556826,true
6,BM-BP,70,0,1.2951999997312669,1.185799999802839,1.2688999995589256,0.0,0.0,0.0,0.026300000172341242,true
6,SF-BP,70,0,1.3063000005786307,1.1778666666941717,1.276799999686773,0.0,0.0,0.0,0.02950000089185778,true
6,LDPC-BP,71,0,1.1021999998774845,1.0291666670430761,1.0861999999178806,0.0,0.0,0.0,0.015999999959603883,true
6,LM-Top1,71,0,1.0235000008833595,1.0228666669718223,1.0095999987242976,0.0,0.0,0.0,0.013900002159061842,true
6,BM-BP,71,0,1.0313999991922174,1.0086333325792414,1.015699999697972,0.0,0.0,0.0,0.015699999494245276,true
6,SF-BP,71,0,1.0086000002047513,0.9962666669404522,0.9958999999071239,0.0,0.0,0.0,0.012700000297627412,true
6,LDPC-BP,72,0,1.2943000001541805,1.2226333334789767,1.2616999993042555,0.0,0.0,0.0,0.03260000084992498,true
6,LM-Top1,72,0,1.3653000005433569,1.1748000003232544,1.3355999999475898,0.0,0.0,0.0,0.02970000059576705,true
6,BM-BP,72,0,1.2699000017164508,1.1914333329817357,1.249400000233436,0.0,0.0,0.0,0.020500001483014785,true
6,SF-BP,72,0,1.2545000008685747,1.223033333493125,1.2356999995972728,0.0,0.0,0.0,0.01880000127130188,true
6,LDPC-BP,73,0,1.389299999573268,1.340833333718668,1.372599999740487,0.0,0.0,0.0,0.01669999983278103,true
6,LM-Top1,73,0,1.3718999998673098,1.3741333338354405,1.355399999738438,0.0,0.0,0.0,0.01650000012887176,true
6,BM-BP,73,0,1.5414999998029089,1.285799999095616,1.5003999997134088,0.0,0.0,0.0,0.0411000000895001,true
6,SF-BP,73,0,1.3634000006277347,1.339133333506955,1.3429999999061693,0.0,0.0,0.0,0.020400000721565448,true
6,LDPC-BP,74,0,1.096400001188158,1.0925000005954644,1.081099999282742,0.0,0.0,0.0,0.015300001905416138,true
6,LM-Top1,74,0,1.0587999986455543,1.0309666668035788,1.0440999994898448,0.0,0.0,0.0,0.01469999915570952,true
6,BM-BP,74,0,1.0776000017358456,1.0469333331760329,1.0636000006343238,0.0,0.0,0.0,0.014000001101521775,true
6,SF-BP,74,0,1.0337000003346475,1.0226000006999432,1.0200999986409442,0.0,0.0,0.0,0.013600001693703234,true
6,LDPC-BP,75,0,1.2528000006568618,1.4938999999382456,1.2294000007386785,0.0,0.0,0.0,0.023399999918183312,true
6,LM-Top1,75,0,1.165499999842723,1.3395666671082533,1.149900001109927,0.0,0.0,0.0,0.015599998732795939,true
6,BM-BP,75,0,1.164999999673455,1.203266666076767,1.149499999883119,0.0,0.0,0.0,0.015499999790336005,true
6,SF-BP,75,0,1.134400001319591,1.255433334032811,1.1207000006834278,0.0,0.0,0.0,0.013700000636163168,true
6,LDPC-BP,76,0,1.1991999999736436,1.185099999323332,1.1855000011564698,0.0,0.0,0.0,0.013699998817173764,true
6,LM-Top1,76,0,1.1436000004323432,1.1728666662141525,1.1314000003039837,0.0,0.0,0.0,0.012200000128359534,true
6,BM-BP,76,0,1.378599999952712,1.1579333331610542,1.3441000010061543,0.0,0.0,0.0,0.03449999894655775,true
6,SF-BP,76,0,1.2920999997731997,1.1980000005375284,1.2716000001091743,0.0,0.0,0.0,0.02049999966402538,true
6,LDPC-BP,77,0,1.1367999995854916,1.0336333325540181,1.1177999986102805,0.0,0.0,0.0,0.01900000097521115,true
6,LM-Top1,77,0,1.0490999993635342,1.1113666666157467,1.034199998684926,0.0,0.0,0.0,0.014900000678608194,true
6,BM-BP,77,0,1.0172999991482357,1.0172666667737456,1.0045999988506082,0.0,0.0,0.0,0.012700000297627412,true
6,SF-BP,77,0,1.076800001101219,1.0870000005525071,1.0466000003361842,0.0,0.0,0.0,0.03020000076503493,true
6,LDPC-BP,78,0,1.1187000000063563,1.0772333334898576,1.1015999989467673,0.0,0.0,0.0,0.017100001059588976,true
6,LM-Top1,78,0,1.1059999997087289,1.0402999996586004,1.079300000128569,0.0,0.0,0.0,0.026699999580159783,true
6,BM-BP,78,0,1.0559999991528457,1.0115000004589092,1.0409000005893176,0.0,0.0,0.0,0.015099998563528061,true
6,SF-BP,78,0,1.0371000007580733,1.0320000007292645,1.0216999999101972,0.0,0.0,0.0,0.015400000847876072,true
6,LDPC-BP,79,0,1.0641999997460516,1.0579333338682773,1.050799999575247,0.0,0.0,0.0,0.01340000017080456,true
6,LM-Top1,79,0,1.0309999997843988,1.0336999997283176,1.017399999909685,0.0,0.0,0.0,0.01359999987471383,true
6,BM-BP,79,0,1.1999999987892807,1.0266666668030666,1.172700000097393,0.0,0.0,0.0,0.027299998691887595,true
6,SF-BP,79,0,1.1100000010628719,1.0288666665777175,1.092399999834015,0.0,0.0,0.0,0.017600001228856854,true
6,LDPC-BP,80,0,1.0747000014816877,1.0075999998662155,1.0606999985611765,0.0,0.0,0.0,0.014000002920511179,true
6,LM-Top1,80,0,1.0474999999132706,1.0817000002134591,1.0332999991078395,0.0,0.0,0.0,0.014200000805431046,true
6,BM-BP,80,0,1.0285999996995088,1.0078000001764547,1.014999999824795,0.0,0.0,0.0,0.01359999987471383,true
6,SF-BP,80,0,1.019000001178938,1.0249000006297138,1.0048999993159669,0.0,0.0,0.0,0.014100001862971112,true
6,LDPC-BP,81,0,1.1002999999618623,0.9976333330996567,1.0830000010173535,0.0,0.0,0.0,0.017299998944508843,true
6,LM-Top1,81,0,1.0323000005882932,1.0478333333594492,1.0170000005018665,0.0,0.0,0.0,0.015300000086426735,true
6,BM-BP,81,0,1.23150000035821,1.01859999995213,1.1445999989518896,0.0,0.0,0.0,0.08690000140632037,true
6,SF-BP,81,0,1.104700000723824,1.1053000004418816,1.0890000012295786,0.0,0.0,0.0,0.015699999494245276,true
6,LDPC-BP,82,0,1.2307999986660434,1.3535999993716057,1.217200000610319,0.0,0.0,0.0,0.013599998055724427,true
6,LM-Top1,82,0,1.1866000004374655,1.2898333340369088,1.1735999996744795,0.0,0.0,0.0,0.01300000076298602,true
6,BM-BP,82,0,1.2449999994714744,1.369666666505509,1.2182999998913147,0.0,0.0,0.0,0.026699999580159783,true
6,SF-BP,82,0,1.1931999997614184,1.2586999995013077,1.1776999999710824,0.0,0.0,0.0,0.015499999790336005,true
6,LDPC-BP,83,0,0.76699999954144,0.8196333334732723,0.7519999999203719,0.0,0.0,0.0,0.014999999621068127,true
6,LM-Top1,83,0,0.861599999552709,0.8105333326966502,0.8355999998457264,0.0,0.0,0.0,0.025999999706982635,true
6,BM-BP,83,0,0.7974000000103842,0.8447000000160187,0.7824000003893161,0.0,0.0,0.0,0.014999999621068127,true
6,SF-BP,83,0,0.7505999983550282,0.9376000004219046,0.7383000011031982,0.0,0.0,0.0,0.012299997251830064,true
6,LDPC-BP,84,0,0.9104999990086071,0.9202666666775864,0.8975999990070704,0.0,0.0,0.0,0.012900000001536682,true
6,LM-Top1,84,0,0.9454000010009622,0.89520000013484,0.9258999998564832,0.0,0.0,0.0,0.01950000114447903,true
6,BM-BP,84,0,0.8862000013323268,0.8859666668286081,0.8723000009922544,0.0,0.0,0.0,0.013900000340072438,true
6,SF-BP,84,0,0.8760000000620494,0.9122333340201294,0.860800000737072,0.0,0.0,0.0,0.015199999324977398,true
6,LDPC-BP,85,0,0.9144999985437607,0.92186666612785,0.9014999995997641,0.0,0.0,0.0,0.012999998943996616,true
6,LM-Top1,85,0,0.9831999996094964,0.962200000382533,0.9611000004952075,0.0,0.0,0.0,0.02209999911428895,true
6,BM-BP,85,0,0.9062000008270843,1.0578666673003074,0.8904999995138496,0.0,0.0,0.0,0.01570000131323468,true
6,SF-BP,85,0,0.891800000317744,1.1314999998527735,0.876200001584948,0.0,0.0,0.0,0.015599998732795939,true
6,LDPC-BP,86,0,0.9485999999014894,0.9284333336836426,0.9289999998145504,0.0,0.0,0.0,0.019600000086938962,true
6,LM-Top1,86,0,0.8964999997260747,0.9520666662865551,0.8811000006971881,0.0,0.0,0.0,0.015399999028886668,true
6,BM-BP,86,0,0.8856999993440695,1.0593333330083017,0.8723999999347143,0.0,0.0,0.0,0.013299999409355223,true
6,SF-BP,86,0,0.8761000008234987,0.9841999999480322,0.863299999764422,0.0,0.0,0.0,0.012800001059076749,true
6,LDPC-BP,87,0,0.9630999993532896,0.7822999996278668,0.9335000013379613,0.0,0.0,0.0,0.02959999801532831,true
6,LM-Top1,87,0,0.831899998956942,0.8049333331049032,0.8159000008163275,0.0,0.0,0.0,0.01599999814061448,true
6,BM-BP,87,0,0.772299999880488,0.8316666668785425,0.7593000009364914,0.0,0.0,0.0,0.012999998943996616,true
6,SF-BP,87,0,1.123800000641495,0.7716666671816105,1.0789000007207505,0.0,0.0,0.0,0.04489999992074445,true
6,LDPC-BP,88,0,1.433299999916926,1.2846666668338003,1.391799998600618,0.0,0.0,0.0,0.041500001316308044,true
6,LM-Top1,88,0,1.2698999998974614,1.216799999383511,1.249800001460244,0.0,0.0,0.0,0.020099998437217437,true
6,BM-BP,88,0,1.3495999992301222,1.24846666646287,1.3176000011299038,0.0,0.0,0.0,0.03199999810021836,true
6,SF-BP,88,0,1.2592000002769055,1.2354999998933636,1.2386000016704202,0.0,0.0,0.0,0.020599998606485315,true
6,LDPC-BP,89,0,0.8531000003131339,0.7801666664211856,0.8247000005212612,0.0,0.0,0.0,0.028399999791872688,true
6,LM-Top1,89,0,0.8057000013650395,0.7969666664090861,0.7898999992903555,0.0,0.0,0.0,0.015800002074684016,true
6,BM-BP,89,0,0.7640000003448222,0.8010333331185393,0.7495000008930219,0.0,0.0,0.0,0.01449999945180025,true
6,SF-BP,89,0,0.7614000005560229,0.7550666668976191,0.7487000002583954,0.0,0.0,0.0,0.012700000297627412,true
6,LDPC-BP,90,0,1.0415999986435054,1.0447666669885318,1.0285000007570488,0.0,0.0,0.0,0.01309999788645655,true
6,LM-Top1,90,0,1.2110999996366445,1.0235999998258194,1.1766000006900867,0.0,0.0,0.0,0.03449999894655775,true
6,BM-BP,90,0,1.3226999999460531,1.0176999997687137,1.2941999993927311,0.0,0.0,0.0,0.028500000553322025,true
6,SF-BP,90,0,1.2502999998105224,1.0156666667171521,1.2317000000621192,0.0,0.0,0.0,0.018599999748403206,true
6,LDPC-BP,91,0,0.820499999463209,0.7808666662943627,0.806199999715318,0.0,0.0,0.0,0.014299999747890979,true
6,LM-Top1,91,0,0.7547000004706206,0.7603000006686974,0.7404999996651895,0.0,0.0,0.0,0.014200000805431046,true
6,BM-BP,91,0,0.7463000001735054,0.7907666664929517,0.7343000015680445,0.0,0.0,0.0,0.01199999860546086,true
6,SF-BP,91,0,0.8132000002660789,0.7452333332669999,0.7953000003908528,0.0,0.0,0.0,0.017899999875226058,true
6,LDPC-BP,92,0,1.254299999345676,1.0106333326499832,1.2270999995962484,0.0,0.0,0.0,0.02719999974942766,true
6,LM-Top1,92,0,1.087599999664235,1.0471666658607621,1.0712000002968125,0.0,0.0,0.0,0.016399999367422424,true
6,BM-BP,92,0,1.0632000012265053,1.0713333322200924,1.0493999998288928,0.0,0.0,0.0,0.013800001397612505,true
6,SF-BP,92,0,1.039400000081514,1.0446666662270825,1.0254999997414416,0.0,0.0,0.0,0.013900000340072438,true
6,LDPC-BP,93,0,1.0770999997475883,1.0887333331387101,1.0629000007611467,0.0,0.0,0.0,0.014199998986441642,true
6,LM-Top1,93,0,1.046400000632275,1.050533333303368,1.0337999992771074,0.0,0.0,0.0,0.012600001355167478,true
6,BM-BP,93,0,1.1525999998411862,1.0575333332477992,1.1305999996693572,0.0,0.0,0.0,0.022000000171829015,true
6,SF-BP,93,0,1.0578999990684679,1.1229333334388987,1.0414999997010455,0.0,0.0,0.0,0.016399999367422424,true
6,LDPC-BP,94,0,1.0784999994939426,1.0227666668167028,1.0636999995767837,0.0,0.0,0.0,0.014799999917158857,true
6,LM-Top1,94,0,1.070399999662186,1.0008999997808132,1.0559000002103858,0.0,0.0,0.0,0.01449999945180025,true
6,BM-BP,94,0,1.0215999991487479,0.9869333340854306,1.0090000014315592,0.0,0.0,0.0,0.012599997717188671,true
6,SF-BP,94,0,1.0184999991906807,1.0358666665221488,1.004800000373507,0.0,0.0,0.0,0.013699998817173764,true
6,LDPC-BP,95,0,1.0478999993210891,0.8702000001600633,1.0136000000784406,0.0,0.0,0.0,0.03429999924264848,true
6,LM-Top1,95,0,1.040600000123959,0.8692999999766471,1.0134000003745314,0.0,0.0,0.0,0.02719999974942766,true
6,BM-BP,95,0,0.9202999990520766,0.8912333335805064,0.9059000003617257,0.0,0.0,0.0,0.014399998690350913,true
6,SF-BP,95,0,0.8760000000620494,0.8927333328756504,0.864499999806867,0.0,0.0,0.0,0.011500000255182385,true
6,LDPC-BP,96,0,1.0579000008874573,1.2623999997837625,1.0461000001669163,0.0,0.0,0.0,0.011800000720540993,true
6,LM-Top1,96,0,1.0093999990203883,1.0384999998980977,0.9974000004149275,0.0,0.0,0.0,0.01199999860546086,true
6,BM-BP,96,0,1.004800000373507,1.0827999994944548,0.9927999999490567,0.0,0.0,0.0,0.012000000424450263,true
6,SF-BP,96,0,1.3068000007478986,1.0254666661542917,1.2766999989253236,0.0,0.0,0.0,0.030100001822574995,true
6,LDPC-BP,97,0,1.275500000701868,1.0329333338935005,1.2374000016279751,0.0,0.0,0.0,0.03809999907389283,true
6,LM-Top1,97,0,1.1353000008966774,1.028500000150719,1.1152999995829305,0.0,0.0,0.0,0.020000001313746907,true
6,BM-BP,97,0,1.1040000008506468,1.0869333333782076,1.0869999987335177,0.0,0.0,0.0,0.017000002117129043,true
6,SF-BP,97,0,1.0640999989846023,1.1275666668855895,1.0492000001249835,0.0,0.0,0.0,0.01489999885961879,true
6,LDPC-BP,98,0,1.817799999116687,1.7198333334818017,1.8026999987341696,0.0,0.0,0.0,0.015100000382517464,true
6,LM-Top1,98,0,1.9973000016761944,1.7668666660028975,1.9661000005726237,0.0,0.0,0.0,0.031200001103570685,true
6,BM-BP,98,0,2.1004999998694984,1.7180000001341493,2.0588000006682705,0.0,0.0,0.0,0.04169999920122791,true
6,SF-BP,98,0,1.8745999987004325,1.7162333339607965,1.8565999998827465,0.0,0.0,0.0,0.01799999881768599,true
6,LDPC-BP,99,0,0.9357999988424126,0.9542333330803862,0.921599999855971,0.0,0.0,0.0,0.014199998986441642,true
6,LM-Top1,99,0,0.9143000006588409,0.9592000005795853,0.8999999990919605,0.0,0.0,0.0,0.014300001566880383,true
6,BM-BP,99,0,0.9728999993967591,0.8896333329175832,0.9472000001551351,0.0,0.0,0.0,0.025699999241624027,true
6,SF-BP,99,0,0.8938999999372754,0.8851333332131617,0.8785999998508487,0.0,0.0,0.0,0.015300000086426735,true
