message,iteration,bin_lower,bin_upper,count,density,observations
U_pre_info,1,-120.0,-119.0,0,0.0,52000000
U_pre_info,1,-119.0,-118.0,0,0.0,52000000
U_pre_info,1,-118.0,-117.0,0,0.0,52000000
U_pre_info,1,-117.0,-116.0,0,0.0,52000000
U_pre_info,1,-116.0,-115.0,0,0.0,52000000
U_pre_info,1,-115.0,-114.0,0,0.0,52000000
U_pre_info,1,-114.0,-113.0,0,0.0,52000000
U_pre_info,1,-113.0,-112.0,0,0.0,52000000
U_pre_info,1,-112.0,-111.0,0,0.0,52000000
U_pre_info,1,-111.0,-110.0,0,0.0,52000000
U_pre_info,1,-110.0,-109.0,0,0.0,52000000
U_pre_info,1,-109.0,-108.0,0,0.0,52000000
U_pre_info,1,-108.0,-107.0,0,0.0,52000000
U_pre_info,1,-107.0,-106.0,0,0.0,52000000
U_pre_info,1,-106.0,-105.0,0,0.0,52000000
U_pre_info,1,-105.0,-104.0,0,0.0,52000000
U_pre_info,1,-104.0,-103.0,0,0.0,52000000
U_pre_info,1,-103.0,-102.0,0,0.0,52000000
U_pre_info,1,-102.0,-101.0,0,0.0,52000000
U_pre_info,1,-101.0,-100.0,0,0.0,52000000
U_pre_info,1,-100.0,-99.0,0,0.0,52000000
U_pre_info,1,-99.0,-98.0,0,0.0,52000000
U_pre_info,1,-98.0,-97.0,0,0.0,52000000
U_pre_info,1,-97.0,-96.0,0,0.0,52000000
U_pre_info,1,-96.0,-95.0,0,0.0,52000000
U_pre_info,1,-95.0,-94.0,0,0.0,52000000
U_pre_info,1,-94.0,-93.0,0,0.0,52000000
U_pre_info,1,-93.0,-92.0,0,0.0,52000000
U_pre_info,1,-92.0,-91.0,0,0.0,52000000
U_pre_info,1,-91.0,-90.0,0,0.0,52000000
U_pre_info,1,-90.0,-89.0,0,0.0,52000000
U_pre_info,1,-89.0,-88.0,0,0.0,52000000
U_pre_info,1,-88.0,-87.0,0,0.0,52000000
U_pre_info,1,-87.0,-86.0,0,0.0,52000000
U_pre_info,1,-86.0,-85.0,0,0.0,52000000
U_pre_info,1,-85.0,-84.0,0,0.0,52000000
U_pre_info,1,-84.0,-83.0,0,0.0,52000000
U_pre_info,1,-83.0,-82.0,0,0.0,52000000
U_pre_info,1,-82.0,-81.0,0,0.0,52000000
U_pre_info,1,-81.0,-80.0,0,0.0,52000000
U_pre_info,1,-80.0,-79.0,0,0.0,52000000
U_pre_info,1,-79.0,-78.0,0,0.0,52000000
U_pre_info,1,-78.0,-77.0,0,0.0,52000000
U_pre_info,1,-77.0,-76.0,0,0.0,52000000
U_pre_info,1,-76.0,-75.0,0,0.0,52000000
U_pre_info,1,-75.0,-74.0,0,0.0,52000000
U_pre_info,1,-74.0,-73.0,0,0.0,52000000
U_pre_info,1,-73.0,-72.0,0,0.0,52000000
U_pre_info,1,-72.0,-71.0,0,0.0,52000000
U_pre_info,1,-71.0,-70.0,0,0.0,52000000
U_pre_info,1,-70.0,-69.0,0,0.0,52000000
U_pre_info,1,-69.0,-68.0,0,0.0,52000000
U_pre_info,1,-68.0,-67.0,0,0.0,52000000
U_pre_info,1,-67.0,-66.0,0,0.0,52000000
U_pre_info,1,-66.0,-65.0,0,0.0,52000000
U_pre_info,1,-65.0,-64.0,0,0.0,52000000
U_pre_info,1,-64.0,-63.0,0,0.0,52000000
U_pre_info,1,-63.0,-62.0,0,0.0,52000000
U_pre_info,1,-62.0,-61.0,0,0.0,52000000
U_pre_info,1,-61.0,-60.0,0,0.0,52000000
U_pre_info,1,-60.0,-59.0,0,0.0,52000000
U_pre_info,1,-59.0,-58.0,0,0.0,52000000
U_pre_info,1,-58.0,-57.0,0,0.0,52000000
U_pre_info,1,-57.0,-56.0,0,0.0,52000000
U_pre_info,1,-56.0,-55.0,0,0.0,52000000
U_pre_info,1,-55.0,-54.0,0,0.0,52000000
U_pre_info,1,-54.0,-53.0,0,0.0,52000000
U_pre_info,1,-53.0,-52.0,0,0.0,52000000
U_pre_info,1,-52.0,-51.0,0,0.0,52000000
U_pre_info,1,-51.0,-50.0,0,0.0,52000000
U_pre_info,1,-50.0,-49.0,0,0.0,52000000
U_pre_info,1,-49.0,-48.0,0,0.0,52000000
U_pre_info,1,-48.0,-47.0,0,0.0,52000000
U_pre_info,1,-47.0,-46.0,0,0.0,52000000
U_pre_info,1,-46.0,-45.0,0,0.0,52000000
U_pre_info,1,-45.0,-44.0,0,0.0,52000000
U_pre_info,1,-44.0,-43.0,0,0.0,52000000
U_pre_info,1,-43.0,-42.0,0,0.0,52000000
U_pre_info,1,-42.0,-41.0,0,0.0,52000000
U_pre_info,1,-41.0,-40.0,0,0.0,52000000
U_pre_info,1,-40.0,-39.0,0,0.0,52000000
U_pre_info,1,-39.0,-38.0,0,0.0,52000000
U_pre_info,1,-38.0,-37.0,0,0.0,52000000
U_pre_info,1,-37.0,-36.0,0,0.0,52000000
U_pre_info,1,-36.0,-35.0,0,0.0,52000000
U_pre_info,1,-35.0,-34.0,0,0.0,52000000
U_pre_info,1,-34.0,-33.0,0,0.0,52000000
U_pre_info,1,-33.0,-32.0,0,0.0,52000000
U_pre_info,1,-32.0,-31.0,0,0.0,52000000
U_pre_info,1,-31.0,-30.0,0,0.0,52000000
U_pre_info,1,-30.0,-29.0,0,0.0,52000000
U_pre_info,1,-29.0,-28.0,0,0.0,52000000
U_pre_info,1,-28.0,-27.0,0,0.0,52000000
U_pre_info,1,-27.0,-26.0,0,0.0,52000000
U_pre_info,1,-26.0,-25.0,0,0.0,52000000
U_pre_info,1,-25.0,-24.0,0,0.0,52000000
U_pre_info,1,-24.0,-23.0,0,0.0,52000000
U_pre_info,1,-23.0,-22.0,0,0.0,52000000
U_pre_info,1,-22.0,-21.0,0,0.0,52000000
U_pre_info,1,-21.0,-20.0,0,0.0,52000000
U_pre_info,1,-20.0,-19.0,0,0.0,52000000
U_pre_info,1,-19.0,-18.0,0,0.0,52000000
U_pre_info,1,-18.0,-17.0,0,0.0,52000000
U_pre_info,1,-17.0,-16.0,0,0.0,52000000
U_pre_info,1,-16.0,-15.0,0,0.0,52000000
U_pre_info,1,-15.0,-14.0,0,0.0,52000000
U_pre_info,1,-14.0,-13.0,0,0.0,52000000
U_pre_info,1,-13.0,-12.0,0,0.0,52000000
U_pre_info,1,-12.0,-11.0,2,3.846153846153846e-08,52000000
U_pre_info,1,-11.0,-10.0,7,1.346153846153846e-07,52000000
U_pre_info,1,-10.0,-9.0,44,8.461538461538462e-07,52000000
U_pre_info,1,-9.0,-8.0,206,3.961538461538461e-06,52000000
U_pre_info,1,-8.0,-7.0,1146,2.2038461538461537e-05,52000000
U_pre_info,1,-7.0,-6.0,5788,0.0001113076923076923,52000000
U_pre_info,1,-6.0,-5.0,23669,0.0004551730769230769,52000000
U_pre_info,1,-5.0,-4.0,84350,0.0016221153846153846,52000000
U_pre_info,1,-4.0,-3.0,255808,0.004919384615384615,52000000
U_pre_info,1,-3.0,-2.0,668412,0.012854076923076923,52000000
U_pre_info,1,-2.0,-1.0,1494956,0.028749153846153844,52000000
U_pre_info,1,-1.0,0.0,2858605,0.05497317307692308,52000000
U_pre_info,1,0.0,1.0,4680405,0.09000778846153847,52000000
U_pre_info,1,1.0,2.0,6569470,0.12633596153846155,52000000
U_pre_info,1,2.0,3.0,7892018,0.1517695769230769,52000000
U_pre_info,1,3.0,4.0,8107571,0.15591482692307693,52000000
U_pre_info,1,4.0,5.0,7143376,0.13737261538461537,52000000
U_pre_info,1,5.0,6.0,5379173,0.10344563461538461,52000000
U_pre_info,1,6.0,7.0,3470808,0.06674630769230769,52000000
U_pre_info,1,7.0,8.0,1914616,0.03681953846153846,52000000
U_pre_info,1,8.0,9.0,906318,0.01742919230769231,52000000
U_pre_info,1,9.0,10.0,366169,0.007041711538461538,52000000
U_pre_info,1,10.0,11.0,127391,0.002449826923076923,52000000
U_pre_info,1,11.0,12.0,37654,0.0007241153846153846,52000000
U_pre_info,1,12.0,13.0,9559,0.00018382692307692308,52000000
U_pre_info,1,13.0,14.0,2017,3.878846153846154e-05,52000000
U_pre_info,1,14.0,15.0,386,7.423076923076923e-06,52000000
U_pre_info,1,15.0,16.0,66,1.2692307692307692e-06,52000000
U_pre_info,1,16.0,17.0,9,1.7307692307692308e-07,52000000
U_pre_info,1,17.0,18.0,1,1.923076923076923e-08,52000000
U_pre_info,1,18.0,19.0,0,0.0,52000000
U_pre_info,1,19.0,20.0,0,0.0,52000000
U_pre_info,1,20.0,21.0,0,0.0,52000000
U_pre_info,1,21.0,22.0,0,0.0,52000000
U_pre_info,1,22.0,23.0,0,0.0,52000000
U_pre_info,1,23.0,24.0,0,0.0,52000000
U_pre_info,1,24.0,25.0,0,0.0,52000000
U_pre_info,1,25.0,26.0,0,0.0,52000000
U_pre_info,1,26.0,27.0,0,0.0,52000000
U_pre_info,1,27.0,28.0,0,0.0,52000000
U_pre_info,1,28.0,29.0,0,0.0,52000000
U_pre_info,1,29.0,30.0,0,0.0,52000000
U_pre_info,1,30.0,31.0,0,0.0,52000000
U_pre_info,1,31.0,32.0,0,0.0,52000000
U_pre_info,1,32.0,33.0,0,0.0,52000000
U_pre_info,1,33.0,34.0,0,0.0,52000000
U_pre_info,1,34.0,35.0,0,0.0,52000000
U_pre_info,1,35.0,36.0,0,0.0,52000000
U_pre_info,1,36.0,37.0,0,0.0,52000000
U_pre_info,1,37.0,38.0,0,0.0,52000000
U_pre_info,1,38.0,39.0,0,0.0,52000000
U_pre_info,1,39.0,40.0,0,0.0,52000000
U_pre_info,1,40.0,41.0,0,0.0,52000000
U_pre_info,1,41.0,42.0,0,0.0,52000000
U_pre_info,1,42.0,43.0,0,0.0,52000000
U_pre_info,1,43.0,44.0,0,0.0,52000000
U_pre_info,1,44.0,45.0,0,0.0,52000000
U_pre_info,1,45.0,46.0,0,0.0,52000000
U_pre_info,1,46.0,47.0,0,0.0,52000000
U_pre_info,1,47.0,48.0,0,0.0,52000000
U_pre_info,1,48.0,49.0,0,0.0,52000000
U_pre_info,1,49.0,50.0,0,0.0,52000000
U_pre_info,1,50.0,51.0,0,0.0,52000000
U_pre_info,1,51.0,52.0,0,0.0,52000000
U_pre_info,1,52.0,53.0,0,0.0,52000000
U_pre_info,1,53.0,54.0,0,0.0,52000000
U_pre_info,1,54.0,55.0,0,0.0,52000000
U_pre_info,1,55.0,56.0,0,0.0,52000000
U_pre_info,1,56.0,57.0,0,0.0,52000000
U_pre_info,1,57.0,58.0,0,0.0,52000000
U_pre_info,1,58.0,59.0,0,0.0,52000000
U_pre_info,1,59.0,60.0,0,0.0,52000000
U_pre_info,1,60.0,61.0,0,0.0,52000000
U_pre_info,1,61.0,62.0,0,0.0,52000000
U_pre_info,1,62.0,63.0,0,0.0,52000000
U_pre_info,1,63.0,64.0,0,0.0,52000000
U_pre_info,1,64.0,65.0,0,0.0,52000000
U_pre_info,1,65.0,66.0,0,0.0,52000000
U_pre_info,1,66.0,67.0,0,0.0,52000000
U_pre_info,1,67.0,68.0,0,0.0,52000000
U_pre_info,1,68.0,69.0,0,0.0,52000000
U_pre_info,1,69.0,70.0,0,0.0,52000000
U_pre_info,1,70.0,71.0,0,0.0,52000000
U_pre_info,1,71.0,72.0,0,0.0,52000000
U_pre_info,1,72.0,73.0,0,0.0,52000000
U_pre_info,1,73.0,74.0,0,0.0,52000000
U_pre_info,1,74.0,75.0,0,0.0,52000000
U_pre_info,1,75.0,76.0,0,0.0,52000000
U_pre_info,1,76.0,77.0,0,0.0,52000000
U_pre_info,1,77.0,78.0,0,0.0,52000000
U_pre_info,1,78.0,79.0,0,0.0,52000000
U_pre_info,1,79.0,80.0,0,0.0,52000000
U_pre_info,1,80.0,81.0,0,0.0,52000000
U_pre_info,1,81.0,82.0,0,0.0,52000000
U_pre_info,1,82.0,83.0,0,0.0,52000000
U_pre_info,1,83.0,84.0,0,0.0,52000000
U_pre_info,1,84.0,85.0,0,0.0,52000000
U_pre_info,1,85.0,86.0,0,0.0,52000000
U_pre_info,1,86.0,87.0,0,0.0,52000000
U_pre_info,1,87.0,88.0,0,0.0,52000000
U_pre_info,1,88.0,89.0,0,0.0,52000000
U_pre_info,1,89.0,90.0,0,0.0,52000000
U_pre_info,1,90.0,91.0,0,0.0,52000000
U_pre_info,1,91.0,92.0,0,0.0,52000000
U_pre_info,1,92.0,93.0,0,0.0,52000000
U_pre_info,1,93.0,94.0,0,0.0,52000000
U_pre_info,1,94.0,95.0,0,0.0,52000000
U_pre_info,1,95.0,96.0,0,0.0,52000000
U_pre_info,1,96.0,97.0,0,0.0,52000000
U_pre_info,1,97.0,98.0,0,0.0,52000000
U_pre_info,1,98.0,99.0,0,0.0,52000000
U_pre_info,1,99.0,100.0,0,0.0,52000000
U_pre_info,1,100.0,101.0,0,0.0,52000000
U_pre_info,1,101.0,102.0,0,0.0,52000000
U_pre_info,1,102.0,103.0,0,0.0,52000000
U_pre_info,1,103.0,104.0,0,0.0,52000000
U_pre_info,1,104.0,105.0,0,0.0,52000000
U_pre_info,1,105.0,106.0,0,0.0,52000000
U_pre_info,1,106.0,107.0,0,0.0,52000000
U_pre_info,1,107.0,108.0,0,0.0,52000000
U_pre_info,1,108.0,109.0,0,0.0,52000000
U_pre_info,1,109.0,110.0,0,0.0,52000000
U_pre_info,1,110.0,111.0,0,0.0,52000000
U_pre_info,1,111.0,112.0,0,0.0,52000000
U_pre_info,1,112.0,113.0,0,0.0,52000000
U_pre_info,1,113.0,114.0,0,0.0,52000000
U_pre_info,1,114.0,115.0,0,0.0,52000000
U_pre_info,1,115.0,116.0,0,0.0,52000000
U_pre_info,1,116.0,117.0,0,0.0,52000000
U_pre_info,1,117.0,118.0,0,0.0,52000000
U_pre_info,1,118.0,119.0,0,0.0,52000000
U_pre_info,1,119.0,120.0,0,0.0,52000000
U_pre_info,2,-120.0,-119.0,0,0.0,52000000
U_pre_info,2,-119.0,-118.0,0,0.0,52000000
U_pre_info,2,-118.0,-117.0,0,0.0,52000000
U_pre_info,2,-117.0,-116.0,0,0.0,52000000
U_pre_info,2,-116.0,-115.0,0,0.0,52000000
U_pre_info,2,-115.0,-114.0,0,0.0,52000000
U_pre_info,2,-114.0,-113.0,0,0.0,52000000
U_pre_info,2,-113.0,-112.0,0,0.0,52000000
U_pre_info,2,-112.0,-111.0,0,0.0,52000000
U_pre_info,2,-111.0,-110.0,0,0.0,52000000
U_pre_info,2,-110.0,-109.0,0,0.0,52000000
U_pre_info,2,-109.0,-108.0,0,0.0,52000000
U_pre_info,2,-108.0,-107.0,0,0.0,52000000
U_pre_info,2,-107.0,-106.0,0,0.0,52000000
U_pre_info,2,-106.0,-105.0,0,0.0,52000000
U_pre_info,2,-105.0,-104.0,0,0.0,52000000
U_pre_info,2,-104.0,-103.0,0,0.0,52000000
U_pre_info,2,-103.0,-102.0,0,0.0,52000000
U_pre_info,2,-102.0,-101.0,0,0.0,52000000
U_pre_info,2,-101.0,-100.0,0,0.0,52000000
U_pre_info,2,-100.0,-99.0,0,0.0,52000000
U_pre_info,2,-99.0,-98.0,0,0.0,52000000
U_pre_info,2,-98.0,-97.0,0,0.0,52000000
U_pre_info,2,-97.0,-96.0,0,0.0,52000000
U_pre_info,2,-96.0,-95.0,0,0.0,52000000
U_pre_info,2,-95.0,-94.0,0,0.0,52000000
U_pre_info,2,-94.0,-93.0,0,0.0,52000000
U_pre_info,2,-93.0,-92.0,0,0.0,52000000
U_pre_info,2,-92.0,-91.0,0,0.0,52000000
U_pre_info,2,-91.0,-90.0,0,0.0,52000000
U_pre_info,2,-90.0,-89.0,0,0.0,52000000
U_pre_info,2,-89.0,-88.0,0,0.0,52000000
U_pre_info,2,-88.0,-87.0,0,0.0,52000000
U_pre_info,2,-87.0,-86.0,0,0.0,52000000
U_pre_info,2,-86.0,-85.0,0,0.0,52000000
U_pre_info,2,-85.0,-84.0,0,0.0,52000000
U_pre_info,2,-84.0,-83.0,0,0.0,52000000
U_pre_info,2,-83.0,-82.0,0,0.0,52000000
U_pre_info,2,-82.0,-81.0,0,0.0,52000000
U_pre_info,2,-81.0,-80.0,0,0.0,52000000
U_pre_info,2,-80.0,-79.0,0,0.0,52000000
U_pre_info,2,-79.0,-78.0,0,0.0,52000000
U_pre_info,2,-78.0,-77.0,0,0.0,52000000
U_pre_info,2,-77.0,-76.0,0,0.0,52000000
U_pre_info,2,-76.0,-75.0,0,0.0,52000000
U_pre_info,2,-75.0,-74.0,0,0.0,52000000
U_pre_info,2,-74.0,-73.0,0,0.0,52000000
U_pre_info,2,-73.0,-72.0,0,0.0,52000000
U_pre_info,2,-72.0,-71.0,0,0.0,52000000
U_pre_info,2,-71.0,-70.0,0,0.0,52000000
U_pre_info,2,-70.0,-69.0,0,0.0,52000000
U_pre_info,2,-69.0,-68.0,0,0.0,52000000
U_pre_info,2,-68.0,-67.0,0,0.0,52000000
U_pre_info,2,-67.0,-66.0,0,0.0,52000000
U_pre_info,2,-66.0,-65.0,0,0.0,52000000
U_pre_info,2,-65.0,-64.0,0,0.0,52000000
U_pre_info,2,-64.0,-63.0,0,0.0,52000000
U_pre_info,2,-63.0,-62.0,0,0.0,52000000
U_pre_info,2,-62.0,-61.0,0,0.0,52000000
U_pre_info,2,-61.0,-60.0,0,0.0,52000000
U_pre_info,2,-60.0,-59.0,0,0.0,52000000
U_pre_info,2,-59.0,-58.0,0,0.0,52000000
U_pre_info,2,-58.0,-57.0,0,0.0,52000000
U_pre_info,2,-57.0,-56.0,0,0.0,52000000
U_pre_info,2,-56.0,-55.0,0,0.0,52000000
U_pre_info,2,-55.0,-54.0,0,0.0,52000000
U_pre_info,2,-54.0,-53.0,0,0.0,52000000
U_pre_info,2,-53.0,-52.0,0,0.0,52000000
U_pre_info,2,-52.0,-51.0,0,0.0,52000000
U_pre_info,2,-51.0,-50.0,0,0.0,52000000
U_pre_info,2,-50.0,-49.0,0,0.0,52000000
U_pre_info,2,-49.0,-48.0,0,0.0,52000000
U_pre_info,2,-48.0,-47.0,0,0.0,52000000
U_pre_info,2,-47.0,-46.0,0,0.0,52000000
U_pre_info,2,-46.0,-45.0,0,0.0,52000000
U_pre_info,2,-45.0,-44.0,0,0.0,52000000
U_pre_info,2,-44.0,-43.0,0,0.0,52000000
U_pre_info,2,-43.0,-42.0,0,0.0,52000000
U_pre_info,2,-42.0,-41.0,0,0.0,52000000
U_pre_info,2,-41.0,-40.0,0,0.0,52000000
U_pre_info,2,-40.0,-39.0,0,0.0,52000000
U_pre_info,2,-39.0,-38.0,0,0.0,52000000
U_pre_info,2,-38.0,-37.0,0,0.0,52000000
U_pre_info,2,-37.0,-36.0,0,0.0,52000000
U_pre_info,2,-36.0,-35.0,0,0.0,52000000
U_pre_info,2,-35.0,-34.0,0,0.0,52000000
U_pre_info,2,-34.0,-33.0,0,0.0,52000000
U_pre_info,2,-33.0,-32.0,0,0.0,52000000
U_pre_info,2,-32.0,-31.0,0,0.0,52000000
U_pre_info,2,-31.0,-30.0,0,0.0,52000000
U_pre_info,2,-30.0,-29.0,0,0.0,52000000
U_pre_info,2,-29.0,-28.0,0,0.0,52000000
U_pre_info,2,-28.0,-27.0,0,0.0,52000000
U_pre_info,2,-27.0,-26.0,0,0.0,52000000
U_pre_info,2,-26.0,-25.0,0,0.0,52000000
U_pre_info,2,-25.0,-24.0,0,0.0,52000000
U_pre_info,2,-24.0,-23.0,0,0.0,52000000
U_pre_info,2,-23.0,-22.0,0,0.0,52000000
U_pre_info,2,-22.0,-21.0,0,0.0,52000000
U_pre_info,2,-21.0,-20.0,0,0.0,52000000
U_pre_info,2,-20.0,-19.0,0,0.0,52000000
U_pre_info,2,-19.0,-18.0,0,0.0,52000000
U_pre_info,2,-18.0,-17.0,0,0.0,52000000
U_pre_info,2,-17.0,-16.0,0,0.0,52000000
U_pre_info,2,-16.0,-15.0,0,0.0,52000000
U_pre_info,2,-15.0,-14.0,0,0.0,52000000
U_pre_info,2,-14.0,-13.0,5,9.615384615384616e-08,52000000
U_pre_info,2,-13.0,-12.0,14,2.692307692307692e-07,52000000
U_pre_info,2,-12.0,-11.0,38,7.307692307692308e-07,52000000
U_pre_info,2,-11.0,-10.0,177,3.4038461538461537e-06,52000000
U_pre_info,2,-10.0,-9.0,582,1.1192307692307692e-05,52000000
U_pre_info,2,-9.0,-8.0,1863,3.582692307692308e-05,52000000
U_pre_info,2,-8.0,-7.0,5690,0.00010942307692307693,52000000
U_pre_info,2,-7.0,-6.0,16389,0.00031517307692307693,52000000
U_pre_info,2,-6.0,-5.0,44145,0.0008489423076923077,52000000
U_pre_info,2,-5.0,-4.0,107739,0.002071903846153846,52000000
U_pre_info,2,-4.0,-3.0,242017,0.004654173076923077,52000000
U_pre_info,2,-3.0,-2.0,500976,0.009634153846153846,52000000
U_pre_info,2,-2.0,-1.0,941057,0.01809725,52000000
U_pre_info,2,-1.0,0.0,1613264,0.03102430769230769,52000000
U_pre_info,2,0.0,1.0,2518419,0.04843113461538461,52000000
U_pre_info,2,1.0,2.0,3578172,0.068811,52000000
U_pre_info,2,2.0,3.0,4629684,0.08903238461538461,52000000
U_pre_info,2,3.0,4.0,5471200,0.10521538461538461,52000000
U_pre_info,2,4.0,5.0,5913016,0.11371184615384615,52000000
U_pre_info,2,5.0,6.0,5870245,0.11288932692307692,52000000
U_pre_info,2,6.0,7.0,5366862,0.10320888461538462,52000000
U_pre_info,2,7.0,8.0,4541306,0.0873328076923077,52000000
U_pre_info,2,8.0,9.0,3567065,0.06859740384615384,52000000
U_pre_info,2,9.0,10.0,2614757,0.05028378846153846,52000000
U_pre_info,2,10.0,11.0,1795698,0.034532653846153845,52000000
U_pre_info,2,11.0,12.0,1152840,0.02217,52000000
U_pre_info,2,12.0,13.0,697472,0.013412923076923077,52000000
U_pre_info,2,13.0,14.0,396467,0.007624365384615385,52000000
U_pre_info,2,14.0,15.0,213089,0.004097865384615385,52000000
U_pre_info,2,15.0,16.0,108196,0.0020806923076923077,52000000
U_pre_info,2,16.0,17.0,51728,0.0009947692307692307,52000000
U_pre_info,2,17.0,18.0,23419,0.0004503653846153846,52000000
U_pre_info,2,18.0,19.0,10014,0.00019257692307692308,52000000
U_pre_info,2,19.0,20.0,4014,7.71923076923077e-05,52000000
U_pre_info,2,20.0,21.0,1560,3e-05,52000000
U_pre_info,2,21.0,22.0,568,1.0923076923076922e-05,52000000
U_pre_info,2,22.0,23.0,178,3.423076923076923e-06,52000000
U_pre_info,2,23.0,24.0,47,9.038461538461539e-07,52000000
U_pre_info,2,24.0,25.0,21,4.0384615384615386e-07,52000000
U_pre_info,2,25.0,26.0,6,1.1538461538461539e-07,52000000
U_pre_info,2,26.0,27.0,1,1.923076923076923e-08,52000000
U_pre_info,2,27.0,28.0,0,0.0,52000000
U_pre_info,2,28.0,29.0,0,0.0,52000000
U_pre_info,2,29.0,30.0,0,0.0,52000000
U_pre_info,2,30.0,31.0,0,0.0,52000000
U_pre_info,2,31.0,32.0,0,0.0,52000000
U_pre_info,2,32.0,33.0,0,0.0,52000000
U_pre_info,2,33.0,34.0,0,0.0,52000000
U_pre_info,2,34.0,35.0,0,0.0,52000000
U_pre_info,2,35.0,36.0,0,0.0,52000000
U_pre_info,2,36.0,37.0,0,0.0,52000000
U_pre_info,2,37.0,38.0,0,0.0,52000000
U_pre_info,2,38.0,39.0,0,0.0,52000000
U_pre_info,2,39.0,40.0,0,0.0,52000000
U_pre_info,2,40.0,41.0,0,0.0,52000000
U_pre_info,2,41.0,42.0,0,0.0,52000000
U_pre_info,2,42.0,43.0,0,0.0,52000000
U_pre_info,2,43.0,44.0,0,0.0,52000000
U_pre_info,2,44.0,45.0,0,0.0,52000000
U_pre_info,2,45.0,46.0,0,0.0,52000000
U_pre_info,2,46.0,47.0,0,0.0,52000000
U_pre_info,2,47.0,48.0,0,0.0,52000000
U_pre_info,2,48.0,49.0,0,0.0,52000000
U_pre_info,2,49.0,50.0,0,0.0,52000000
U_pre_info,2,50.0,51.0,0,0.0,52000000
U_pre_info,2,51.0,52.0,0,0.0,52000000
U_pre_info,2,52.0,53.0,0,0.0,52000000
U_pre_info,2,53.0,54.0,0,0.0,52000000
U_pre_info,2,54.0,55.0,0,0.0,52000000
U_pre_info,2,55.0,56.0,0,0.0,52000000
U_pre_info,2,56.0,57.0,0,0.0,52000000
U_pre_info,2,57.0,58.0,0,0.0,52000000
U_pre_info,2,58.0,59.0,0,0.0,52000000
U_pre_info,2,59.0,60.0,0,0.0,52000000
U_pre_info,2,60.0,61.0,0,0.0,52000000
U_pre_info,2,61.0,62.0,0,0.0,52000000
U_pre_info,2,62.0,63.0,0,0.0,52000000
U_pre_info,2,63.0,64.0,0,0.0,52000000
U_pre_info,2,64.0,65.0,0,0.0,52000000
U_pre_info,2,65.0,66.0,0,0.0,52000000
U_pre_info,2,66.0,67.0,0,0.0,52000000
U_pre_info,2,67.0,68.0,0,0.0,52000000
U_pre_info,2,68.0,69.0,0,0.0,52000000
U_pre_info,2,69.0,70.0,0,0.0,52000000
U_pre_info,2,70.0,71.0,0,0.0,52000000
U_pre_info,2,71.0,72.0,0,0.0,52000000
U_pre_info,2,72.0,73.0,0,0.0,52000000
U_pre_info,2,73.0,74.0,0,0.0,52000000
U_pre_info,2,74.0,75.0,0,0.0,52000000
U_pre_info,2,75.0,76.0,0,0.0,52000000
U_pre_info,2,76.0,77.0,0,0.0,52000000
U_pre_info,2,77.0,78.0,0,0.0,52000000
U_pre_info,2,78.0,79.0,0,0.0,52000000
U_pre_info,2,79.0,80.0,0,0.0,52000000
U_pre_info,2,80.0,81.0,0,0.0,52000000
U_pre_info,2,81.0,82.0,0,0.0,52000000
U_pre_info,2,82.0,83.0,0,0.0,52000000
U_pre_info,2,83.0,84.0,0,0.0,52000000
U_pre_info,2,84.0,85.0,0,0.0,52000000
U_pre_info,2,85.0,86.0,0,0.0,52000000
U_pre_info,2,86.0,87.0,0,0.0,52000000
U_pre_info,2,87.0,88.0,0,0.0,52000000
U_pre_info,2,88.0,89.0,0,0.0,52000000
U_pre_info,2,89.0,90.0,0,0.0,52000000
U_pre_info,2,90.0,91.0,0,0.0,52000000
U_pre_info,2,91.0,92.0,0,0.0,52000000
U_pre_info,2,92.0,93.0,0,0.0,52000000
U_pre_info,2,93.0,94.0,0,0.0,52000000
U_pre_info,2,94.0,95.0,0,0.0,52000000
U_pre_info,2,95.0,96.0,0,0.0,52000000
U_pre_info,2,96.0,97.0,0,0.0,52000000
U_pre_info,2,97.0,98.0,0,0.0,52000000
U_pre_info,2,98.0,99.0,0,0.0,52000000
U_pre_info,2,99.0,100.0,0,0.0,52000000
U_pre_info,2,100.0,101.0,0,0.0,52000000
U_pre_info,2,101.0,102.0,0,0.0,52000000
U_pre_info,2,102.0,103.0,0,0.0,52000000
U_pre_info,2,103.0,104.0,0,0.0,52000000
U_pre_info,2,104.0,105.0,0,0.0,52000000
U_pre_info,2,105.0,106.0,0,0.0,52000000
U_pre_info,2,106.0,107.0,0,0.0,52000000
U_pre_info,2,107.0,108.0,0,0.0,52000000
U_pre_info,2,108.0,109.0,0,0.0,52000000
U_pre_info,2,109.0,110.0,0,0.0,52000000
U_pre_info,2,110.0,111.0,0,0.0,52000000
U_pre_info,2,111.0,112.0,0,0.0,52000000
U_pre_info,2,112.0,113.0,0,0.0,52000000
U_pre_info,2,113.0,114.0,0,0.0,52000000
U_pre_info,2,114.0,115.0,0,0.0,52000000
U_pre_info,2,115.0,116.0,0,0.0,52000000
U_pre_info,2,116.0,117.0,0,0.0,52000000
U_pre_info,2,117.0,118.0,0,0.0,52000000
U_pre_info,2,118.0,119.0,0,0.0,52000000
U_pre_info,2,119.0,120.0,0,0.0,52000000
U_pre_info,5,-120.0,-119.0,0,0.0,52000000
U_pre_info,5,-119.0,-118.0,0,0.0,52000000
U_pre_info,5,-118.0,-117.0,0,0.0,52000000
U_pre_info,5,-117.0,-116.0,0,0.0,52000000
U_pre_info,5,-116.0,-115.0,0,0.0,52000000
U_pre_info,5,-115.0,-114.0,0,0.0,52000000
U_pre_info,5,-114.0,-113.0,0,0.0,52000000
U_pre_info,5,-113.0,-112.0,0,0.0,52000000
U_pre_info,5,-112.0,-111.0,0,0.0,52000000
U_pre_info,5,-111.0,-110.0,0,0.0,52000000
U_pre_info,5,-110.0,-109.0,0,0.0,52000000
U_pre_info,5,-109.0,-108.0,0,0.0,52000000
U_pre_info,5,-108.0,-107.0,0,0.0,52000000
U_pre_info,5,-107.0,-106.0,0,0.0,52000000
U_pre_info,5,-106.0,-105.0,0,0.0,52000000
U_pre_info,5,-105.0,-104.0,0,0.0,52000000
U_pre_info,5,-104.0,-103.0,0,0.0,52000000
U_pre_info,5,-103.0,-102.0,0,0.0,52000000
U_pre_info,5,-102.0,-101.0,0,0.0,52000000
U_pre_info,5,-101.0,-100.0,0,0.0,52000000
U_pre_info,5,-100.0,-99.0,0,0.0,52000000
U_pre_info,5,-99.0,-98.0,0,0.0,52000000
U_pre_info,5,-98.0,-97.0,0,0.0,52000000
U_pre_info,5,-97.0,-96.0,0,0.0,52000000
U_pre_info,5,-96.0,-95.0,0,0.0,52000000
U_pre_info,5,-95.0,-94.0,0,0.0,52000000
U_pre_info,5,-94.0,-93.0,0,0.0,52000000
U_pre_info,5,-93.0,-92.0,0,0.0,52000000
U_pre_info,5,-92.0,-91.0,0,0.0,52000000
U_pre_info,5,-91.0,-90.0,0,0.0,52000000
U_pre_info,5,-90.0,-89.0,0,0.0,52000000
U_pre_info,5,-89.0,-88.0,0,0.0,52000000
U_pre_info,5,-88.0,-87.0,0,0.0,52000000
U_pre_info,5,-87.0,-86.0,0,0.0,52000000
U_pre_info,5,-86.0,-85.0,0,0.0,52000000
U_pre_info,5,-85.0,-84.0,0,0.0,52000000
U_pre_info,5,-84.0,-83.0,0,0.0,52000000
U_pre_info,5,-83.0,-82.0,0,0.0,52000000
U_pre_info,5,-82.0,-81.0,0,0.0,52000000
U_pre_info,5,-81.0,-80.0,0,0.0,52000000
U_pre_info,5,-80.0,-79.0,0,0.0,52000000
U_pre_info,5,-79.0,-78.0,0,0.0,52000000
U_pre_info,5,-78.0,-77.0,0,0.0,52000000
U_pre_info,5,-77.0,-76.0,0,0.0,52000000
U_pre_info,5,-76.0,-75.0,0,0.0,52000000
U_pre_info,5,-75.0,-74.0,0,0.0,52000000
U_pre_info,5,-74.0,-73.0,0,0.0,52000000
U_pre_info,5,-73.0,-72.0,0,0.0,52000000
U_pre_info,5,-72.0,-71.0,0,0.0,52000000
U_pre_info,5,-71.0,-70.0,0,0.0,52000000
U_pre_info,5,-70.0,-69.0,0,0.0,52000000
U_pre_info,5,-69.0,-68.0,0,0.0,52000000
U_pre_info,5,-68.0,-67.0,0,0.0,52000000
U_pre_info,5,-67.0,-66.0,0,0.0,52000000
U_pre_info,5,-66.0,-65.0,0,0.0,52000000
U_pre_info,5,-65.0,-64.0,0,0.0,52000000
U_pre_info,5,-64.0,-63.0,0,0.0,52000000
U_pre_info,5,-63.0,-62.0,0,0.0,52000000
U_pre_info,5,-62.0,-61.0,0,0.0,52000000
U_pre_info,5,-61.0,-60.0,0,0.0,52000000
U_pre_info,5,-60.0,-59.0,0,0.0,52000000
U_pre_info,5,-59.0,-58.0,0,0.0,52000000
U_pre_info,5,-58.0,-57.0,0,0.0,52000000
U_pre_info,5,-57.0,-56.0,0,0.0,52000000
U_pre_info,5,-56.0,-55.0,0,0.0,52000000
U_pre_info,5,-55.0,-54.0,0,0.0,52000000
U_pre_info,5,-54.0,-53.0,0,0.0,52000000
U_pre_info,5,-53.0,-52.0,0,0.0,52000000
U_pre_info,5,-52.0,-51.0,0,0.0,52000000
U_pre_info,5,-51.0,-50.0,0,0.0,52000000
U_pre_info,5,-50.0,-49.0,0,0.0,52000000
U_pre_info,5,-49.0,-48.0,0,0.0,52000000
U_pre_info,5,-48.0,-47.0,0,0.0,52000000
U_pre_info,5,-47.0,-46.0,0,0.0,52000000
U_pre_info,5,-46.0,-45.0,0,0.0,52000000
U_pre_info,5,-45.0,-44.0,0,0.0,52000000
U_pre_info,5,-44.0,-43.0,0,0.0,52000000
U_pre_info,5,-43.0,-42.0,0,0.0,52000000
U_pre_info,5,-42.0,-41.0,0,0.0,52000000
U_pre_info,5,-41.0,-40.0,0,0.0,52000000
U_pre_info,5,-40.0,-39.0,0,0.0,52000000
U_pre_info,5,-39.0,-38.0,0,0.0,52000000
U_pre_info,5,-38.0,-37.0,0,0.0,52000000
U_pre_info,5,-37.0,-36.0,0,0.0,52000000
U_pre_info,5,-36.0,-35.0,0,0.0,52000000
U_pre_info,5,-35.0,-34.0,0,0.0,52000000
U_pre_info,5,-34.0,-33.0,0,0.0,52000000
U_pre_info,5,-33.0,-32.0,0,0.0,52000000
U_pre_info,5,-32.0,-31.0,0,0.0,52000000
U_pre_info,5,-31.0,-30.0,0,0.0,52000000
U_pre_info,5,-30.0,-29.0,0,0.0,52000000
U_pre_info,5,-29.0,-28.0,0,0.0,52000000
U_pre_info,5,-28.0,-27.0,0,0.0,52000000
U_pre_info,5,-27.0,-26.0,0,0.0,52000000
U_pre_info,5,-26.0,-25.0,0,0.0,52000000
U_pre_info,5,-25.0,-24.0,0,0.0,52000000
U_pre_info,5,-24.0,-23.0,1,1.923076923076923e-08,52000000
U_pre_info,5,-23.0,-22.0,0,0.0,52000000
U_pre_info,5,-22.0,-21.0,0,0.0,52000000
U_pre_info,5,-21.0,-20.0,0,0.0,52000000
U_pre_info,5,-20.0,-19.0,3,5.7692307692307695e-08,52000000
U_pre_info,5,-19.0,-18.0,7,1.346153846153846e-07,52000000
U_pre_info,5,-18.0,-17.0,9,1.7307692307692308e-07,52000000
U_pre_info,5,-17.0,-16.0,18,3.4615384615384616e-07,52000000
U_pre_info,5,-16.0,-15.0,40,7.692307692307693e-07,52000000
U_pre_info,5,-15.0,-14.0,62,1.1923076923076923e-06,52000000
U_pre_info,5,-14.0,-13.0,107,2.0576923076923075e-06,52000000
U_pre_info,5,-13.0,-12.0,179,3.4423076923076924e-06,52000000
U_pre_info,5,-12.0,-11.0,368,7.076923076923077e-06,52000000
U_pre_info,5,-11.0,-10.0,788,1.5153846153846153e-05,52000000
U_pre_info,5,-10.0,-9.0,1542,2.9653846153846153e-05,52000000
U_pre_info,5,-9.0,-8.0,3280,6.307692307692308e-05,52000000
U_pre_info,5,-8.0,-7.0,6904,0.00013276923076923077,52000000
U_pre_info,5,-7.0,-6.0,14133,0.00027178846153846155,52000000
U_pre_info,5,-6.0,-5.0,28076,0.0005399230769230769,52000000
U_pre_info,5,-5.0,-4.0,53480,0.0010284615384615384,52000000
U_pre_info,5,-4.0,-3.0,100123,0.0019254423076923077,52000000
U_pre_info,5,-3.0,-2.0,177484,0.003413153846153846,52000000
U_pre_info,5,-2.0,-1.0,297429,0.005719788461538462,52000000
U_pre_info,5,-1.0,0.0,470736,0.009052615384615385,52000000
U_pre_info,5,0.0,1.0,698499,0.013432673076923076,52000000
U_pre_info,5,1.0,2.0,970211,0.018657903846153845,52000000
U_pre_info,5,2.0,3.0,1275862,0.024535807692307694,52000000
U_pre_info,5,3.0,4.0,1580258,0.030389576923076922,52000000
U_pre_info,5,4.0,5.0,1866812,0.03590023076923077,52000000
U_pre_info,5,5.0,6.0,2115555,0.04068375,52000000
U_pre_info,5,6.0,7.0,2310329,0.04442940384615385,52000000
U_pre_info,5,7.0,8.0,2455125,0.04721394230769231,52000000
U_pre_info,5,8.0,9.0,2547360,0.04898769230769231,52000000
U_pre_info,5,9.0,10.0,2592845,0.04986240384615385,52000000
U_pre_info,5,10.0,11.0,2601396,0.05002684615384615,52000000
U_pre_info,5,11.0,12.0,2568446,0.049393192307692305,52000000
U_pre_info,5,12.0,13.0,2502253,0.04812025,52000000
U_pre_info,5,13.0,14.0,2410192,0.04634984615384615,52000000
U_pre_info,5,14.0,15.0,2294814,0.044131038461538465,52000000
U_pre_info,5,15.0,16.0,2162329,0.04158325,52000000
U_pre_info,5,16.0,17.0,2017165,0.03879163461538462,52000000
U_pre_info,5,17.0,18.0,1859163,0.03575313461538462,52000000
U_pre_info,5,18.0,19.0,1700815,0.03270798076923077,52000000
U_pre_info,5,19.0,20.0,1543960,0.02969153846153846,52000000
U_pre_info,5,20.0,21.0,1392286,0.02677473076923077,52000000
U_pre_info,5,21.0,22.0,1246244,0.02396623076923077,52000000
U_pre_info,5,22.0,23.0,1106451,0.021277903846153846,52000000
U_pre_info,5,23.0,24.0,978819,0.01882344230769231,52000000
U_pre_info,5,24.0,25.0,859631,0.016531365384615384,52000000
U_pre_info,5,25.0,26.0,751709,0.014455942307692309,52000000
U_pre_info,5,26.0,27.0,654044,0.012577769230769231,52000000
U_pre_info,5,27.0,28.0,566670,0.0108975,52000000
U_pre_info,5,28.0,29.0,488952,0.009402923076923076,52000000
U_pre_info,5,29.0,30.0,420463,0.008085826923076923,52000000
U_pre_info,5,30.0,31.0,359545,0.006914326923076923,52000000
U_pre_info,5,31.0,32.0,305709,0.005879019230769231,52000000
U_pre_info,5,32.0,33.0,260547,0.005010519230769231,52000000
U_pre_info,5,33.0,34.0,220623,0.00424275,52000000
U_pre_info,5,34.0,35.0,186227,0.0035812884615384617,52000000
U_pre_info,5,35.0,36.0,158087,0.0030401346153846156,52000000
U_pre_info,5,36.0,37.0,133534,0.0025679615384615385,52000000
U_pre_info,5,37.0,38.0,112268,0.002159,52000000
U_pre_info,5,38.0,39.0,94635,0.001819903846153846,52000000
U_pre_info,5,39.0,40.0,80329,0.0015447884615384616,52000000
U_pre_info,5,40.0,41.0,67705,0.0013020192307692307,52000000
U_pre_info,5,41.0,42.0,56167,0.0010801346153846154,52000000
U_pre_info,5,42.0,43.0,47555,0.0009145192307692308,52000000
U_pre_info,5,43.0,44.0,39188,0.0007536153846153846,52000000
U_pre_info,5,44.0,45.0,33128,0.000637076923076923,52000000
U_pre_info,5,45.0,46.0,28043,0.0005392884615384615,52000000
U_pre_info,5,46.0,47.0,23351,0.0004490576923076923,52000000
U_pre_info,5,47.0,48.0,19037,0.00036609615384615386,52000000
U_pre_info,5,48.0,49.0,15665,0.00030125,52000000
U_pre_info,5,49.0,50.0,12928,0.0002486153846153846,52000000
U_pre_info,5,50.0,51.0,10564,0.00020315384615384615,52000000
U_pre_info,5,51.0,52.0,8704,0.00016738461538461539,52000000
U_pre_info,5,52.0,53.0,7254,0.0001395,52000000
U_pre_info,5,53.0,54.0,5921,0.00011386538461538462,52000000
U_pre_info,5,54.0,55.0,4800,9.23076923076923e-05,52000000
U_pre_info,5,55.0,56.0,3910,7.519230769230769e-05,52000000
U_pre_info,5,56.0,57.0,3146,6.05e-05,52000000
U_pre_info,5,57.0,58.0,2383,4.5826923076923076e-05,52000000
U_pre_info,5,58.0,59.0,1869,3.594230769230769e-05,52000000
U_pre_info,5,59.0,60.0,1346,2.5884615384615385e-05,52000000
U_pre_info,5,60.0,61.0,998,1.9192307692307694e-05,52000000
U_pre_info,5,61.0,62.0,607,1.1673076923076924e-05,52000000
U_pre_info,5,62.0,63.0,399,7.673076923076923e-06,52000000
U_pre_info,5,63.0,64.0,201,3.865384615384616e-06,52000000
U_pre_info,5,64.0,65.0,110,2.1153846153846155e-06,52000000
U_pre_info,5,65.0,66.0,54,1.0384615384615384e-06,52000000
U_pre_info,5,66.0,67.0,20,3.8461538461538463e-07,52000000
U_pre_info,5,67.0,68.0,9,1.7307692307692308e-07,52000000
U_pre_info,5,68.0,69.0,5,9.615384615384616e-08,52000000
U_pre_info,5,69.0,70.0,2,3.846153846153846e-08,52000000
U_pre_info,5,70.0,71.0,0,0.0,52000000
U_pre_info,5,71.0,72.0,0,0.0,52000000
U_pre_info,5,72.0,73.0,0,0.0,52000000
U_pre_info,5,73.0,74.0,0,0.0,52000000
U_pre_info,5,74.0,75.0,0,0.0,52000000
U_pre_info,5,75.0,76.0,0,0.0,52000000
U_pre_info,5,76.0,77.0,0,0.0,52000000
U_pre_info,5,77.0,78.0,0,0.0,52000000
U_pre_info,5,78.0,79.0,0,0.0,52000000
U_pre_info,5,79.0,80.0,0,0.0,52000000
U_pre_info,5,80.0,81.0,0,0.0,52000000
U_pre_info,5,81.0,82.0,0,0.0,52000000
U_pre_info,5,82.0,83.0,0,0.0,52000000
U_pre_info,5,83.0,84.0,0,0.0,52000000
U_pre_info,5,84.0,85.0,0,0.0,52000000
U_pre_info,5,85.0,86.0,0,0.0,52000000
U_pre_info,5,86.0,87.0,0,0.0,52000000
U_pre_info,5,87.0,88.0,0,0.0,52000000
U_pre_info,5,88.0,89.0,0,0.0,52000000
U_pre_info,5,89.0,90.0,0,0.0,52000000
U_pre_info,5,90.0,91.0,0,0.0,52000000
U_pre_info,5,91.0,92.0,0,0.0,52000000
U_pre_info,5,92.0,93.0,0,0.0,52000000
U_pre_info,5,93.0,94.0,0,0.0,52000000
U_pre_info,5,94.0,95.0,0,0.0,52000000
U_pre_info,5,95.0,96.0,0,0.0,52000000
U_pre_info,5,96.0,97.0,0,0.0,52000000
U_pre_info,5,97.0,98.0,0,0.0,52000000
U_pre_info,5,98.0,99.0,0,0.0,52000000
U_pre_info,5,99.0,100.0,0,0.0,52000000
U_pre_info,5,100.0,101.0,0,0.0,52000000
U_pre_info,5,101.0,102.0,0,0.0,52000000
U_pre_info,5,102.0,103.0,0,0.0,52000000
U_pre_info,5,103.0,104.0,0,0.0,52000000
U_pre_info,5,104.0,105.0,0,0.0,52000000
U_pre_info,5,105.0,106.0,0,0.0,52000000
U_pre_info,5,106.0,107.0,0,0.0,52000000
U_pre_info,5,107.0,108.0,0,0.0,52000000
U_pre_info,5,108.0,109.0,0,0.0,52000000
U_pre_info,5,109.0,110.0,0,0.0,52000000
U_pre_info,5,110.0,111.0,0,0.0,52000000
U_pre_info,5,111.0,112.0,0,0.0,52000000
U_pre_info,5,112.0,113.0,0,0.0,52000000
U_pre_info,5,113.0,114.0,0,0.0,52000000
U_pre_info,5,114.0,115.0,0,0.0,52000000
U_pre_info,5,115.0,116.0,0,0.0,52000000
U_pre_info,5,116.0,117.0,0,0.0,52000000
U_pre_info,5,117.0,118.0,0,0.0,52000000
U_pre_info,5,118.0,119.0,0,0.0,52000000
U_pre_info,5,119.0,120.0,0,0.0,52000000
U_pre_info,50,-120.0,-119.0,0,0.0,52000000
U_pre_info,50,-119.0,-118.0,0,0.0,52000000
U_pre_info,50,-118.0,-117.0,0,0.0,52000000
U_pre_info,50,-117.0,-116.0,0,0.0,52000000
U_pre_info,50,-116.0,-115.0,0,0.0,52000000
U_pre_info,50,-115.0,-114.0,0,0.0,52000000
U_pre_info,50,-114.0,-113.0,0,0.0,52000000
U_pre_info,50,-113.0,-112.0,0,0.0,52000000
U_pre_info,50,-112.0,-111.0,0,0.0,52000000
U_pre_info,50,-111.0,-110.0,0,0.0,52000000
U_pre_info,50,-110.0,-109.0,0,0.0,52000000
U_pre_info,50,-109.0,-108.0,0,0.0,52000000
U_pre_info,50,-108.0,-107.0,0,0.0,52000000
U_pre_info,50,-107.0,-106.0,0,0.0,52000000
U_pre_info,50,-106.0,-105.0,0,0.0,52000000
U_pre_info,50,-105.0,-104.0,0,0.0,52000000
U_pre_info,50,-104.0,-103.0,0,0.0,52000000
U_pre_info,50,-103.0,-102.0,0,0.0,52000000
U_pre_info,50,-102.0,-101.0,0,0.0,52000000
U_pre_info,50,-101.0,-100.0,0,0.0,52000000
U_pre_info,50,-100.0,-99.0,0,0.0,52000000
U_pre_info,50,-99.0,-98.0,0,0.0,52000000
U_pre_info,50,-98.0,-97.0,0,0.0,52000000
U_pre_info,50,-97.0,-96.0,0,0.0,52000000
U_pre_info,50,-96.0,-95.0,0,0.0,52000000
U_pre_info,50,-95.0,-94.0,0,0.0,52000000
U_pre_info,50,-94.0,-93.0,0,0.0,52000000
U_pre_info,50,-93.0,-92.0,0,0.0,52000000
U_pre_info,50,-92.0,-91.0,0,0.0,52000000
U_pre_info,50,-91.0,-90.0,0,0.0,52000000
U_pre_info,50,-90.0,-89.0,0,0.0,52000000
U_pre_info,50,-89.0,-88.0,0,0.0,52000000
U_pre_info,50,-88.0,-87.0,0,0.0,52000000
U_pre_info,50,-87.0,-86.0,0,0.0,52000000
U_pre_info,50,-86.0,-85.0,0,0.0,52000000
U_pre_info,50,-85.0,-84.0,0,0.0,52000000
U_pre_info,50,-84.0,-83.0,0,0.0,52000000
U_pre_info,50,-83.0,-82.0,0,0.0,52000000
U_pre_info,50,-82.0,-81.0,0,0.0,52000000
U_pre_info,50,-81.0,-80.0,0,0.0,52000000
U_pre_info,50,-80.0,-79.0,0,0.0,52000000
U_pre_info,50,-79.0,-78.0,0,0.0,52000000
U_pre_info,50,-78.0,-77.0,0,0.0,52000000
U_pre_info,50,-77.0,-76.0,0,0.0,52000000
U_pre_info,50,-76.0,-75.0,0,0.0,52000000
U_pre_info,50,-75.0,-74.0,0,0.0,52000000
U_pre_info,50,-74.0,-73.0,0,0.0,52000000
U_pre_info,50,-73.0,-72.0,0,0.0,52000000
U_pre_info,50,-72.0,-71.0,0,0.0,52000000
U_pre_info,50,-71.0,-70.0,0,0.0,52000000
U_pre_info,50,-70.0,-69.0,0,0.0,52000000
U_pre_info,50,-69.0,-68.0,0,0.0,52000000
U_pre_info,50,-68.0,-67.0,0,0.0,52000000
U_pre_info,50,-67.0,-66.0,0,0.0,52000000
U_pre_info,50,-66.0,-65.0,0,0.0,52000000
U_pre_info,50,-65.0,-64.0,0,0.0,52000000
U_pre_info,50,-64.0,-63.0,0,0.0,52000000
U_pre_info,50,-63.0,-62.0,0,0.0,52000000
U_pre_info,50,-62.0,-61.0,0,0.0,52000000
U_pre_info,50,-61.0,-60.0,0,0.0,52000000
U_pre_info,50,-60.0,-59.0,0,0.0,52000000
U_pre_info,50,-59.0,-58.0,0,0.0,52000000
U_pre_info,50,-58.0,-57.0,0,0.0,52000000
U_pre_info,50,-57.0,-56.0,0,0.0,52000000
U_pre_info,50,-56.0,-55.0,0,0.0,52000000
U_pre_info,50,-55.0,-54.0,0,0.0,52000000
U_pre_info,50,-54.0,-53.0,0,0.0,52000000
U_pre_info,50,-53.0,-52.0,0,0.0,52000000
U_pre_info,50,-52.0,-51.0,0,0.0,52000000
U_pre_info,50,-51.0,-50.0,0,0.0,52000000
U_pre_info,50,-50.0,-49.0,0,0.0,52000000
U_pre_info,50,-49.0,-48.0,0,0.0,52000000
U_pre_info,50,-48.0,-47.0,1,1.923076923076923e-08,52000000
U_pre_info,50,-47.0,-46.0,1,1.923076923076923e-08,52000000
U_pre_info,50,-46.0,-45.0,0,0.0,52000000
U_pre_info,50,-45.0,-44.0,0,0.0,52000000
U_pre_info,50,-44.0,-43.0,1,1.923076923076923e-08,52000000
U_pre_info,50,-43.0,-42.0,1,1.923076923076923e-08,52000000
U_pre_info,50,-42.0,-41.0,0,0.0,52000000
U_pre_info,50,-41.0,-40.0,0,0.0,52000000
U_pre_info,50,-40.0,-39.0,0,0.0,52000000
U_pre_info,50,-39.0,-38.0,0,0.0,52000000
U_pre_info,50,-38.0,-37.0,1,1.923076923076923e-08,52000000
U_pre_info,50,-37.0,-36.0,0,0.0,52000000
U_pre_info,50,-36.0,-35.0,0,0.0,52000000
U_pre_info,50,-35.0,-34.0,0,0.0,52000000
U_pre_info,50,-34.0,-33.0,6,1.1538461538461539e-07,52000000
U_pre_info,50,-33.0,-32.0,1,1.923076923076923e-08,52000000
U_pre_info,50,-32.0,-31.0,2,3.846153846153846e-08,52000000
U_pre_info,50,-31.0,-30.0,5,9.615384615384616e-08,52000000
U_pre_info,50,-30.0,-29.0,6,1.1538461538461539e-07,52000000
U_pre_info,50,-29.0,-28.0,1,1.923076923076923e-08,52000000
U_pre_info,50,-28.0,-27.0,3,5.7692307692307695e-08,52000000
U_pre_info,50,-27.0,-26.0,3,5.7692307692307695e-08,52000000
U_pre_info,50,-26.0,-25.0,9,1.7307692307692308e-07,52000000
U_pre_info,50,-25.0,-24.0,10,1.9230769230769231e-07,52000000
U_pre_info,50,-24.0,-23.0,7,1.346153846153846e-07,52000000
U_pre_info,50,-23.0,-22.0,7,1.346153846153846e-07,52000000
U_pre_info,50,-22.0,-21.0,13,2.5e-07,52000000
U_pre_info,50,-21.0,-20.0,11,2.1153846153846155e-07,52000000
U_pre_info,50,-20.0,-19.0,7,1.346153846153846e-07,52000000
U_pre_info,50,-19.0,-18.0,8,1.5384615384615385e-07,52000000
U_pre_info,50,-18.0,-17.0,15,2.8846153846153846e-07,52000000
U_pre_info,50,-17.0,-16.0,23,4.4230769230769233e-07,52000000
U_pre_info,50,-16.0,-15.0,31,5.961538461538461e-07,52000000
U_pre_info,50,-15.0,-14.0,45,8.653846153846154e-07,52000000
U_pre_info,50,-14.0,-13.0,50,9.615384615384615e-07,52000000
U_pre_info,50,-13.0,-12.0,104,2e-06,52000000
U_pre_info,50,-12.0,-11.0,158,3.0384615384615383e-06,52000000
U_pre_info,50,-11.0,-10.0,335,6.442307692307692e-06,52000000
U_pre_info,50,-10.0,-9.0,590,1.1346153846153847e-05,52000000
U_pre_info,50,-9.0,-8.0,1243,2.3903846153846153e-05,52000000
U_pre_info,50,-8.0,-7.0,2398,4.6115384615384614e-05,52000000
U_pre_info,50,-7.0,-6.0,5105,9.817307692307693e-05,52000000
U_pre_info,50,-6.0,-5.0,10109,0.00019440384615384616,52000000
U_pre_info,50,-5.0,-4.0,20172,0.00038792307692307694,52000000
U_pre_info,50,-4.0,-3.0,39060,0.0007511538461538462,52000000
U_pre_info,50,-3.0,-2.0,71417,0.0013734038461538462,52000000
U_pre_info,50,-2.0,-1.0,123021,0.0023657884615384617,52000000
U_pre_info,50,-1.0,0.0,199246,0.003831653846153846,52000000
U_pre_info,50,0.0,1.0,298955,0.005749134615384615,52000000
U_pre_info,50,1.0,2.0,422229,0.008119788461538461,52000000
U_pre_info,50,2.0,3.0,560930,0.010787115384615385,52000000
U_pre_info,50,3.0,4.0,709482,0.013643884615384615,52000000
U_pre_info,50,4.0,5.0,863337,0.016602634615384616,52000000
U_pre_info,50,5.0,6.0,1017640,0.01957,52000000
U_pre_info,50,6.0,7.0,1169862,0.022497346153846152,52000000
U_pre_info,50,7.0,8.0,1330280,0.025582307692307692,52000000
U_pre_info,50,8.0,9.0,1482257,0.028504942307692308,52000000
U_pre_info,50,9.0,10.0,1632513,0.03139448076923077,52000000
U_pre_info,50,10.0,11.0,1771915,0.03407528846153846,52000000
U_pre_info,50,11.0,12.0,1888251,0.03631251923076923,52000000
U_pre_info,50,12.0,13.0,1981255,0.03810105769230769,52000000
U_pre_info,50,13.0,14.0,2045290,0.0393325,52000000
U_pre_info,50,14.0,15.0,2080308,0.04000592307692308,52000000
U_pre_info,50,15.0,16.0,2084580,0.04008807692307692,52000000
U_pre_info,50,16.0,17.0,2060390,0.039622884615384615,52000000
U_pre_info,50,17.0,18.0,2008344,0.038622,52000000
U_pre_info,50,18.0,19.0,1938006,0.03726934615384615,52000000
U_pre_info,50,19.0,20.0,1853501,0.03564425,52000000
U_pre_info,50,20.0,21.0,1761453,0.03387409615384615,52000000
U_pre_info,50,21.0,22.0,1658486,0.03189396153846154,52000000
U_pre_info,50,22.0,23.0,1552173,0.02984948076923077,52000000
U_pre_info,50,23.0,24.0,1446685,0.027820865384615385,52000000
U_pre_info,50,24.0,25.0,1341295,0.025794134615384615,52000000
U_pre_info,50,25.0,26.0,1241724,0.023879307692307693,52000000
U_pre_info,50,26.0,27.0,1148162,0.02208003846153846,52000000
U_pre_info,50,27.0,28.0,1060641,0.020396942307692307,52000000
U_pre_info,50,28.0,29.0,977886,0.0188055,52000000
U_pre_info,50,29.0,30.0,896579,0.017241903846153848,52000000
U_pre_info,50,30.0,31.0,818431,0.01573905769230769,52000000
U_pre_info,50,31.0,32.0,743163,0.014291596153846153,52000000
U_pre_info,50,32.0,33.0,669277,0.01287071153846154,52000000
U_pre_info,50,33.0,34.0,602244,0.011581615384615385,52000000
U_pre_info,50,34.0,35.0,542442,0.010431576923076924,52000000
U_pre_info,50,35.0,36.0,491300,0.009448076923076924,52000000
U_pre_info,50,36.0,37.0,448642,0.00862773076923077,52000000
U_pre_info,50,37.0,38.0,413742,0.007956576923076924,52000000
U_pre_info,50,38.0,39.0,384249,0.007389403846153846,52000000
U_pre_info,50,39.0,40.0,360313,0.006929096153846154,52000000
U_pre_info,50,40.0,41.0,339208,0.006523230769230769,52000000
U_pre_info,50,41.0,42.0,320336,0.006160307692307692,52000000
U_pre_info,50,42.0,43.0,301679,0.005801519230769231,52000000
U_pre_info,50,43.0,44.0,281036,0.0054045384615384615,52000000
U_pre_info,50,44.0,45.0,258859,0.004978057692307692,52000000
U_pre_info,50,45.0,46.0,234208,0.004504,52000000
U_pre_info,50,46.0,47.0,208754,0.0040145,52000000
U_pre_info,50,47.0,48.0,186419,0.003584980769230769,52000000
U_pre_info,50,48.0,49.0,165116,0.003175307692307692,52000000
U_pre_info,50,49.0,50.0,150134,0.0028871923076923076,52000000
U_pre_info,50,50.0,51.0,141084,0.002713153846153846,52000000
U_pre_info,50,51.0,52.0,134859,0.002593442307692308,52000000
U_pre_info,50,52.0,53.0,131453,0.002527942307692308,52000000
U_pre_info,50,53.0,54.0,129510,0.002490576923076923,52000000
U_pre_info,50,54.0,55.0,128664,0.0024743076923076923,52000000
U_pre_info,50,55.0,56.0,124890,0.0024017307692307693,52000000
U_pre_info,50,56.0,57.0,117924,0.0022677692307692308,52000000
U_pre_info,50,57.0,58.0,107312,0.0020636923076923076,52000000
U_pre_info,50,58.0,59.0,92150,0.0017721153846153846,52000000
U_pre_info,50,59.0,60.0,73480,0.0014130769230769231,52000000
U_pre_info,50,60.0,61.0,55453,0.001066403846153846,52000000
U_pre_info,50,61.0,62.0,37641,0.0007238653846153846,52000000
U_pre_info,50,62.0,63.0,23451,0.0004509807692307692,52000000
U_pre_info,50,63.0,64.0,13418,0.0002580384615384615,52000000
U_pre_info,50,64.0,65.0,6721,0.00012925,52000000
U_pre_info,50,65.0,66.0,3030,5.826923076923077e-05,52000000
U_pre_info,50,66.0,67.0,1187,2.2826923076923076e-05,52000000
U_pre_info,50,67.0,68.0,403,7.75e-06,52000000
U_pre_info,50,68.0,69.0,140,2.6923076923076923e-06,52000000
U_pre_info,50,69.0,70.0,35,6.730769230769231e-07,52000000
U_pre_info,50,70.0,71.0,7,1.346153846153846e-07,52000000
U_pre_info,50,71.0,72.0,1,1.923076923076923e-08,52000000
U_pre_info,50,72.0,73.0,0,0.0,52000000
U_pre_info,50,73.0,74.0,0,0.0,52000000
U_pre_info,50,74.0,75.0,0,0.0,52000000
U_pre_info,50,75.0,76.0,0,0.0,52000000
U_pre_info,50,76.0,77.0,0,0.0,52000000
U_pre_info,50,77.0,78.0,0,0.0,52000000
U_pre_info,50,78.0,79.0,0,0.0,52000000
U_pre_info,50,79.0,80.0,0,0.0,52000000
U_pre_info,50,80.0,81.0,0,0.0,52000000
U_pre_info,50,81.0,82.0,0,0.0,52000000
U_pre_info,50,82.0,83.0,0,0.0,52000000
U_pre_info,50,83.0,84.0,0,0.0,52000000
U_pre_info,50,84.0,85.0,0,0.0,52000000
U_pre_info,50,85.0,86.0,0,0.0,52000000
U_pre_info,50,86.0,87.0,0,0.0,52000000
U_pre_info,50,87.0,88.0,0,0.0,52000000
U_pre_info,50,88.0,89.0,0,0.0,52000000
U_pre_info,50,89.0,90.0,0,0.0,52000000
U_pre_info,50,90.0,91.0,0,0.0,52000000
U_pre_info,50,91.0,92.0,0,0.0,52000000
U_pre_info,50,92.0,93.0,0,0.0,52000000
U_pre_info,50,93.0,94.0,0,0.0,52000000
U_pre_info,50,94.0,95.0,0,0.0,52000000
U_pre_info,50,95.0,96.0,0,0.0,52000000
U_pre_info,50,96.0,97.0,0,0.0,52000000
U_pre_info,50,97.0,98.0,0,0.0,52000000
U_pre_info,50,98.0,99.0,0,0.0,52000000
U_pre_info,50,99.0,100.0,0,0.0,52000000
U_pre_info,50,100.0,101.0,0,0.0,52000000
U_pre_info,50,101.0,102.0,0,0.0,52000000
U_pre_info,50,102.0,103.0,0,0.0,52000000
U_pre_info,50,103.0,104.0,0,0.0,52000000
U_pre_info,50,104.0,105.0,0,0.0,52000000
U_pre_info,50,105.0,106.0,0,0.0,52000000
U_pre_info,50,106.0,107.0,0,0.0,52000000
U_pre_info,50,107.0,108.0,0,0.0,52000000
U_pre_info,50,108.0,109.0,0,0.0,52000000
U_pre_info,50,109.0,110.0,0,0.0,52000000
U_pre_info,50,110.0,111.0,0,0.0,52000000
U_pre_info,50,111.0,112.0,0,0.0,52000000
U_pre_info,50,112.0,113.0,0,0.0,52000000
U_pre_info,50,113.0,114.0,0,0.0,52000000
U_pre_info,50,114.0,115.0,0,0.0,52000000
U_pre_info,50,115.0,116.0,0,0.0,52000000
U_pre_info,50,116.0,117.0,0,0.0,52000000
U_pre_info,50,117.0,118.0,0,0.0,52000000
U_pre_info,50,118.0,119.0,0,0.0,52000000
U_pre_info,50,119.0,120.0,0,0.0,52000000
Mraw_info,1,-120.0,-119.0,0,0.0,52000000
Mraw_info,1,-119.0,-118.0,0,0.0,52000000
Mraw_info,1,-118.0,-117.0,0,0.0,52000000
Mraw_info,1,-117.0,-116.0,0,0.0,52000000
Mraw_info,1,-116.0,-115.0,0,0.0,52000000
Mraw_info,1,-115.0,-114.0,0,0.0,52000000
Mraw_info,1,-114.0,-113.0,0,0.0,52000000
Mraw_info,1,-113.0,-112.0,0,0.0,52000000
Mraw_info,1,-112.0,-111.0,0,0.0,52000000
Mraw_info,1,-111.0,-110.0,0,0.0,52000000
Mraw_info,1,-110.0,-109.0,0,0.0,52000000
Mraw_info,1,-109.0,-108.0,0,0.0,52000000
Mraw_info,1,-108.0,-107.0,0,0.0,52000000
Mraw_info,1,-107.0,-106.0,0,0.0,52000000
Mraw_info,1,-106.0,-105.0,0,0.0,52000000
Mraw_info,1,-105.0,-104.0,0,0.0,52000000
Mraw_info,1,-104.0,-103.0,0,0.0,52000000
Mraw_info,1,-103.0,-102.0,0,0.0,52000000
Mraw_info,1,-102.0,-101.0,0,0.0,52000000
Mraw_info,1,-101.0,-100.0,0,0.0,52000000
Mraw_info,1,-100.0,-99.0,0,0.0,52000000
Mraw_info,1,-99.0,-98.0,0,0.0,52000000
Mraw_info,1,-98.0,-97.0,0,0.0,52000000
Mraw_info,1,-97.0,-96.0,0,0.0,52000000
Mraw_info,1,-96.0,-95.0,0,0.0,52000000
Mraw_info,1,-95.0,-94.0,0,0.0,52000000
Mraw_info,1,-94.0,-93.0,0,0.0,52000000
Mraw_info,1,-93.0,-92.0,0,0.0,52000000
Mraw_info,1,-92.0,-91.0,0,0.0,52000000
Mraw_info,1,-91.0,-90.0,0,0.0,52000000
Mraw_info,1,-90.0,-89.0,0,0.0,52000000
Mraw_info,1,-89.0,-88.0,0,0.0,52000000
Mraw_info,1,-88.0,-87.0,0,0.0,52000000
Mraw_info,1,-87.0,-86.0,0,0.0,52000000
Mraw_info,1,-86.0,-85.0,0,0.0,52000000
Mraw_info,1,-85.0,-84.0,0,0.0,52000000
Mraw_info,1,-84.0,-83.0,0,0.0,52000000
Mraw_info,1,-83.0,-82.0,0,0.0,52000000
Mraw_info,1,-82.0,-81.0,0,0.0,52000000
Mraw_info,1,-81.0,-80.0,0,0.0,52000000
Mraw_info,1,-80.0,-79.0,0,0.0,52000000
Mraw_info,1,-79.0,-78.0,0,0.0,52000000
Mraw_info,1,-78.0,-77.0,0,0.0,52000000
Mraw_info,1,-77.0,-76.0,0,0.0,52000000
Mraw_info,1,-76.0,-75.0,0,0.0,52000000
Mraw_info,1,-75.0,-74.0,0,0.0,52000000
Mraw_info,1,-74.0,-73.0,0,0.0,52000000
Mraw_info,1,-73.0,-72.0,0,0.0,52000000
Mraw_info,1,-72.0,-71.0,0,0.0,52000000
Mraw_info,1,-71.0,-70.0,0,0.0,52000000
Mraw_info,1,-70.0,-69.0,0,0.0,52000000
Mraw_info,1,-69.0,-68.0,0,0.0,52000000
Mraw_info,1,-68.0,-67.0,0,0.0,52000000
Mraw_info,1,-67.0,-66.0,0,0.0,52000000
Mraw_info,1,-66.0,-65.0,0,0.0,52000000
Mraw_info,1,-65.0,-64.0,0,0.0,52000000
Mraw_info,1,-64.0,-63.0,0,0.0,52000000
Mraw_info,1,-63.0,-62.0,0,0.0,52000000
Mraw_info,1,-62.0,-61.0,0,0.0,52000000
Mraw_info,1,-61.0,-60.0,0,0.0,52000000
Mraw_info,1,-60.0,-59.0,0,0.0,52000000
Mraw_info,1,-59.0,-58.0,0,0.0,52000000
Mraw_info,1,-58.0,-57.0,0,0.0,52000000
Mraw_info,1,-57.0,-56.0,0,0.0,52000000
Mraw_info,1,-56.0,-55.0,0,0.0,52000000
Mraw_info,1,-55.0,-54.0,0,0.0,52000000
Mraw_info,1,-54.0,-53.0,0,0.0,52000000
Mraw_info,1,-53.0,-52.0,0,0.0,52000000
Mraw_info,1,-52.0,-51.0,0,0.0,52000000
Mraw_info,1,-51.0,-50.0,0,0.0,52000000
Mraw_info,1,-50.0,-49.0,0,0.0,52000000
Mraw_info,1,-49.0,-48.0,0,0.0,52000000
Mraw_info,1,-48.0,-47.0,0,0.0,52000000
Mraw_info,1,-47.0,-46.0,0,0.0,52000000
Mraw_info,1,-46.0,-45.0,0,0.0,52000000
Mraw_info,1,-45.0,-44.0,0,0.0,52000000
Mraw_info,1,-44.0,-43.0,0,0.0,52000000
Mraw_info,1,-43.0,-42.0,0,0.0,52000000
Mraw_info,1,-42.0,-41.0,0,0.0,52000000
Mraw_info,1,-41.0,-40.0,0,0.0,52000000
Mraw_info,1,-40.0,-39.0,0,0.0,52000000
Mraw_info,1,-39.0,-38.0,0,0.0,52000000
Mraw_info,1,-38.0,-37.0,0,0.0,52000000
Mraw_info,1,-37.0,-36.0,0,0.0,52000000
Mraw_info,1,-36.0,-35.0,0,0.0,52000000
Mraw_info,1,-35.0,-34.0,0,0.0,52000000
Mraw_info,1,-34.0,-33.0,0,0.0,52000000
Mraw_info,1,-33.0,-32.0,0,0.0,52000000
Mraw_info,1,-32.0,-31.0,0,0.0,52000000
Mraw_info,1,-31.0,-30.0,0,0.0,52000000
Mraw_info,1,-30.0,-29.0,0,0.0,52000000
Mraw_info,1,-29.0,-28.0,0,0.0,52000000
Mraw_info,1,-28.0,-27.0,0,0.0,52000000
Mraw_info,1,-27.0,-26.0,0,0.0,52000000
Mraw_info,1,-26.0,-25.0,0,0.0,52000000
Mraw_info,1,-25.0,-24.0,0,0.0,52000000
Mraw_info,1,-24.0,-23.0,0,0.0,52000000
Mraw_info,1,-23.0,-22.0,0,0.0,52000000
Mraw_info,1,-22.0,-21.0,0,0.0,52000000
Mraw_info,1,-21.0,-20.0,0,0.0,52000000
Mraw_info,1,-20.0,-19.0,0,0.0,52000000
Mraw_info,1,-19.0,-18.0,0,0.0,52000000
Mraw_info,1,-18.0,-17.0,0,0.0,52000000
Mraw_info,1,-17.0,-16.0,2,3.846153846153846e-08,52000000
Mraw_info,1,-16.0,-15.0,5,9.615384615384616e-08,52000000
Mraw_info,1,-15.0,-14.0,13,2.5e-07,52000000
Mraw_info,1,-14.0,-13.0,42,8.076923076923077e-07,52000000
Mraw_info,1,-13.0,-12.0,106,2.0384615384615386e-06,52000000
Mraw_info,1,-12.0,-11.0,299,5.75e-06,52000000
Mraw_info,1,-11.0,-10.0,731,1.4057692307692308e-05,52000000
Mraw_info,1,-10.0,-9.0,1570,3.0192307692307693e-05,52000000
Mraw_info,1,-9.0,-8.0,3063,5.8903846153846156e-05,52000000
Mraw_info,1,-8.0,-7.0,6047,0.00011628846153846154,52000000
Mraw_info,1,-7.0,-6.0,11663,0.00022428846153846153,52000000
Mraw_info,1,-6.0,-5.0,22539,0.0004334423076923077,52000000
Mraw_info,1,-5.0,-4.0,42117,0.0008099423076923077,52000000
Mraw_info,1,-4.0,-3.0,77499,0.0014903653846153847,52000000
Mraw_info,1,-3.0,-2.0,140607,0.0027039807692307693,52000000
Mraw_info,1,-2.0,-1.0,231752,0.004456769230769231,52000000
Mraw_info,1,-1.0,0.0,346261,0.006658865384615385,52000000
Mraw_info,1,0.0,1.0,542068,0.010424384615384615,52000000
Mraw_info,1,1.0,2.0,895081,0.017213096153846155,52000000
Mraw_info,1,2.0,3.0,1205198,0.023176884615384617,52000000
Mraw_info,1,3.0,4.0,1412679,0.027166903846153848,52000000
Mraw_info,1,4.0,5.0,1648466,0.03170126923076923,52000000
Mraw_info,1,5.0,6.0,1927233,0.037062173076923076,52000000
Mraw_info,1,6.0,7.0,2254463,0.04335505769230769,52000000
Mraw_info,1,7.0,8.0,2622392,0.050430615384615386,52000000
Mraw_info,1,8.0,9.0,3038077,0.05842455769230769,52000000
Mraw_info,1,9.0,10.0,3523541,0.06776040384615385,52000000
Mraw_info,1,10.0,11.0,4075519,0.07837536538461538,52000000
Mraw_info,1,11.0,12.0,4581364,0.08810315384615384,52000000
Mraw_info,1,12.0,13.0,4746078,0.09127073076923077,52000000
Mraw_info,1,13.0,14.0,4286406,0.08243088461538461,52000000
Mraw_info,1,14.0,15.0,3277516,0.06302915384615385,52000000
Mraw_info,1,15.0,16.0,2248578,0.04324188461538461,52000000
Mraw_info,1,16.0,17.0,1511204,0.029061615384615384,52000000
Mraw_info,1,17.0,18.0,1045799,0.02011151923076923,52000000
Mraw_info,1,18.0,19.0,772607,0.014857826923076923,52000000
Mraw_info,1,19.0,20.0,667901,0.01284425,52000000
Mraw_info,1,20.0,21.0,686410,0.013200192307692307,52000000
Mraw_info,1,21.0,22.0,738331,0.014198673076923077,52000000
Mraw_info,1,22.0,23.0,784711,0.015090596153846154,52000000
Mraw_info,1,23.0,24.0,778367,0.014968596153846154,52000000
Mraw_info,1,24.0,25.0,693140,0.013329615384615384,52000000
Mraw_info,1,25.0,26.0,530138,0.010194961538461538,52000000
Mraw_info,1,26.0,27.0,344197,0.006619173076923077,52000000
Mraw_info,1,27.0,28.0,181370,0.0034878846153846154,52000000
Mraw_info,1,28.0,29.0,72431,0.0013929038461538462,52000000
Mraw_info,1,29.0,30.0,20026,0.00038511538461538463,52000000
Mraw_info,1,30.0,31.0,3831,7.367307692307693e-05,52000000
Mraw_info,1,31.0,32.0,519,9.98076923076923e-06,52000000
Mraw_info,1,32.0,33.0,40,7.692307692307693e-07,52000000
Mraw_info,1,33.0,34.0,3,5.7692307692307695e-08,52000000
Mraw_info,1,34.0,35.0,0,0.0,52000000
Mraw_info,1,35.0,36.0,0,0.0,52000000
Mraw_info,1,36.0,37.0,0,0.0,52000000
Mraw_info,1,37.0,38.0,0,0.0,52000000
Mraw_info,1,38.0,39.0,0,0.0,52000000
Mraw_info,1,39.0,40.0,0,0.0,52000000
Mraw_info,1,40.0,41.0,0,0.0,52000000
Mraw_info,1,41.0,42.0,0,0.0,52000000
Mraw_info,1,42.0,43.0,0,0.0,52000000
Mraw_info,1,43.0,44.0,0,0.0,52000000
Mraw_info,1,44.0,45.0,0,0.0,52000000
Mraw_info,1,45.0,46.0,0,0.0,52000000
Mraw_info,1,46.0,47.0,0,0.0,52000000
Mraw_info,1,47.0,48.0,0,0.0,52000000
Mraw_info,1,48.0,49.0,0,0.0,52000000
Mraw_info,1,49.0,50.0,0,0.0,52000000
Mraw_info,1,50.0,51.0,0,0.0,52000000
Mraw_info,1,51.0,52.0,0,0.0,52000000
Mraw_info,1,52.0,53.0,0,0.0,52000000
Mraw_info,1,53.0,54.0,0,0.0,52000000
Mraw_info,1,54.0,55.0,0,0.0,52000000
Mraw_info,1,55.0,56.0,0,0.0,52000000
Mraw_info,1,56.0,57.0,0,0.0,52000000
Mraw_info,1,57.0,58.0,0,0.0,52000000
Mraw_info,1,58.0,59.0,0,0.0,52000000
Mraw_info,1,59.0,60.0,0,0.0,52000000
Mraw_info,1,60.0,61.0,0,0.0,52000000
Mraw_info,1,61.0,62.0,0,0.0,52000000
Mraw_info,1,62.0,63.0,0,0.0,52000000
Mraw_info,1,63.0,64.0,0,0.0,52000000
Mraw_info,1,64.0,65.0,0,0.0,52000000
Mraw_info,1,65.0,66.0,0,0.0,52000000
Mraw_info,1,66.0,67.0,0,0.0,52000000
Mraw_info,1,67.0,68.0,0,0.0,52000000
Mraw_info,1,68.0,69.0,0,0.0,52000000
Mraw_info,1,69.0,70.0,0,0.0,52000000
Mraw_info,1,70.0,71.0,0,0.0,52000000
Mraw_info,1,71.0,72.0,0,0.0,52000000
Mraw_info,1,72.0,73.0,0,0.0,52000000
Mraw_info,1,73.0,74.0,0,0.0,52000000
Mraw_info,1,74.0,75.0,0,0.0,52000000
Mraw_info,1,75.0,76.0,0,0.0,52000000
Mraw_info,1,76.0,77.0,0,0.0,52000000
Mraw_info,1,77.0,78.0,0,0.0,52000000
Mraw_info,1,78.0,79.0,0,0.0,52000000
Mraw_info,1,79.0,80.0,0,0.0,52000000
Mraw_info,1,80.0,81.0,0,0.0,52000000
Mraw_info,1,81.0,82.0,0,0.0,52000000
Mraw_info,1,82.0,83.0,0,0.0,52000000
Mraw_info,1,83.0,84.0,0,0.0,52000000
Mraw_info,1,84.0,85.0,0,0.0,52000000
Mraw_info,1,85.0,86.0,0,0.0,52000000
Mraw_info,1,86.0,87.0,0,0.0,52000000
Mraw_info,1,87.0,88.0,0,0.0,52000000
Mraw_info,1,88.0,89.0,0,0.0,52000000
Mraw_info,1,89.0,90.0,0,0.0,52000000
Mraw_info,1,90.0,91.0,0,0.0,52000000
Mraw_info,1,91.0,92.0,0,0.0,52000000
Mraw_info,1,92.0,93.0,0,0.0,52000000
Mraw_info,1,93.0,94.0,0,0.0,52000000
Mraw_info,1,94.0,95.0,0,0.0,52000000
Mraw_info,1,95.0,96.0,0,0.0,52000000
Mraw_info,1,96.0,97.0,0,0.0,52000000
Mraw_info,1,97.0,98.0,0,0.0,52000000
Mraw_info,1,98.0,99.0,0,0.0,52000000
Mraw_info,1,99.0,100.0,0,0.0,52000000
Mraw_info,1,100.0,101.0,0,0.0,52000000
Mraw_info,1,101.0,102.0,0,0.0,52000000
Mraw_info,1,102.0,103.0,0,0.0,52000000
Mraw_info,1,103.0,104.0,0,0.0,52000000
Mraw_info,1,104.0,105.0,0,0.0,52000000
Mraw_info,1,105.0,106.0,0,0.0,52000000
Mraw_info,1,106.0,107.0,0,0.0,52000000
Mraw_info,1,107.0,108.0,0,0.0,52000000
Mraw_info,1,108.0,109.0,0,0.0,52000000
Mraw_info,1,109.0,110.0,0,0.0,52000000
Mraw_info,1,110.0,111.0,0,0.0,52000000
Mraw_info,1,111.0,112.0,0,0.0,52000000
Mraw_info,1,112.0,113.0,0,0.0,52000000
Mraw_info,1,113.0,114.0,0,0.0,52000000
Mraw_info,1,114.0,115.0,0,0.0,52000000
Mraw_info,1,115.0,116.0,0,0.0,52000000
Mraw_info,1,116.0,117.0,0,0.0,52000000
Mraw_info,1,117.0,118.0,0,0.0,52000000
Mraw_info,1,118.0,119.0,0,0.0,52000000
Mraw_info,1,119.0,120.0,0,0.0,52000000
Mraw_info,2,-120.0,-119.0,0,0.0,52000000
Mraw_info,2,-119.0,-118.0,0,0.0,52000000
Mraw_info,2,-118.0,-117.0,0,0.0,52000000
Mraw_info,2,-117.0,-116.0,0,0.0,52000000
Mraw_info,2,-116.0,-115.0,0,0.0,52000000
Mraw_info,2,-115.0,-114.0,0,0.0,52000000
Mraw_info,2,-114.0,-113.0,0,0.0,52000000
Mraw_info,2,-113.0,-112.0,0,0.0,52000000
Mraw_info,2,-112.0,-111.0,0,0.0,52000000
Mraw_info,2,-111.0,-110.0,0,0.0,52000000
Mraw_info,2,-110.0,-109.0,0,0.0,52000000
Mraw_info,2,-109.0,-108.0,0,0.0,52000000
Mraw_info,2,-108.0,-107.0,0,0.0,52000000
Mraw_info,2,-107.0,-106.0,0,0.0,52000000
Mraw_info,2,-106.0,-105.0,0,0.0,52000000
Mraw_info,2,-105.0,-104.0,0,0.0,52000000
Mraw_info,2,-104.0,-103.0,0,0.0,52000000
Mraw_info,2,-103.0,-102.0,0,0.0,52000000
Mraw_info,2,-102.0,-101.0,0,0.0,52000000
Mraw_info,2,-101.0,-100.0,0,0.0,52000000
Mraw_info,2,-100.0,-99.0,0,0.0,52000000
Mraw_info,2,-99.0,-98.0,0,0.0,52000000
Mraw_info,2,-98.0,-97.0,0,0.0,52000000
Mraw_info,2,-97.0,-96.0,0,0.0,52000000
Mraw_info,2,-96.0,-95.0,0,0.0,52000000
Mraw_info,2,-95.0,-94.0,0,0.0,52000000
Mraw_info,2,-94.0,-93.0,0,0.0,52000000
Mraw_info,2,-93.0,-92.0,0,0.0,52000000
Mraw_info,2,-92.0,-91.0,0,0.0,52000000
Mraw_info,2,-91.0,-90.0,0,0.0,52000000
Mraw_info,2,-90.0,-89.0,0,0.0,52000000
Mraw_info,2,-89.0,-88.0,0,0.0,52000000
Mraw_info,2,-88.0,-87.0,0,0.0,52000000
Mraw_info,2,-87.0,-86.0,0,0.0,52000000
Mraw_info,2,-86.0,-85.0,0,0.0,52000000
Mraw_info,2,-85.0,-84.0,0,0.0,52000000
Mraw_info,2,-84.0,-83.0,0,0.0,52000000
Mraw_info,2,-83.0,-82.0,0,0.0,52000000
Mraw_info,2,-82.0,-81.0,0,0.0,52000000
Mraw_info,2,-81.0,-80.0,0,0.0,52000000
Mraw_info,2,-80.0,-79.0,0,0.0,52000000
Mraw_info,2,-79.0,-78.0,0,0.0,52000000
Mraw_info,2,-78.0,-77.0,0,0.0,52000000
Mraw_info,2,-77.0,-76.0,0,0.0,52000000
Mraw_info,2,-76.0,-75.0,0,0.0,52000000
Mraw_info,2,-75.0,-74.0,0,0.0,52000000
Mraw_info,2,-74.0,-73.0,0,0.0,52000000
Mraw_info,2,-73.0,-72.0,0,0.0,52000000
Mraw_info,2,-72.0,-71.0,0,0.0,52000000
Mraw_info,2,-71.0,-70.0,0,0.0,52000000
Mraw_info,2,-70.0,-69.0,0,0.0,52000000
Mraw_info,2,-69.0,-68.0,0,0.0,52000000
Mraw_info,2,-68.0,-67.0,0,0.0,52000000
Mraw_info,2,-67.0,-66.0,0,0.0,52000000
Mraw_info,2,-66.0,-65.0,0,0.0,52000000
Mraw_info,2,-65.0,-64.0,0,0.0,52000000
Mraw_info,2,-64.0,-63.0,0,0.0,52000000
Mraw_info,2,-63.0,-62.0,0,0.0,52000000
Mraw_info,2,-62.0,-61.0,0,0.0,52000000
Mraw_info,2,-61.0,-60.0,0,0.0,52000000
Mraw_info,2,-60.0,-59.0,0,0.0,52000000
Mraw_info,2,-59.0,-58.0,0,0.0,52000000
Mraw_info,2,-58.0,-57.0,0,0.0,52000000
Mraw_info,2,-57.0,-56.0,0,0.0,52000000
Mraw_info,2,-56.0,-55.0,0,0.0,52000000
Mraw_info,2,-55.0,-54.0,0,0.0,52000000
Mraw_info,2,-54.0,-53.0,0,0.0,52000000
Mraw_info,2,-53.0,-52.0,0,0.0,52000000
Mraw_info,2,-52.0,-51.0,0,0.0,52000000
Mraw_info,2,-51.0,-50.0,0,0.0,52000000
Mraw_info,2,-50.0,-49.0,0,0.0,52000000
Mraw_info,2,-49.0,-48.0,0,0.0,52000000
Mraw_info,2,-48.0,-47.0,0,0.0,52000000
Mraw_info,2,-47.0,-46.0,0,0.0,52000000
Mraw_info,2,-46.0,-45.0,0,0.0,52000000
Mraw_info,2,-45.0,-44.0,0,0.0,52000000
Mraw_info,2,-44.0,-43.0,0,0.0,52000000
Mraw_info,2,-43.0,-42.0,0,0.0,52000000
Mraw_info,2,-42.0,-41.0,0,0.0,52000000
Mraw_info,2,-41.0,-40.0,0,0.0,52000000
Mraw_info,2,-40.0,-39.0,0,0.0,52000000
Mraw_info,2,-39.0,-38.0,0,0.0,52000000
Mraw_info,2,-38.0,-37.0,0,0.0,52000000
Mraw_info,2,-37.0,-36.0,0,0.0,52000000
Mraw_info,2,-36.0,-35.0,0,0.0,52000000
Mraw_info,2,-35.0,-34.0,0,0.0,52000000
Mraw_info,2,-34.0,-33.0,0,0.0,52000000
Mraw_info,2,-33.0,-32.0,0,0.0,52000000
Mraw_info,2,-32.0,-31.0,0,0.0,52000000
Mraw_info,2,-31.0,-30.0,0,0.0,52000000
Mraw_info,2,-30.0,-29.0,0,0.0,52000000
Mraw_info,2,-29.0,-28.0,0,0.0,52000000
Mraw_info,2,-28.0,-27.0,0,0.0,52000000
Mraw_info,2,-27.0,-26.0,0,0.0,52000000
Mraw_info,2,-26.0,-25.0,0,0.0,52000000
Mraw_info,2,-25.0,-24.0,0,0.0,52000000
Mraw_info,2,-24.0,-23.0,0,0.0,52000000
Mraw_info,2,-23.0,-22.0,0,0.0,52000000
Mraw_info,2,-22.0,-21.0,0,0.0,52000000
Mraw_info,2,-21.0,-20.0,0,0.0,52000000
Mraw_info,2,-20.0,-19.0,0,0.0,52000000
Mraw_info,2,-19.0,-18.0,0,0.0,52000000
Mraw_info,2,-18.0,-17.0,1,1.923076923076923e-08,52000000
Mraw_info,2,-17.0,-16.0,2,3.846153846153846e-08,52000000
Mraw_info,2,-16.0,-15.0,1,1.923076923076923e-08,52000000
Mraw_info,2,-15.0,-14.0,13,2.5e-07,52000000
Mraw_info,2,-14.0,-13.0,36,6.923076923076923e-07,52000000
Mraw_info,2,-13.0,-12.0,81,1.5576923076923076e-06,52000000
Mraw_info,2,-12.0,-11.0,211,4.057692307692307e-06,52000000
Mraw_info,2,-11.0,-10.0,547,1.051923076923077e-05,52000000
Mraw_info,2,-10.0,-9.0,1061,2.0403846153846152e-05,52000000
Mraw_info,2,-9.0,-8.0,2217,4.263461538461538e-05,52000000
Mraw_info,2,-8.0,-7.0,4372,8.407692307692307e-05,52000000
Mraw_info,2,-7.0,-6.0,8577,0.0001649423076923077,52000000
Mraw_info,2,-6.0,-5.0,16326,0.00031396153846153846,52000000
Mraw_info,2,-5.0,-4.0,31407,0.0006039807692307692,52000000
Mraw_info,2,-4.0,-3.0,59954,0.0011529615384615385,52000000
Mraw_info,2,-3.0,-2.0,114691,0.002205596153846154,52000000
Mraw_info,2,-2.0,-1.0,193270,0.003716730769230769,52000000
Mraw_info,2,-1.0,0.0,289346,0.005564346153846154,52000000
Mraw_info,2,0.0,1.0,463481,0.008913096153846153,52000000
Mraw_info,2,1.0,2.0,798512,0.015356,52000000
Mraw_info,2,2.0,3.0,1093927,0.02103705769230769,52000000
Mraw_info,2,3.0,4.0,1279604,0.02460776923076923,52000000
Mraw_info,2,4.0,5.0,1482272,0.02850523076923077,52000000
Mraw_info,2,5.0,6.0,1730169,0.03327248076923077,52000000
Mraw_info,2,6.0,7.0,2022677,0.03889763461538462,52000000
Mraw_info,2,7.0,8.0,2364740,0.04547576923076923,52000000
Mraw_info,2,8.0,9.0,2762428,0.05312361538461539,52000000
Mraw_info,2,9.0,10.0,3240440,0.06231615384615385,52000000
Mraw_info,2,10.0,11.0,3813107,0.07332898076923076,52000000
Mraw_info,2,11.0,12.0,4385888,0.084344,52000000
Mraw_info,2,12.0,13.0,4687851,0.09015098076923077,52000000
Mraw_info,2,13.0,14.0,4433431,0.08525828846153846,52000000
Mraw_info,2,14.0,15.0,3595995,0.06915375,52000000
Mraw_info,2,15.0,16.0,2613548,0.05026053846153846,52000000
Mraw_info,2,16.0,17.0,1845902,0.035498115384615385,52000000
Mraw_info,2,17.0,18.0,1344408,0.025854,52000000
Mraw_info,2,18.0,19.0,1009939,0.019421903846153846,52000000
Mraw_info,2,19.0,20.0,796182,0.015311192307692307,52000000
Mraw_info,2,20.0,21.0,726507,0.013971288461538462,52000000
Mraw_info,2,21.0,22.0,749193,0.014407557692307692,52000000
Mraw_info,2,22.0,23.0,809028,0.015558230769230769,52000000
Mraw_info,2,23.0,24.0,850914,0.01636373076923077,52000000
Mraw_info,2,24.0,25.0,812722,0.01562926923076923,52000000
Mraw_info,2,25.0,26.0,669674,0.012878346153846153,52000000
Mraw_info,2,26.0,27.0,465727,0.008956288461538462,52000000
Mraw_info,2,27.0,28.0,266912,0.005132923076923077,52000000
Mraw_info,2,28.0,29.0,117667,0.002262826923076923,52000000
Mraw_info,2,29.0,30.0,36166,0.0006955,52000000
Mraw_info,2,30.0,31.0,7662,0.00014734615384615386,52000000
Mraw_info,2,31.0,32.0,1103,2.121153846153846e-05,52000000
Mraw_info,2,32.0,33.0,104,2e-06,52000000
Mraw_info,2,33.0,34.0,7,1.346153846153846e-07,52000000
Mraw_info,2,34.0,35.0,0,0.0,52000000
Mraw_info,2,35.0,36.0,0,0.0,52000000
Mraw_info,2,36.0,37.0,0,0.0,52000000
Mraw_info,2,37.0,38.0,0,0.0,52000000
Mraw_info,2,38.0,39.0,0,0.0,52000000
Mraw_info,2,39.0,40.0,0,0.0,52000000
Mraw_info,2,40.0,41.0,0,0.0,52000000
Mraw_info,2,41.0,42.0,0,0.0,52000000
Mraw_info,2,42.0,43.0,0,0.0,52000000
Mraw_info,2,43.0,44.0,0,0.0,52000000
Mraw_info,2,44.0,45.0,0,0.0,52000000
Mraw_info,2,45.0,46.0,0,0.0,52000000
Mraw_info,2,46.0,47.0,0,0.0,52000000
Mraw_info,2,47.0,48.0,0,0.0,52000000
Mraw_info,2,48.0,49.0,0,0.0,52000000
Mraw_info,2,49.0,50.0,0,0.0,52000000
Mraw_info,2,50.0,51.0,0,0.0,52000000
Mraw_info,2,51.0,52.0,0,0.0,52000000
Mraw_info,2,52.0,53.0,0,0.0,52000000
Mraw_info,2,53.0,54.0,0,0.0,52000000
Mraw_info,2,54.0,55.0,0,0.0,52000000
Mraw_info,2,55.0,56.0,0,0.0,52000000
Mraw_info,2,56.0,57.0,0,0.0,52000000
Mraw_info,2,57.0,58.0,0,0.0,52000000
Mraw_info,2,58.0,59.0,0,0.0,52000000
Mraw_info,2,59.0,60.0,0,0.0,52000000
Mraw_info,2,60.0,61.0,0,0.0,52000000
Mraw_info,2,61.0,62.0,0,0.0,52000000
Mraw_info,2,62.0,63.0,0,0.0,52000000
Mraw_info,2,63.0,64.0,0,0.0,52000000
Mraw_info,2,64.0,65.0,0,0.0,52000000
Mraw_info,2,65.0,66.0,0,0.0,52000000
Mraw_info,2,66.0,67.0,0,0.0,52000000
Mraw_info,2,67.0,68.0,0,0.0,52000000
Mraw_info,2,68.0,69.0,0,0.0,52000000
Mraw_info,2,69.0,70.0,0,0.0,52000000
Mraw_info,2,70.0,71.0,0,0.0,52000000
Mraw_info,2,71.0,72.0,0,0.0,52000000
Mraw_info,2,72.0,73.0,0,0.0,52000000
Mraw_info,2,73.0,74.0,0,0.0,52000000
Mraw_info,2,74.0,75.0,0,0.0,52000000
Mraw_info,2,75.0,76.0,0,0.0,52000000
Mraw_info,2,76.0,77.0,0,0.0,52000000
Mraw_info,2,77.0,78.0,0,0.0,52000000
Mraw_info,2,78.0,79.0,0,0.0,52000000
Mraw_info,2,79.0,80.0,0,0.0,52000000
Mraw_info,2,80.0,81.0,0,0.0,52000000
Mraw_info,2,81.0,82.0,0,0.0,52000000
Mraw_info,2,82.0,83.0,0,0.0,52000000
Mraw_info,2,83.0,84.0,0,0.0,52000000
Mraw_info,2,84.0,85.0,0,0.0,52000000
Mraw_info,2,85.0,86.0,0,0.0,52000000
Mraw_info,2,86.0,87.0,0,0.0,52000000
Mraw_info,2,87.0,88.0,0,0.0,52000000
Mraw_info,2,88.0,89.0,0,0.0,52000000
Mraw_info,2,89.0,90.0,0,0.0,52000000
Mraw_info,2,90.0,91.0,0,0.0,52000000
Mraw_info,2,91.0,92.0,0,0.0,52000000
Mraw_info,2,92.0,93.0,0,0.0,52000000
Mraw_info,2,93.0,94.0,0,0.0,52000000
Mraw_info,2,94.0,95.0,0,0.0,52000000
Mraw_info,2,95.0,96.0,0,0.0,52000000
Mraw_info,2,96.0,97.0,0,0.0,52000000
Mraw_info,2,97.0,98.0,0,0.0,52000000
Mraw_info,2,98.0,99.0,0,0.0,52000000
Mraw_info,2,99.0,100.0,0,0.0,52000000
Mraw_info,2,100.0,101.0,0,0.0,52000000
Mraw_info,2,101.0,102.0,0,0.0,52000000
Mraw_info,2,102.0,103.0,0,0.0,52000000
Mraw_info,2,103.0,104.0,0,0.0,52000000
Mraw_info,2,104.0,105.0,0,0.0,52000000
Mraw_info,2,105.0,106.0,0,0.0,52000000
Mraw_info,2,106.0,107.0,0,0.0,52000000
Mraw_info,2,107.0,108.0,0,0.0,52000000
Mraw_info,2,108.0,109.0,0,0.0,52000000
Mraw_info,2,109.0,110.0,0,0.0,52000000
Mraw_info,2,110.0,111.0,0,0.0,52000000
Mraw_info,2,111.0,112.0,0,0.0,52000000
Mraw_info,2,112.0,113.0,0,0.0,52000000
Mraw_info,2,113.0,114.0,0,0.0,52000000
Mraw_info,2,114.0,115.0,0,0.0,52000000
Mraw_info,2,115.0,116.0,0,0.0,52000000
Mraw_info,2,116.0,117.0,0,0.0,52000000
Mraw_info,2,117.0,118.0,0,0.0,52000000
Mraw_info,2,118.0,119.0,0,0.0,52000000
Mraw_info,2,119.0,120.0,0,0.0,52000000
Mraw_info,5,-120.0,-119.0,0,0.0,52000000
Mraw_info,5,-119.0,-118.0,0,0.0,52000000
Mraw_info,5,-118.0,-117.0,0,0.0,52000000
Mraw_info,5,-117.0,-116.0,0,0.0,52000000
Mraw_info,5,-116.0,-115.0,0,0.0,52000000
Mraw_info,5,-115.0,-114.0,0,0.0,52000000
Mraw_info,5,-114.0,-113.0,0,0.0,52000000
Mraw_info,5,-113.0,-112.0,0,0.0,52000000
Mraw_info,5,-112.0,-111.0,0,0.0,52000000
Mraw_info,5,-111.0,-110.0,0,0.0,52000000
Mraw_info,5,-110.0,-109.0,0,0.0,52000000
Mraw_info,5,-109.0,-108.0,0,0.0,52000000
Mraw_info,5,-108.0,-107.0,0,0.0,52000000
Mraw_info,5,-107.0,-106.0,0,0.0,52000000
Mraw_info,5,-106.0,-105.0,0,0.0,52000000
Mraw_info,5,-105.0,-104.0,0,0.0,52000000
Mraw_info,5,-104.0,-103.0,0,0.0,52000000
Mraw_info,5,-103.0,-102.0,0,0.0,52000000
Mraw_info,5,-102.0,-101.0,0,0.0,52000000
Mraw_info,5,-101.0,-100.0,0,0.0,52000000
Mraw_info,5,-100.0,-99.0,0,0.0,52000000
Mraw_info,5,-99.0,-98.0,0,0.0,52000000
Mraw_info,5,-98.0,-97.0,0,0.0,52000000
Mraw_info,5,-97.0,-96.0,0,0.0,52000000
Mraw_info,5,-96.0,-95.0,0,0.0,52000000
Mraw_info,5,-95.0,-94.0,0,0.0,52000000
Mraw_info,5,-94.0,-93.0,0,0.0,52000000
Mraw_info,5,-93.0,-92.0,0,0.0,52000000
Mraw_info,5,-92.0,-91.0,0,0.0,52000000
Mraw_info,5,-91.0,-90.0,0,0.0,52000000
Mraw_info,5,-90.0,-89.0,0,0.0,52000000
Mraw_info,5,-89.0,-88.0,0,0.0,52000000
Mraw_info,5,-88.0,-87.0,0,0.0,52000000
Mraw_info,5,-87.0,-86.0,0,0.0,52000000
Mraw_info,5,-86.0,-85.0,0,0.0,52000000
Mraw_info,5,-85.0,-84.0,0,0.0,52000000
Mraw_info,5,-84.0,-83.0,0,0.0,52000000
Mraw_info,5,-83.0,-82.0,0,0.0,52000000
Mraw_info,5,-82.0,-81.0,0,0.0,52000000
Mraw_info,5,-81.0,-80.0,0,0.0,52000000
Mraw_info,5,-80.0,-79.0,0,0.0,52000000
Mraw_info,5,-79.0,-78.0,0,0.0,52000000
Mraw_info,5,-78.0,-77.0,0,0.0,52000000
Mraw_info,5,-77.0,-76.0,0,0.0,52000000
Mraw_info,5,-76.0,-75.0,0,0.0,52000000
Mraw_info,5,-75.0,-74.0,0,0.0,52000000
Mraw_info,5,-74.0,-73.0,0,0.0,52000000
Mraw_info,5,-73.0,-72.0,0,0.0,52000000
Mraw_info,5,-72.0,-71.0,0,0.0,52000000
Mraw_info,5,-71.0,-70.0,0,0.0,52000000
Mraw_info,5,-70.0,-69.0,0,0.0,52000000
Mraw_info,5,-69.0,-68.0,0,0.0,52000000
Mraw_info,5,-68.0,-67.0,0,0.0,52000000
Mraw_info,5,-67.0,-66.0,0,0.0,52000000
Mraw_info,5,-66.0,-65.0,0,0.0,52000000
Mraw_info,5,-65.0,-64.0,0,0.0,52000000
Mraw_info,5,-64.0,-63.0,0,0.0,52000000
Mraw_info,5,-63.0,-62.0,0,0.0,52000000
Mraw_info,5,-62.0,-61.0,0,0.0,52000000
Mraw_info,5,-61.0,-60.0,0,0.0,52000000
Mraw_info,5,-60.0,-59.0,0,0.0,52000000
Mraw_info,5,-59.0,-58.0,0,0.0,52000000
Mraw_info,5,-58.0,-57.0,0,0.0,52000000
Mraw_info,5,-57.0,-56.0,0,0.0,52000000
Mraw_info,5,-56.0,-55.0,0,0.0,52000000
Mraw_info,5,-55.0,-54.0,0,0.0,52000000
Mraw_info,5,-54.0,-53.0,0,0.0,52000000
Mraw_info,5,-53.0,-52.0,0,0.0,52000000
Mraw_info,5,-52.0,-51.0,0,0.0,52000000
Mraw_info,5,-51.0,-50.0,0,0.0,52000000
Mraw_info,5,-50.0,-49.0,0,0.0,52000000
Mraw_info,5,-49.0,-48.0,0,0.0,52000000
Mraw_info,5,-48.0,-47.0,0,0.0,52000000
Mraw_info,5,-47.0,-46.0,0,0.0,52000000
Mraw_info,5,-46.0,-45.0,0,0.0,52000000
Mraw_info,5,-45.0,-44.0,0,0.0,52000000
Mraw_info,5,-44.0,-43.0,0,0.0,52000000
Mraw_info,5,-43.0,-42.0,0,0.0,52000000
Mraw_info,5,-42.0,-41.0,0,0.0,52000000
Mraw_info,5,-41.0,-40.0,0,0.0,52000000
Mraw_info,5,-40.0,-39.0,0,0.0,52000000
Mraw_info,5,-39.0,-38.0,0,0.0,52000000
Mraw_info,5,-38.0,-37.0,0,0.0,52000000
Mraw_info,5,-37.0,-36.0,0,0.0,52000000
Mraw_info,5,-36.0,-35.0,0,0.0,52000000
Mraw_info,5,-35.0,-34.0,0,0.0,52000000
Mraw_info,5,-34.0,-33.0,0,0.0,52000000
Mraw_info,5,-33.0,-32.0,0,0.0,52000000
Mraw_info,5,-32.0,-31.0,0,0.0,52000000
Mraw_info,5,-31.0,-30.0,0,0.0,52000000
Mraw_info,5,-30.0,-29.0,0,0.0,52000000
Mraw_info,5,-29.0,-28.0,0,0.0,52000000
Mraw_info,5,-28.0,-27.0,0,0.0,52000000
Mraw_info,5,-27.0,-26.0,0,0.0,52000000
Mraw_info,5,-26.0,-25.0,0,0.0,52000000
Mraw_info,5,-25.0,-24.0,0,0.0,52000000
Mraw_info,5,-24.0,-23.0,0,0.0,52000000
Mraw_info,5,-23.0,-22.0,0,0.0,52000000
Mraw_info,5,-22.0,-21.0,0,0.0,52000000
Mraw_info,5,-21.0,-20.0,0,0.0,52000000
Mraw_info,5,-20.0,-19.0,0,0.0,52000000
Mraw_info,5,-19.0,-18.0,0,0.0,52000000
Mraw_info,5,-18.0,-17.0,2,3.846153846153846e-08,52000000
Mraw_info,5,-17.0,-16.0,2,3.846153846153846e-08,52000000
Mraw_info,5,-16.0,-15.0,3,5.7692307692307695e-08,52000000
Mraw_info,5,-15.0,-14.0,9,1.7307692307692308e-07,52000000
Mraw_info,5,-14.0,-13.0,29,5.576923076923077e-07,52000000
Mraw_info,5,-13.0,-12.0,71,1.3653846153846153e-06,52000000
Mraw_info,5,-12.0,-11.0,177,3.4038461538461537e-06,52000000
Mraw_info,5,-11.0,-10.0,378,7.269230769230769e-06,52000000
Mraw_info,5,-10.0,-9.0,792,1.523076923076923e-05,52000000
Mraw_info,5,-9.0,-8.0,1478,2.8423076923076923e-05,52000000
Mraw_info,5,-8.0,-7.0,3038,5.842307692307692e-05,52000000
Mraw_info,5,-7.0,-6.0,5819,0.00011190384615384616,52000000
Mraw_info,5,-6.0,-5.0,11202,0.00021542307692307692,52000000
Mraw_info,5,-5.0,-4.0,21498,0.0004134230769230769,52000000
Mraw_info,5,-4.0,-3.0,42076,0.0008091538461538462,52000000
Mraw_info,5,-3.0,-2.0,84854,0.0016318076923076924,52000000
Mraw_info,5,-2.0,-1.0,147926,0.002844730769230769,52000000
Mraw_info,5,-1.0,0.0,222359,0.004276134615384616,52000000
Mraw_info,5,0.0,1.0,363302,0.0069865769230769235,52000000
Mraw_info,5,1.0,2.0,658008,0.012654,52000000
Mraw_info,5,2.0,3.0,915653,0.01760871153846154,52000000
Mraw_info,5,3.0,4.0,1075039,0.020673826923076923,52000000
Mraw_info,5,4.0,5.0,1249706,0.024032807692307694,52000000
Mraw_info,5,5.0,6.0,1457462,0.028028115384615384,52000000
Mraw_info,5,6.0,7.0,1714526,0.032971653846153845,52000000
Mraw_info,5,7.0,8.0,2018576,0.03881876923076923,52000000
Mraw_info,5,8.0,9.0,2391591,0.045992134615384615,52000000
Mraw_info,5,9.0,10.0,2852468,0.054855153846153845,52000000
Mraw_info,5,10.0,11.0,3431096,0.06598261538461539,52000000
Mraw_info,5,11.0,12.0,4063094,0.07813642307692308,52000000
Mraw_info,5,12.0,13.0,4505400,0.0866423076923077,52000000
Mraw_info,5,13.0,14.0,4459850,0.08576634615384615,52000000
Mraw_info,5,14.0,15.0,3836879,0.07378613461538462,52000000
Mraw_info,5,15.0,16.0,2960981,0.056941942307692305,52000000
Mraw_info,5,16.0,17.0,2206737,0.04243725,52000000
Mraw_info,5,17.0,18.0,1706830,0.03282365384615385,52000000
Mraw_info,5,18.0,19.0,1367983,0.026307365384615384,52000000
Mraw_info,5,19.0,20.0,1097362,0.021103115384615383,52000000
Mraw_info,5,20.0,21.0,937588,0.018030538461538462,52000000
Mraw_info,5,21.0,22.0,883228,0.016985153846153848,52000000
Mraw_info,5,22.0,23.0,915554,0.017606807692307692,52000000
Mraw_info,5,23.0,24.0,994544,0.019125846153846153,52000000
Mraw_info,5,24.0,25.0,1022908,0.019671307692307693,52000000
Mraw_info,5,25.0,26.0,921754,0.017726038461538463,52000000
Mraw_info,5,26.0,27.0,702568,0.013510923076923077,52000000
Mraw_info,5,27.0,28.0,442930,0.008517884615384615,52000000
Mraw_info,5,28.0,29.0,212995,0.004096057692307692,52000000
Mraw_info,5,29.0,30.0,72458,0.0013934230769230768,52000000
Mraw_info,5,30.0,31.0,16483,0.0003169807692307692,52000000
Mraw_info,5,31.0,32.0,2461,4.732692307692308e-05,52000000
Mraw_info,5,32.0,33.0,255,4.903846153846154e-06,52000000
Mraw_info,5,33.0,34.0,16,3.076923076923077e-07,52000000
Mraw_info,5,34.0,35.0,2,3.846153846153846e-08,52000000
Mraw_info,5,35.0,36.0,0,0.0,52000000
Mraw_info,5,36.0,37.0,0,0.0,52000000
Mraw_info,5,37.0,38.0,0,0.0,52000000
Mraw_info,5,38.0,39.0,0,0.0,52000000
Mraw_info,5,39.0,40.0,0,0.0,52000000
Mraw_info,5,40.0,41.0,0,0.0,52000000
Mraw_info,5,41.0,42.0,0,0.0,52000000
Mraw_info,5,42.0,43.0,0,0.0,52000000
Mraw_info,5,43.0,44.0,0,0.0,52000000
Mraw_info,5,44.0,45.0,0,0.0,52000000
Mraw_info,5,45.0,46.0,0,0.0,52000000
Mraw_info,5,46.0,47.0,0,0.0,52000000
Mraw_info,5,47.0,48.0,0,0.0,52000000
Mraw_info,5,48.0,49.0,0,0.0,52000000
Mraw_info,5,49.0,50.0,0,0.0,52000000
Mraw_info,5,50.0,51.0,0,0.0,52000000
Mraw_info,5,51.0,52.0,0,0.0,52000000
Mraw_info,5,52.0,53.0,0,0.0,52000000
Mraw_info,5,53.0,54.0,0,0.0,52000000
Mraw_info,5,54.0,55.0,0,0.0,52000000
Mraw_info,5,55.0,56.0,0,0.0,52000000
Mraw_info,5,56.0,57.0,0,0.0,52000000
Mraw_info,5,57.0,58.0,0,0.0,52000000
Mraw_info,5,58.0,59.0,0,0.0,52000000
Mraw_info,5,59.0,60.0,0,0.0,52000000
Mraw_info,5,60.0,61.0,0,0.0,52000000
Mraw_info,5,61.0,62.0,0,0.0,52000000
Mraw_info,5,62.0,63.0,0,0.0,52000000
Mraw_info,5,63.0,64.0,0,0.0,52000000
Mraw_info,5,64.0,65.0,0,0.0,52000000
Mraw_info,5,65.0,66.0,0,0.0,52000000
Mraw_info,5,66.0,67.0,0,0.0,52000000
Mraw_info,5,67.0,68.0,0,0.0,52000000
Mraw_info,5,68.0,69.0,0,0.0,52000000
Mraw_info,5,69.0,70.0,0,0.0,52000000
Mraw_info,5,70.0,71.0,0,0.0,52000000
Mraw_info,5,71.0,72.0,0,0.0,52000000
Mraw_info,5,72.0,73.0,0,0.0,52000000
Mraw_info,5,73.0,74.0,0,0.0,52000000
Mraw_info,5,74.0,75.0,0,0.0,52000000
Mraw_info,5,75.0,76.0,0,0.0,52000000
Mraw_info,5,76.0,77.0,0,0.0,52000000
Mraw_info,5,77.0,78.0,0,0.0,52000000
Mraw_info,5,78.0,79.0,0,0.0,52000000
Mraw_info,5,79.0,80.0,0,0.0,52000000
Mraw_info,5,80.0,81.0,0,0.0,52000000
Mraw_info,5,81.0,82.0,0,0.0,52000000
Mraw_info,5,82.0,83.0,0,0.0,52000000
Mraw_info,5,83.0,84.0,0,0.0,52000000
Mraw_info,5,84.0,85.0,0,0.0,52000000
Mraw_info,5,85.0,86.0,0,0.0,52000000
Mraw_info,5,86.0,87.0,0,0.0,52000000
Mraw_info,5,87.0,88.0,0,0.0,52000000
Mraw_info,5,88.0,89.0,0,0.0,52000000
Mraw_info,5,89.0,90.0,0,0.0,52000000
Mraw_info,5,90.0,91.0,0,0.0,52000000
Mraw_info,5,91.0,92.0,0,0.0,52000000
Mraw_info,5,92.0,93.0,0,0.0,52000000
Mraw_info,5,93.0,94.0,0,0.0,52000000
Mraw_info,5,94.0,95.0,0,0.0,52000000
Mraw_info,5,95.0,96.0,0,0.0,52000000
Mraw_info,5,96.0,97.0,0,0.0,52000000
Mraw_info,5,97.0,98.0,0,0.0,52000000
Mraw_info,5,98.0,99.0,0,0.0,52000000
Mraw_info,5,99.0,100.0,0,0.0,52000000
Mraw_info,5,100.0,101.0,0,0.0,52000000
Mraw_info,5,101.0,102.0,0,0.0,52000000
Mraw_info,5,102.0,103.0,0,0.0,52000000
Mraw_info,5,103.0,104.0,0,0.0,52000000
Mraw_info,5,104.0,105.0,0,0.0,52000000
Mraw_info,5,105.0,106.0,0,0.0,52000000
Mraw_info,5,106.0,107.0,0,0.0,52000000
Mraw_info,5,107.0,108.0,0,0.0,52000000
Mraw_info,5,108.0,109.0,0,0.0,52000000
Mraw_info,5,109.0,110.0,0,0.0,52000000
Mraw_info,5,110.0,111.0,0,0.0,52000000
Mraw_info,5,111.0,112.0,0,0.0,52000000
Mraw_info,5,112.0,113.0,0,0.0,52000000
Mraw_info,5,113.0,114.0,0,0.0,52000000
Mraw_info,5,114.0,115.0,0,0.0,52000000
Mraw_info,5,115.0,116.0,0,0.0,52000000
Mraw_info,5,116.0,117.0,0,0.0,52000000
Mraw_info,5,117.0,118.0,0,0.0,52000000
Mraw_info,5,118.0,119.0,0,0.0,52000000
Mraw_info,5,119.0,120.0,0,0.0,52000000
Mraw_info,50,-120.0,-119.0,0,0.0,52000000
Mraw_info,50,-119.0,-118.0,0,0.0,52000000
Mraw_info,50,-118.0,-117.0,0,0.0,52000000
Mraw_info,50,-117.0,-116.0,0,0.0,52000000
Mraw_info,50,-116.0,-115.0,0,0.0,52000000
Mraw_info,50,-115.0,-114.0,0,0.0,52000000
Mraw_info,50,-114.0,-113.0,0,0.0,52000000
Mraw_info,50,-113.0,-112.0,0,0.0,52000000
Mraw_info,50,-112.0,-111.0,0,0.0,52000000
Mraw_info,50,-111.0,-110.0,0,0.0,52000000
Mraw_info,50,-110.0,-109.0,0,0.0,52000000
Mraw_info,50,-109.0,-108.0,0,0.0,52000000
Mraw_info,50,-108.0,-107.0,0,0.0,52000000
Mraw_info,50,-107.0,-106.0,0,0.0,52000000
Mraw_info,50,-106.0,-105.0,0,0.0,52000000
Mraw_info,50,-105.0,-104.0,0,0.0,52000000
Mraw_info,50,-104.0,-103.0,0,0.0,52000000
Mraw_info,50,-103.0,-102.0,0,0.0,52000000
Mraw_info,50,-102.0,-101.0,0,0.0,52000000
Mraw_info,50,-101.0,-100.0,0,0.0,52000000
Mraw_info,50,-100.0,-99.0,0,0.0,52000000
Mraw_info,50,-99.0,-98.0,0,0.0,52000000
Mraw_info,50,-98.0,-97.0,0,0.0,52000000
Mraw_info,50,-97.0,-96.0,0,0.0,52000000
Mraw_info,50,-96.0,-95.0,0,0.0,52000000
Mraw_info,50,-95.0,-94.0,0,0.0,52000000
Mraw_info,50,-94.0,-93.0,0,0.0,52000000
Mraw_info,50,-93.0,-92.0,0,0.0,52000000
Mraw_info,50,-92.0,-91.0,0,0.0,52000000
Mraw_info,50,-91.0,-90.0,0,0.0,52000000
Mraw_info,50,-90.0,-89.0,0,0.0,52000000
Mraw_info,50,-89.0,-88.0,0,0.0,52000000
Mraw_info,50,-88.0,-87.0,0,0.0,52000000
Mraw_info,50,-87.0,-86.0,0,0.0,52000000
Mraw_info,50,-86.0,-85.0,0,0.0,52000000
Mraw_info,50,-85.0,-84.0,0,0.0,52000000
Mraw_info,50,-84.0,-83.0,0,0.0,52000000
Mraw_info,50,-83.0,-82.0,0,0.0,52000000
Mraw_info,50,-82.0,-81.0,0,0.0,52000000
Mraw_info,50,-81.0,-80.0,0,0.0,52000000
Mraw_info,50,-80.0,-79.0,0,0.0,52000000
Mraw_info,50,-79.0,-78.0,0,0.0,52000000
Mraw_info,50,-78.0,-77.0,0,0.0,52000000
Mraw_info,50,-77.0,-76.0,0,0.0,52000000
Mraw_info,50,-76.0,-75.0,0,0.0,52000000
Mraw_info,50,-75.0,-74.0,0,0.0,52000000
Mraw_info,50,-74.0,-73.0,0,0.0,52000000
Mraw_info,50,-73.0,-72.0,0,0.0,52000000
Mraw_info,50,-72.0,-71.0,0,0.0,52000000
Mraw_info,50,-71.0,-70.0,0,0.0,52000000
Mraw_info,50,-70.0,-69.0,0,0.0,52000000
Mraw_info,50,-69.0,-68.0,0,0.0,52000000
Mraw_info,50,-68.0,-67.0,0,0.0,52000000
Mraw_info,50,-67.0,-66.0,0,0.0,52000000
Mraw_info,50,-66.0,-65.0,0,0.0,52000000
Mraw_info,50,-65.0,-64.0,0,0.0,52000000
Mraw_info,50,-64.0,-63.0,0,0.0,52000000
Mraw_info,50,-63.0,-62.0,0,0.0,52000000
Mraw_info,50,-62.0,-61.0,0,0.0,52000000
Mraw_info,50,-61.0,-60.0,0,0.0,52000000
Mraw_info,50,-60.0,-59.0,0,0.0,52000000
Mraw_info,50,-59.0,-58.0,0,0.0,52000000
Mraw_info,50,-58.0,-57.0,0,0.0,52000000
Mraw_info,50,-57.0,-56.0,0,0.0,52000000
Mraw_info,50,-56.0,-55.0,0,0.0,52000000
Mraw_info,50,-55.0,-54.0,0,0.0,52000000
Mraw_info,50,-54.0,-53.0,0,0.0,52000000
Mraw_info,50,-53.0,-52.0,0,0.0,52000000
Mraw_info,50,-52.0,-51.0,0,0.0,52000000
Mraw_info,50,-51.0,-50.0,0,0.0,52000000
Mraw_info,50,-50.0,-49.0,0,0.0,52000000
Mraw_info,50,-49.0,-48.0,0,0.0,52000000
Mraw_info,50,-48.0,-47.0,0,0.0,52000000
Mraw_info,50,-47.0,-46.0,0,0.0,52000000
Mraw_info,50,-46.0,-45.0,0,0.0,52000000
Mraw_info,50,-45.0,-44.0,0,0.0,52000000
Mraw_info,50,-44.0,-43.0,0,0.0,52000000
Mraw_info,50,-43.0,-42.0,0,0.0,52000000
Mraw_info,50,-42.0,-41.0,0,0.0,52000000
Mraw_info,50,-41.0,-40.0,0,0.0,52000000
Mraw_info,50,-40.0,-39.0,0,0.0,52000000
Mraw_info,50,-39.0,-38.0,0,0.0,52000000
Mraw_info,50,-38.0,-37.0,0,0.0,52000000
Mraw_info,50,-37.0,-36.0,0,0.0,52000000
Mraw_info,50,-36.0,-35.0,0,0.0,52000000
Mraw_info,50,-35.0,-34.0,0,0.0,52000000
Mraw_info,50,-34.0,-33.0,0,0.0,52000000
Mraw_info,50,-33.0,-32.0,0,0.0,52000000
Mraw_info,50,-32.0,-31.0,0,0.0,52000000
Mraw_info,50,-31.0,-30.0,0,0.0,52000000
Mraw_info,50,-30.0,-29.0,0,0.0,52000000
Mraw_info,50,-29.0,-28.0,0,0.0,52000000
Mraw_info,50,-28.0,-27.0,0,0.0,52000000
Mraw_info,50,-27.0,-26.0,0,0.0,52000000
Mraw_info,50,-26.0,-25.0,0,0.0,52000000
Mraw_info,50,-25.0,-24.0,0,0.0,52000000
Mraw_info,50,-24.0,-23.0,0,0.0,52000000
Mraw_info,50,-23.0,-22.0,0,0.0,52000000
Mraw_info,50,-22.0,-21.0,0,0.0,52000000
Mraw_info,50,-21.0,-20.0,0,0.0,52000000
Mraw_info,50,-20.0,-19.0,0,0.0,52000000
Mraw_info,50,-19.0,-18.0,1,1.923076923076923e-08,52000000
Mraw_info,50,-18.0,-17.0,0,0.0,52000000
Mraw_info,50,-17.0,-16.0,3,5.7692307692307695e-08,52000000
Mraw_info,50,-16.0,-15.0,4,7.692307692307692e-08,52000000
Mraw_info,50,-15.0,-14.0,5,9.615384615384616e-08,52000000
Mraw_info,50,-14.0,-13.0,23,4.4230769230769233e-07,52000000
Mraw_info,50,-13.0,-12.0,55,1.0576923076923078e-06,52000000
Mraw_info,50,-12.0,-11.0,136,2.6153846153846154e-06,52000000
Mraw_info,50,-11.0,-10.0,304,5.846153846153846e-06,52000000
Mraw_info,50,-10.0,-9.0,601,1.1557692307692308e-05,52000000
Mraw_info,50,-9.0,-8.0,1152,2.2153846153846154e-05,52000000
Mraw_info,50,-8.0,-7.0,2287,4.398076923076923e-05,52000000
Mraw_info,50,-7.0,-6.0,4425,8.509615384615385e-05,52000000
Mraw_info,50,-6.0,-5.0,8672,0.00016676923076923078,52000000
Mraw_info,50,-5.0,-4.0,16921,0.00032540384615384614,52000000
Mraw_info,50,-4.0,-3.0,34227,0.0006582115384615385,52000000
Mraw_info,50,-3.0,-2.0,71990,0.001384423076923077,52000000
Mraw_info,50,-2.0,-1.0,127597,0.0024537884615384617,52000000
Mraw_info,50,-1.0,0.0,192847,0.003708596153846154,52000000
Mraw_info,50,0.0,1.0,321786,0.006188192307692308,52000000
Mraw_info,50,1.0,2.0,598125,0.011502403846153846,52000000
Mraw_info,50,2.0,3.0,842839,0.01620844230769231,52000000
Mraw_info,50,3.0,4.0,994846,0.019131653846153847,52000000
Mraw_info,50,4.0,5.0,1165010,0.02240403846153846,52000000
Mraw_info,50,5.0,6.0,1367231,0.026292903846153848,52000000
Mraw_info,50,6.0,7.0,1618617,0.03112725,52000000
Mraw_info,50,7.0,8.0,1919988,0.03692284615384615,52000000
Mraw_info,50,8.0,9.0,2297875,0.044189903846153844,52000000
Mraw_info,50,9.0,10.0,2767068,0.05321284615384615,52000000
Mraw_info,50,10.0,11.0,3361481,0.06464386538461539,52000000
Mraw_info,50,11.0,12.0,4018817,0.07728494230769231,52000000
Mraw_info,50,12.0,13.0,4495952,0.08646061538461539,52000000
Mraw_info,50,13.0,14.0,4496404,0.08646930769230769,52000000
Mraw_info,50,14.0,15.0,3907400,0.07514230769230769,52000000
Mraw_info,50,15.0,16.0,3047786,0.05861126923076923,52000000
Mraw_info,50,16.0,17.0,2296612,0.044165615384615386,52000000
Mraw_info,50,17.0,18.0,1796510,0.03454826923076923,52000000
Mraw_info,50,18.0,19.0,1455874,0.027997576923076924,52000000
Mraw_info,50,19.0,20.0,1171226,0.022523576923076924,52000000
Mraw_info,50,20.0,21.0,995833,0.019150634615384615,52000000
Mraw_info,50,21.0,22.0,929628,0.01787746153846154,52000000
Mraw_info,50,22.0,23.0,959283,0.01844775,52000000
Mraw_info,50,23.0,24.0,1045216,0.02010030769230769,52000000
Mraw_info,50,24.0,25.0,1084863,0.02086275,52000000
Mraw_info,50,25.0,26.0,990925,0.01905625,52000000
Mraw_info,50,26.0,27.0,763881,0.01469001923076923,52000000
Mraw_info,50,27.0,28.0,487723,0.009379288461538461,52000000
Mraw_info,50,28.0,29.0,236978,0.004557269230769231,52000000
Mraw_info,50,29.0,30.0,81237,0.00156225,52000000
Mraw_info,50,30.0,31.0,18628,0.0003582307692307692,52000000
Mraw_info,50,31.0,32.0,2808,5.4e-05,52000000
Mraw_info,50,32.0,33.0,279,5.365384615384616e-06,52000000
Mraw_info,50,33.0,34.0,19,3.653846153846154e-07,52000000
Mraw_info,50,34.0,35.0,2,3.846153846153846e-08,52000000
Mraw_info,50,35.0,36.0,0,0.0,52000000
Mraw_info,50,36.0,37.0,0,0.0,52000000
Mraw_info,50,37.0,38.0,0,0.0,52000000
Mraw_info,50,38.0,39.0,0,0.0,52000000
Mraw_info,50,39.0,40.0,0,0.0,52000000
Mraw_info,50,40.0,41.0,0,0.0,52000000
Mraw_info,50,41.0,42.0,0,0.0,52000000
Mraw_info,50,42.0,43.0,0,0.0,52000000
Mraw_info,50,43.0,44.0,0,0.0,52000000
Mraw_info,50,44.0,45.0,0,0.0,52000000
Mraw_info,50,45.0,46.0,0,0.0,52000000
Mraw_info,50,46.0,47.0,0,0.0,52000000
Mraw_info,50,47.0,48.0,0,0.0,52000000
Mraw_info,50,48.0,49.0,0,0.0,52000000
Mraw_info,50,49.0,50.0,0,0.0,52000000
Mraw_info,50,50.0,51.0,0,0.0,52000000
Mraw_info,50,51.0,52.0,0,0.0,52000000
Mraw_info,50,52.0,53.0,0,0.0,52000000
Mraw_info,50,53.0,54.0,0,0.0,52000000
Mraw_info,50,54.0,55.0,0,0.0,52000000
Mraw_info,50,55.0,56.0,0,0.0,52000000
Mraw_info,50,56.0,57.0,0,0.0,52000000
Mraw_info,50,57.0,58.0,0,0.0,52000000
Mraw_info,50,58.0,59.0,0,0.0,52000000
Mraw_info,50,59.0,60.0,0,0.0,52000000
Mraw_info,50,60.0,61.0,0,0.0,52000000
Mraw_info,50,61.0,62.0,0,0.0,52000000
Mraw_info,50,62.0,63.0,0,0.0,52000000
Mraw_info,50,63.0,64.0,0,0.0,52000000
Mraw_info,50,64.0,65.0,0,0.0,52000000
Mraw_info,50,65.0,66.0,0,0.0,52000000
Mraw_info,50,66.0,67.0,0,0.0,52000000
Mraw_info,50,67.0,68.0,0,0.0,52000000
Mraw_info,50,68.0,69.0,0,0.0,52000000
Mraw_info,50,69.0,70.0,0,0.0,52000000
Mraw_info,50,70.0,71.0,0,0.0,52000000
Mraw_info,50,71.0,72.0,0,0.0,52000000
Mraw_info,50,72.0,73.0,0,0.0,52000000
Mraw_info,50,73.0,74.0,0,0.0,52000000
Mraw_info,50,74.0,75.0,0,0.0,52000000
Mraw_info,50,75.0,76.0,0,0.0,52000000
Mraw_info,50,76.0,77.0,0,0.0,52000000
Mraw_info,50,77.0,78.0,0,0.0,52000000
Mraw_info,50,78.0,79.0,0,0.0,52000000
Mraw_info,50,79.0,80.0,0,0.0,52000000
Mraw_info,50,80.0,81.0,0,0.0,52000000
Mraw_info,50,81.0,82.0,0,0.0,52000000
Mraw_info,50,82.0,83.0,0,0.0,52000000
Mraw_info,50,83.0,84.0,0,0.0,52000000
Mraw_info,50,84.0,85.0,0,0.0,52000000
Mraw_info,50,85.0,86.0,0,0.0,52000000
Mraw_info,50,86.0,87.0,0,0.0,52000000
Mraw_info,50,87.0,88.0,0,0.0,52000000
Mraw_info,50,88.0,89.0,0,0.0,52000000
Mraw_info,50,89.0,90.0,0,0.0,52000000
Mraw_info,50,90.0,91.0,0,0.0,52000000
Mraw_info,50,91.0,92.0,0,0.0,52000000
Mraw_info,50,92.0,93.0,0,0.0,52000000
Mraw_info,50,93.0,94.0,0,0.0,52000000
Mraw_info,50,94.0,95.0,0,0.0,52000000
Mraw_info,50,95.0,96.0,0,0.0,52000000
Mraw_info,50,96.0,97.0,0,0.0,52000000
Mraw_info,50,97.0,98.0,0,0.0,52000000
Mraw_info,50,98.0,99.0,0,0.0,52000000
Mraw_info,50,99.0,100.0,0,0.0,52000000
Mraw_info,50,100.0,101.0,0,0.0,52000000
Mraw_info,50,101.0,102.0,0,0.0,52000000
Mraw_info,50,102.0,103.0,0,0.0,52000000
Mraw_info,50,103.0,104.0,0,0.0,52000000
Mraw_info,50,104.0,105.0,0,0.0,52000000
Mraw_info,50,105.0,106.0,0,0.0,52000000
Mraw_info,50,106.0,107.0,0,0.0,52000000
Mraw_info,50,107.0,108.0,0,0.0,52000000
Mraw_info,50,108.0,109.0,0,0.0,52000000
Mraw_info,50,109.0,110.0,0,0.0,52000000
Mraw_info,50,110.0,111.0,0,0.0,52000000
Mraw_info,50,111.0,112.0,0,0.0,52000000
Mraw_info,50,112.0,113.0,0,0.0,52000000
Mraw_info,50,113.0,114.0,0,0.0,52000000
Mraw_info,50,114.0,115.0,0,0.0,52000000
Mraw_info,50,115.0,116.0,0,0.0,52000000
Mraw_info,50,116.0,117.0,0,0.0,52000000
Mraw_info,50,117.0,118.0,0,0.0,52000000
Mraw_info,50,118.0,119.0,0,0.0,52000000
Mraw_info,50,119.0,120.0,0,0.0,52000000
Rsum_info,1,-120.0,-119.0,0,0.0,52000000
Rsum_info,1,-119.0,-118.0,0,0.0,52000000
Rsum_info,1,-118.0,-117.0,0,0.0,52000000
Rsum_info,1,-117.0,-116.0,0,0.0,52000000
Rsum_info,1,-116.0,-115.0,0,0.0,52000000
Rsum_info,1,-115.0,-114.0,0,0.0,52000000
Rsum_info,1,-114.0,-113.0,0,0.0,52000000
Rsum_info,1,-113.0,-112.0,0,0.0,52000000
Rsum_info,1,-112.0,-111.0,0,0.0,52000000
Rsum_info,1,-111.0,-110.0,0,0.0,52000000
Rsum_info,1,-110.0,-109.0,0,0.0,52000000
Rsum_info,1,-109.0,-108.0,0,0.0,52000000
Rsum_info,1,-108.0,-107.0,0,0.0,52000000
Rsum_info,1,-107.0,-106.0,0,0.0,52000000
Rsum_info,1,-106.0,-105.0,0,0.0,52000000
Rsum_info,1,-105.0,-104.0,0,0.0,52000000
Rsum_info,1,-104.0,-103.0,0,0.0,52000000
Rsum_info,1,-103.0,-102.0,0,0.0,52000000
Rsum_info,1,-102.0,-101.0,0,0.0,52000000
Rsum_info,1,-101.0,-100.0,0,0.0,52000000
Rsum_info,1,-100.0,-99.0,0,0.0,52000000
Rsum_info,1,-99.0,-98.0,0,0.0,52000000
Rsum_info,1,-98.0,-97.0,0,0.0,52000000
Rsum_info,1,-97.0,-96.0,0,0.0,52000000
Rsum_info,1,-96.0,-95.0,0,0.0,52000000
Rsum_info,1,-95.0,-94.0,0,0.0,52000000
Rsum_info,1,-94.0,-93.0,0,0.0,52000000
Rsum_info,1,-93.0,-92.0,0,0.0,52000000
Rsum_info,1,-92.0,-91.0,0,0.0,52000000
Rsum_info,1,-91.0,-90.0,0,0.0,52000000
Rsum_info,1,-90.0,-89.0,0,0.0,52000000
Rsum_info,1,-89.0,-88.0,0,0.0,52000000
Rsum_info,1,-88.0,-87.0,0,0.0,52000000
Rsum_info,1,-87.0,-86.0,0,0.0,52000000
Rsum_info,1,-86.0,-85.0,0,0.0,52000000
Rsum_info,1,-85.0,-84.0,0,0.0,52000000
Rsum_info,1,-84.0,-83.0,0,0.0,52000000
Rsum_info,1,-83.0,-82.0,0,0.0,52000000
Rsum_info,1,-82.0,-81.0,0,0.0,52000000
Rsum_info,1,-81.0,-80.0,0,0.0,52000000
Rsum_info,1,-80.0,-79.0,0,0.0,52000000
Rsum_info,1,-79.0,-78.0,0,0.0,52000000
Rsum_info,1,-78.0,-77.0,0,0.0,52000000
Rsum_info,1,-77.0,-76.0,0,0.0,52000000
Rsum_info,1,-76.0,-75.0,0,0.0,52000000
Rsum_info,1,-75.0,-74.0,0,0.0,52000000
Rsum_info,1,-74.0,-73.0,0,0.0,52000000
Rsum_info,1,-73.0,-72.0,0,0.0,52000000
Rsum_info,1,-72.0,-71.0,0,0.0,52000000
Rsum_info,1,-71.0,-70.0,0,0.0,52000000
Rsum_info,1,-70.0,-69.0,0,0.0,52000000
Rsum_info,1,-69.0,-68.0,0,0.0,52000000
Rsum_info,1,-68.0,-67.0,0,0.0,52000000
Rsum_info,1,-67.0,-66.0,0,0.0,52000000
Rsum_info,1,-66.0,-65.0,0,0.0,52000000
Rsum_info,1,-65.0,-64.0,0,0.0,52000000
Rsum_info,1,-64.0,-63.0,0,0.0,52000000
Rsum_info,1,-63.0,-62.0,0,0.0,52000000
Rsum_info,1,-62.0,-61.0,0,0.0,52000000
Rsum_info,1,-61.0,-60.0,0,0.0,52000000
Rsum_info,1,-60.0,-59.0,0,0.0,52000000
Rsum_info,1,-59.0,-58.0,0,0.0,52000000
Rsum_info,1,-58.0,-57.0,0,0.0,52000000
Rsum_info,1,-57.0,-56.0,0,0.0,52000000
Rsum_info,1,-56.0,-55.0,0,0.0,52000000
Rsum_info,1,-55.0,-54.0,0,0.0,52000000
Rsum_info,1,-54.0,-53.0,0,0.0,52000000
Rsum_info,1,-53.0,-52.0,0,0.0,52000000
Rsum_info,1,-52.0,-51.0,0,0.0,52000000
Rsum_info,1,-51.0,-50.0,0,0.0,52000000
Rsum_info,1,-50.0,-49.0,0,0.0,52000000
Rsum_info,1,-49.0,-48.0,0,0.0,52000000
Rsum_info,1,-48.0,-47.0,0,0.0,52000000
Rsum_info,1,-47.0,-46.0,0,0.0,52000000
Rsum_info,1,-46.0,-45.0,0,0.0,52000000
Rsum_info,1,-45.0,-44.0,0,0.0,52000000
Rsum_info,1,-44.0,-43.0,0,0.0,52000000
Rsum_info,1,-43.0,-42.0,0,0.0,52000000
Rsum_info,1,-42.0,-41.0,0,0.0,52000000
Rsum_info,1,-41.0,-40.0,0,0.0,52000000
Rsum_info,1,-40.0,-39.0,0,0.0,52000000
Rsum_info,1,-39.0,-38.0,0,0.0,52000000
Rsum_info,1,-38.0,-37.0,0,0.0,52000000
Rsum_info,1,-37.0,-36.0,0,0.0,52000000
Rsum_info,1,-36.0,-35.0,0,0.0,52000000
Rsum_info,1,-35.0,-34.0,0,0.0,52000000
Rsum_info,1,-34.0,-33.0,0,0.0,52000000
Rsum_info,1,-33.0,-32.0,0,0.0,52000000
Rsum_info,1,-32.0,-31.0,0,0.0,52000000
Rsum_info,1,-31.0,-30.0,0,0.0,52000000
Rsum_info,1,-30.0,-29.0,0,0.0,52000000
Rsum_info,1,-29.0,-28.0,0,0.0,52000000
Rsum_info,1,-28.0,-27.0,0,0.0,52000000
Rsum_info,1,-27.0,-26.0,0,0.0,52000000
Rsum_info,1,-26.0,-25.0,0,0.0,52000000
Rsum_info,1,-25.0,-24.0,0,0.0,52000000
Rsum_info,1,-24.0,-23.0,0,0.0,52000000
Rsum_info,1,-23.0,-22.0,0,0.0,52000000
Rsum_info,1,-22.0,-21.0,0,0.0,52000000
Rsum_info,1,-21.0,-20.0,0,0.0,52000000
Rsum_info,1,-20.0,-19.0,0,0.0,52000000
Rsum_info,1,-19.0,-18.0,0,0.0,52000000
Rsum_info,1,-18.0,-17.0,0,0.0,52000000
Rsum_info,1,-17.0,-16.0,0,0.0,52000000
Rsum_info,1,-16.0,-15.0,0,0.0,52000000
Rsum_info,1,-15.0,-14.0,0,0.0,52000000
Rsum_info,1,-14.0,-13.0,0,0.0,52000000
Rsum_info,1,-13.0,-12.0,0,0.0,52000000
Rsum_info,1,-12.0,-11.0,0,0.0,52000000
Rsum_info,1,-11.0,-10.0,0,0.0,52000000
Rsum_info,1,-10.0,-9.0,0,0.0,52000000
Rsum_info,1,-9.0,-8.0,0,0.0,52000000
Rsum_info,1,-8.0,-7.0,0,0.0,52000000
Rsum_info,1,-7.0,-6.0,0,0.0,52000000
Rsum_info,1,-6.0,-5.0,0,0.0,52000000
Rsum_info,1,-5.0,-4.0,0,0.0,52000000
Rsum_info,1,-4.0,-3.0,0,0.0,52000000
Rsum_info,1,-3.0,-2.0,5,9.615384615384616e-08,52000000
Rsum_info,1,-2.0,-1.0,6179,0.00011882692307692308,52000000
Rsum_info,1,-1.0,0.0,25135953,0.48338371153846155,52000000
Rsum_info,1,0.0,1.0,26838806,0.5161308846153846,52000000
Rsum_info,1,1.0,2.0,19040,0.00036615384615384613,52000000
Rsum_info,1,2.0,3.0,17,3.269230769230769e-07,52000000
Rsum_info,1,3.0,4.0,0,0.0,52000000
Rsum_info,1,4.0,5.0,0,0.0,52000000
Rsum_info,1,5.0,6.0,0,0.0,52000000
Rsum_info,1,6.0,7.0,0,0.0,52000000
Rsum_info,1,7.0,8.0,0,0.0,52000000
Rsum_info,1,8.0,9.0,0,0.0,52000000
Rsum_info,1,9.0,10.0,0,0.0,52000000
Rsum_info,1,10.0,11.0,0,0.0,52000000
Rsum_info,1,11.0,12.0,0,0.0,52000000
Rsum_info,1,12.0,13.0,0,0.0,52000000
Rsum_info,1,13.0,14.0,0,0.0,52000000
Rsum_info,1,14.0,15.0,0,0.0,52000000
Rsum_info,1,15.0,16.0,0,0.0,52000000
Rsum_info,1,16.0,17.0,0,0.0,52000000
Rsum_info,1,17.0,18.0,0,0.0,52000000
Rsum_info,1,18.0,19.0,0,0.0,52000000
Rsum_info,1,19.0,20.0,0,0.0,52000000
Rsum_info,1,20.0,21.0,0,0.0,52000000
Rsum_info,1,21.0,22.0,0,0.0,52000000
Rsum_info,1,22.0,23.0,0,0.0,52000000
Rsum_info,1,23.0,24.0,0,0.0,52000000
Rsum_info,1,24.0,25.0,0,0.0,52000000
Rsum_info,1,25.0,26.0,0,0.0,52000000
Rsum_info,1,26.0,27.0,0,0.0,52000000
Rsum_info,1,27.0,28.0,0,0.0,52000000
Rsum_info,1,28.0,29.0,0,0.0,52000000
Rsum_info,1,29.0,30.0,0,0.0,52000000
Rsum_info,1,30.0,31.0,0,0.0,52000000
Rsum_info,1,31.0,32.0,0,0.0,52000000
Rsum_info,1,32.0,33.0,0,0.0,52000000
Rsum_info,1,33.0,34.0,0,0.0,52000000
Rsum_info,1,34.0,35.0,0,0.0,52000000
Rsum_info,1,35.0,36.0,0,0.0,52000000
Rsum_info,1,36.0,37.0,0,0.0,52000000
Rsum_info,1,37.0,38.0,0,0.0,52000000
Rsum_info,1,38.0,39.0,0,0.0,52000000
Rsum_info,1,39.0,40.0,0,0.0,52000000
Rsum_info,1,40.0,41.0,0,0.0,52000000
Rsum_info,1,41.0,42.0,0,0.0,52000000
Rsum_info,1,42.0,43.0,0,0.0,52000000
Rsum_info,1,43.0,44.0,0,0.0,52000000
Rsum_info,1,44.0,45.0,0,0.0,52000000
Rsum_info,1,45.0,46.0,0,0.0,52000000
Rsum_info,1,46.0,47.0,0,0.0,52000000
Rsum_info,1,47.0,48.0,0,0.0,52000000
Rsum_info,1,48.0,49.0,0,0.0,52000000
Rsum_info,1,49.0,50.0,0,0.0,52000000
Rsum_info,1,50.0,51.0,0,0.0,52000000
Rsum_info,1,51.0,52.0,0,0.0,52000000
Rsum_info,1,52.0,53.0,0,0.0,52000000
Rsum_info,1,53.0,54.0,0,0.0,52000000
Rsum_info,1,54.0,55.0,0,0.0,52000000
Rsum_info,1,55.0,56.0,0,0.0,52000000
Rsum_info,1,56.0,57.0,0,0.0,52000000
Rsum_info,1,57.0,58.0,0,0.0,52000000
Rsum_info,1,58.0,59.0,0,0.0,52000000
Rsum_info,1,59.0,60.0,0,0.0,52000000
Rsum_info,1,60.0,61.0,0,0.0,52000000
Rsum_info,1,61.0,62.0,0,0.0,52000000
Rsum_info,1,62.0,63.0,0,0.0,52000000
Rsum_info,1,63.0,64.0,0,0.0,52000000
Rsum_info,1,64.0,65.0,0,0.0,52000000
Rsum_info,1,65.0,66.0,0,0.0,52000000
Rsum_info,1,66.0,67.0,0,0.0,52000000
Rsum_info,1,67.0,68.0,0,0.0,52000000
Rsum_info,1,68.0,69.0,0,0.0,52000000
Rsum_info,1,69.0,70.0,0,0.0,52000000
Rsum_info,1,70.0,71.0,0,0.0,52000000
Rsum_info,1,71.0,72.0,0,0.0,52000000
Rsum_info,1,72.0,73.0,0,0.0,52000000
Rsum_info,1,73.0,74.0,0,0.0,52000000
Rsum_info,1,74.0,75.0,0,0.0,52000000
Rsum_info,1,75.0,76.0,0,0.0,52000000
Rsum_info,1,76.0,77.0,0,0.0,52000000
Rsum_info,1,77.0,78.0,0,0.0,52000000
Rsum_info,1,78.0,79.0,0,0.0,52000000
Rsum_info,1,79.0,80.0,0,0.0,52000000
Rsum_info,1,80.0,81.0,0,0.0,52000000
Rsum_info,1,81.0,82.0,0,0.0,52000000
Rsum_info,1,82.0,83.0,0,0.0,52000000
Rsum_info,1,83.0,84.0,0,0.0,52000000
Rsum_info,1,84.0,85.0,0,0.0,52000000
Rsum_info,1,85.0,86.0,0,0.0,52000000
Rsum_info,1,86.0,87.0,0,0.0,52000000
Rsum_info,1,87.0,88.0,0,0.0,52000000
Rsum_info,1,88.0,89.0,0,0.0,52000000
Rsum_info,1,89.0,90.0,0,0.0,52000000
Rsum_info,1,90.0,91.0,0,0.0,52000000
Rsum_info,1,91.0,92.0,0,0.0,52000000
Rsum_info,1,92.0,93.0,0,0.0,52000000
Rsum_info,1,93.0,94.0,0,0.0,52000000
Rsum_info,1,94.0,95.0,0,0.0,52000000
Rsum_info,1,95.0,96.0,0,0.0,52000000
Rsum_info,1,96.0,97.0,0,0.0,52000000
Rsum_info,1,97.0,98.0,0,0.0,52000000
Rsum_info,1,98.0,99.0,0,0.0,52000000
Rsum_info,1,99.0,100.0,0,0.0,52000000
Rsum_info,1,100.0,101.0,0,0.0,52000000
Rsum_info,1,101.0,102.0,0,0.0,52000000
Rsum_info,1,102.0,103.0,0,0.0,52000000
Rsum_info,1,103.0,104.0,0,0.0,52000000
Rsum_info,1,104.0,105.0,0,0.0,52000000
Rsum_info,1,105.0,106.0,0,0.0,52000000
Rsum_info,1,106.0,107.0,0,0.0,52000000
Rsum_info,1,107.0,108.0,0,0.0,52000000
Rsum_info,1,108.0,109.0,0,0.0,52000000
Rsum_info,1,109.0,110.0,0,0.0,52000000
Rsum_info,1,110.0,111.0,0,0.0,52000000
Rsum_info,1,111.0,112.0,0,0.0,52000000
Rsum_info,1,112.0,113.0,0,0.0,52000000
Rsum_info,1,113.0,114.0,0,0.0,52000000
Rsum_info,1,114.0,115.0,0,0.0,52000000
Rsum_info,1,115.0,116.0,0,0.0,52000000
Rsum_info,1,116.0,117.0,0,0.0,52000000
Rsum_info,1,117.0,118.0,0,0.0,52000000
Rsum_info,1,118.0,119.0,0,0.0,52000000
Rsum_info,1,119.0,120.0,0,0.0,52000000
Rsum_info,2,-120.0,-119.0,0,0.0,52000000
Rsum_info,2,-119.0,-118.0,0,0.0,52000000
Rsum_info,2,-118.0,-117.0,0,0.0,52000000
Rsum_info,2,-117.0,-116.0,0,0.0,52000000
Rsum_info,2,-116.0,-115.0,0,0.0,52000000
Rsum_info,2,-115.0,-114.0,0,0.0,52000000
Rsum_info,2,-114.0,-113.0,0,0.0,52000000
Rsum_info,2,-113.0,-112.0,0,0.0,52000000
Rsum_info,2,-112.0,-111.0,0,0.0,52000000
Rsum_info,2,-111.0,-110.0,0,0.0,52000000
Rsum_info,2,-110.0,-109.0,0,0.0,52000000
Rsum_info,2,-109.0,-108.0,0,0.0,52000000
Rsum_info,2,-108.0,-107.0,0,0.0,52000000
Rsum_info,2,-107.0,-106.0,0,0.0,52000000
Rsum_info,2,-106.0,-105.0,0,0.0,52000000
Rsum_info,2,-105.0,-104.0,0,0.0,52000000
Rsum_info,2,-104.0,-103.0,0,0.0,52000000
Rsum_info,2,-103.0,-102.0,0,0.0,52000000
Rsum_info,2,-102.0,-101.0,0,0.0,52000000
Rsum_info,2,-101.0,-100.0,0,0.0,52000000
Rsum_info,2,-100.0,-99.0,0,0.0,52000000
Rsum_info,2,-99.0,-98.0,0,0.0,52000000
Rsum_info,2,-98.0,-97.0,0,0.0,52000000
Rsum_info,2,-97.0,-96.0,0,0.0,52000000
Rsum_info,2,-96.0,-95.0,0,0.0,52000000
Rsum_info,2,-95.0,-94.0,0,0.0,52000000
Rsum_info,2,-94.0,-93.0,0,0.0,52000000
Rsum_info,2,-93.0,-92.0,0,0.0,52000000
Rsum_info,2,-92.0,-91.0,0,0.0,52000000
Rsum_info,2,-91.0,-90.0,0,0.0,52000000
Rsum_info,2,-90.0,-89.0,0,0.0,52000000
Rsum_info,2,-89.0,-88.0,0,0.0,52000000
Rsum_info,2,-88.0,-87.0,0,0.0,52000000
Rsum_info,2,-87.0,-86.0,0,0.0,52000000
Rsum_info,2,-86.0,-85.0,0,0.0,52000000
Rsum_info,2,-85.0,-84.0,0,0.0,52000000
Rsum_info,2,-84.0,-83.0,0,0.0,52000000
Rsum_info,2,-83.0,-82.0,0,0.0,52000000
Rsum_info,2,-82.0,-81.0,0,0.0,52000000
Rsum_info,2,-81.0,-80.0,0,0.0,52000000
Rsum_info,2,-80.0,-79.0,0,0.0,52000000
Rsum_info,2,-79.0,-78.0,0,0.0,52000000
Rsum_info,2,-78.0,-77.0,0,0.0,52000000
Rsum_info,2,-77.0,-76.0,0,0.0,52000000
Rsum_info,2,-76.0,-75.0,0,0.0,52000000
Rsum_info,2,-75.0,-74.0,0,0.0,52000000
Rsum_info,2,-74.0,-73.0,0,0.0,52000000
Rsum_info,2,-73.0,-72.0,0,0.0,52000000
Rsum_info,2,-72.0,-71.0,0,0.0,52000000
Rsum_info,2,-71.0,-70.0,0,0.0,52000000
Rsum_info,2,-70.0,-69.0,0,0.0,52000000
Rsum_info,2,-69.0,-68.0,0,0.0,52000000
Rsum_info,2,-68.0,-67.0,0,0.0,52000000
Rsum_info,2,-67.0,-66.0,0,0.0,52000000
Rsum_info,2,-66.0,-65.0,0,0.0,52000000
Rsum_info,2,-65.0,-64.0,0,0.0,52000000
Rsum_info,2,-64.0,-63.0,0,0.0,52000000
Rsum_info,2,-63.0,-62.0,0,0.0,52000000
Rsum_info,2,-62.0,-61.0,0,0.0,52000000
Rsum_info,2,-61.0,-60.0,0,0.0,52000000
Rsum_info,2,-60.0,-59.0,0,0.0,52000000
Rsum_info,2,-59.0,-58.0,0,0.0,52000000
Rsum_info,2,-58.0,-57.0,0,0.0,52000000
Rsum_info,2,-57.0,-56.0,0,0.0,52000000
Rsum_info,2,-56.0,-55.0,0,0.0,52000000
Rsum_info,2,-55.0,-54.0,0,0.0,52000000
Rsum_info,2,-54.0,-53.0,0,0.0,52000000
Rsum_info,2,-53.0,-52.0,0,0.0,52000000
Rsum_info,2,-52.0,-51.0,0,0.0,52000000
Rsum_info,2,-51.0,-50.0,0,0.0,52000000
Rsum_info,2,-50.0,-49.0,0,0.0,52000000
Rsum_info,2,-49.0,-48.0,0,0.0,52000000
Rsum_info,2,-48.0,-47.0,0,0.0,52000000
Rsum_info,2,-47.0,-46.0,0,0.0,52000000
Rsum_info,2,-46.0,-45.0,0,0.0,52000000
Rsum_info,2,-45.0,-44.0,0,0.0,52000000
Rsum_info,2,-44.0,-43.0,0,0.0,52000000
Rsum_info,2,-43.0,-42.0,0,0.0,52000000
Rsum_info,2,-42.0,-41.0,0,0.0,52000000
Rsum_info,2,-41.0,-40.0,0,0.0,52000000
Rsum_info,2,-40.0,-39.0,0,0.0,52000000
Rsum_info,2,-39.0,-38.0,0,0.0,52000000
Rsum_info,2,-38.0,-37.0,0,0.0,52000000
Rsum_info,2,-37.0,-36.0,0,0.0,52000000
Rsum_info,2,-36.0,-35.0,0,0.0,52000000
Rsum_info,2,-35.0,-34.0,0,0.0,52000000
Rsum_info,2,-34.0,-33.0,0,0.0,52000000
Rsum_info,2,-33.0,-32.0,0,0.0,52000000
Rsum_info,2,-32.0,-31.0,0,0.0,52000000
Rsum_info,2,-31.0,-30.0,0,0.0,52000000
Rsum_info,2,-30.0,-29.0,0,0.0,52000000
Rsum_info,2,-29.0,-28.0,0,0.0,52000000
Rsum_info,2,-28.0,-27.0,0,0.0,52000000
Rsum_info,2,-27.0,-26.0,0,0.0,52000000
Rsum_info,2,-26.0,-25.0,0,0.0,52000000
Rsum_info,2,-25.0,-24.0,0,0.0,52000000
Rsum_info,2,-24.0,-23.0,0,0.0,52000000
Rsum_info,2,-23.0,-22.0,0,0.0,52000000
Rsum_info,2,-22.0,-21.0,0,0.0,52000000
Rsum_info,2,-21.0,-20.0,0,0.0,52000000
Rsum_info,2,-20.0,-19.0,0,0.0,52000000
Rsum_info,2,-19.0,-18.0,0,0.0,52000000
Rsum_info,2,-18.0,-17.0,0,0.0,52000000
Rsum_info,2,-17.0,-16.0,0,0.0,52000000
Rsum_info,2,-16.0,-15.0,0,0.0,52000000
Rsum_info,2,-15.0,-14.0,0,0.0,52000000
Rsum_info,2,-14.0,-13.0,0,0.0,52000000
Rsum_info,2,-13.0,-12.0,0,0.0,52000000
Rsum_info,2,-12.0,-11.0,0,0.0,52000000
Rsum_info,2,-11.0,-10.0,17,3.269230769230769e-07,52000000
Rsum_info,2,-10.0,-9.0,104,2e-06,52000000
Rsum_info,2,-9.0,-8.0,440,8.461538461538462e-06,52000000
Rsum_info,2,-8.0,-7.0,2062,3.9653846153846156e-05,52000000
Rsum_info,2,-7.0,-6.0,9423,0.00018121153846153846,52000000
Rsum_info,2,-6.0,-5.0,38340,0.0007373076923076923,52000000
Rsum_info,2,-5.0,-4.0,138530,0.0026640384615384616,52000000
Rsum_info,2,-4.0,-3.0,447883,0.008613134615384616,52000000
Rsum_info,2,-3.0,-2.0,1256167,0.024157057692307693,52000000
Rsum_info,2,-2.0,-1.0,2972615,0.05716567307692308,52000000
Rsum_info,2,-1.0,0.0,5938916,0.11420992307692307,52000000
Rsum_info,2,0.0,1.0,8330304,0.16019815384615385,52000000
Rsum_info,2,1.0,2.0,8669401,0.16671925,52000000
Rsum_info,2,2.0,3.0,7843421,0.15083501923076922,52000000
Rsum_info,2,3.0,4.0,6174783,0.11874582692307692,52000000
Rsum_info,2,4.0,5.0,4328781,0.08324578846153846,52000000
Rsum_info,2,5.0,6.0,2737003,0.05263467307692308,52000000
Rsum_info,2,6.0,7.0,1581191,0.03040751923076923,52000000
Rsum_info,2,7.0,8.0,832986,0.016018961538461537,52000000
Rsum_info,2,8.0,9.0,404269,0.007774403846153846,52000000
Rsum_info,2,9.0,10.0,178888,0.0034401538461538463,52000000
Rsum_info,2,10.0,11.0,73475,0.0014129807692307692,52000000
Rsum_info,2,11.0,12.0,27513,0.0005290961538461539,52000000
Rsum_info,2,12.0,13.0,9431,0.0001813653846153846,52000000
Rsum_info,2,13.0,14.0,2951,5.675e-05,52000000
Rsum_info,2,14.0,15.0,832,1.6e-05,52000000
Rsum_info,2,15.0,16.0,193,3.7115384615384614e-06,52000000
Rsum_info,2,16.0,17.0,68,1.3076923076923077e-06,52000000
Rsum_info,2,17.0,18.0,13,2.5e-07,52000000
Rsum_info,2,18.0,19.0,0,0.0,52000000
Rsum_info,2,19.0,20.0,0,0.0,52000000
Rsum_info,2,20.0,21.0,0,0.0,52000000
Rsum_info,2,21.0,22.0,0,0.0,52000000
Rsum_info,2,22.0,23.0,0,0.0,52000000
Rsum_info,2,23.0,24.0,0,0.0,52000000
Rsum_info,2,24.0,25.0,0,0.0,52000000
Rsum_info,2,25.0,26.0,0,0.0,52000000
Rsum_info,2,26.0,27.0,0,0.0,52000000
Rsum_info,2,27.0,28.0,0,0.0,52000000
Rsum_info,2,28.0,29.0,0,0.0,52000000
Rsum_info,2,29.0,30.0,0,0.0,52000000
Rsum_info,2,30.0,31.0,0,0.0,52000000
Rsum_info,2,31.0,32.0,0,0.0,52000000
Rsum_info,2,32.0,33.0,0,0.0,52000000
Rsum_info,2,33.0,34.0,0,0.0,52000000
Rsum_info,2,34.0,35.0,0,0.0,52000000
Rsum_info,2,35.0,36.0,0,0.0,52000000
Rsum_info,2,36.0,37.0,0,0.0,52000000
Rsum_info,2,37.0,38.0,0,0.0,52000000
Rsum_info,2,38.0,39.0,0,0.0,52000000
Rsum_info,2,39.0,40.0,0,0.0,52000000
Rsum_info,2,40.0,41.0,0,0.0,52000000
Rsum_info,2,41.0,42.0,0,0.0,52000000
Rsum_info,2,42.0,43.0,0,0.0,52000000
Rsum_info,2,43.0,44.0,0,0.0,52000000
Rsum_info,2,44.0,45.0,0,0.0,52000000
Rsum_info,2,45.0,46.0,0,0.0,52000000
Rsum_info,2,46.0,47.0,0,0.0,52000000
Rsum_info,2,47.0,48.0,0,0.0,52000000
Rsum_info,2,48.0,49.0,0,0.0,52000000
Rsum_info,2,49.0,50.0,0,0.0,52000000
Rsum_info,2,50.0,51.0,0,0.0,52000000
Rsum_info,2,51.0,52.0,0,0.0,52000000
Rsum_info,2,52.0,53.0,0,0.0,52000000
Rsum_info,2,53.0,54.0,0,0.0,52000000
Rsum_info,2,54.0,55.0,0,0.0,52000000
Rsum_info,2,55.0,56.0,0,0.0,52000000
Rsum_info,2,56.0,57.0,0,0.0,52000000
Rsum_info,2,57.0,58.0,0,0.0,52000000
Rsum_info,2,58.0,59.0,0,0.0,52000000
Rsum_info,2,59.0,60.0,0,0.0,52000000
Rsum_info,2,60.0,61.0,0,0.0,52000000
Rsum_info,2,61.0,62.0,0,0.0,52000000
Rsum_info,2,62.0,63.0,0,0.0,52000000
Rsum_info,2,63.0,64.0,0,0.0,52000000
Rsum_info,2,64.0,65.0,0,0.0,52000000
Rsum_info,2,65.0,66.0,0,0.0,52000000
Rsum_info,2,66.0,67.0,0,0.0,52000000
Rsum_info,2,67.0,68.0,0,0.0,52000000
Rsum_info,2,68.0,69.0,0,0.0,52000000
Rsum_info,2,69.0,70.0,0,0.0,52000000
Rsum_info,2,70.0,71.0,0,0.0,52000000
Rsum_info,2,71.0,72.0,0,0.0,52000000
Rsum_info,2,72.0,73.0,0,0.0,52000000
Rsum_info,2,73.0,74.0,0,0.0,52000000
Rsum_info,2,74.0,75.0,0,0.0,52000000
Rsum_info,2,75.0,76.0,0,0.0,52000000
Rsum_info,2,76.0,77.0,0,0.0,52000000
Rsum_info,2,77.0,78.0,0,0.0,52000000
Rsum_info,2,78.0,79.0,0,0.0,52000000
Rsum_info,2,79.0,80.0,0,0.0,52000000
Rsum_info,2,80.0,81.0,0,0.0,52000000
Rsum_info,2,81.0,82.0,0,0.0,52000000
Rsum_info,2,82.0,83.0,0,0.0,52000000
Rsum_info,2,83.0,84.0,0,0.0,52000000
Rsum_info,2,84.0,85.0,0,0.0,52000000
Rsum_info,2,85.0,86.0,0,0.0,52000000
Rsum_info,2,86.0,87.0,0,0.0,52000000
Rsum_info,2,87.0,88.0,0,0.0,52000000
Rsum_info,2,88.0,89.0,0,0.0,52000000
Rsum_info,2,89.0,90.0,0,0.0,52000000
Rsum_info,2,90.0,91.0,0,0.0,52000000
Rsum_info,2,91.0,92.0,0,0.0,52000000
Rsum_info,2,92.0,93.0,0,0.0,52000000
Rsum_info,2,93.0,94.0,0,0.0,52000000
Rsum_info,2,94.0,95.0,0,0.0,52000000
Rsum_info,2,95.0,96.0,0,0.0,52000000
Rsum_info,2,96.0,97.0,0,0.0,52000000
Rsum_info,2,97.0,98.0,0,0.0,52000000
Rsum_info,2,98.0,99.0,0,0.0,52000000
Rsum_info,2,99.0,100.0,0,0.0,52000000
Rsum_info,2,100.0,101.0,0,0.0,52000000
Rsum_info,2,101.0,102.0,0,0.0,52000000
Rsum_info,2,102.0,103.0,0,0.0,52000000
Rsum_info,2,103.0,104.0,0,0.0,52000000
Rsum_info,2,104.0,105.0,0,0.0,52000000
Rsum_info,2,105.0,106.0,0,0.0,52000000
Rsum_info,2,106.0,107.0,0,0.0,52000000
Rsum_info,2,107.0,108.0,0,0.0,52000000
Rsum_info,2,108.0,109.0,0,0.0,52000000
Rsum_info,2,109.0,110.0,0,0.0,52000000
Rsum_info,2,110.0,111.0,0,0.0,52000000
Rsum_info,2,111.0,112.0,0,0.0,52000000
Rsum_info,2,112.0,113.0,0,0.0,52000000
Rsum_info,2,113.0,114.0,0,0.0,52000000
Rsum_info,2,114.0,115.0,0,0.0,52000000
Rsum_info,2,115.0,116.0,0,0.0,52000000
Rsum_info,2,116.0,117.0,0,0.0,52000000
Rsum_info,2,117.0,118.0,0,0.0,52000000
Rsum_info,2,118.0,119.0,0,0.0,52000000
Rsum_info,2,119.0,120.0,0,0.0,52000000
Rsum_info,5,-120.0,-119.0,0,0.0,52000000
Rsum_info,5,-119.0,-118.0,0,0.0,52000000
Rsum_info,5,-118.0,-117.0,0,0.0,52000000
Rsum_info,5,-117.0,-116.0,0,0.0,52000000
Rsum_info,5,-116.0,-115.0,0,0.0,52000000
Rsum_info,5,-115.0,-114.0,0,0.0,52000000
Rsum_info,5,-114.0,-113.0,0,0.0,52000000
Rsum_info,5,-113.0,-112.0,0,0.0,52000000
Rsum_info,5,-112.0,-111.0,0,0.0,52000000
Rsum_info,5,-111.0,-110.0,0,0.0,52000000
Rsum_info,5,-110.0,-109.0,0,0.0,52000000
Rsum_info,5,-109.0,-108.0,0,0.0,52000000
Rsum_info,5,-108.0,-107.0,0,0.0,52000000
Rsum_info,5,-107.0,-106.0,0,0.0,52000000
Rsum_info,5,-106.0,-105.0,0,0.0,52000000
Rsum_info,5,-105.0,-104.0,0,0.0,52000000
Rsum_info,5,-104.0,-103.0,0,0.0,52000000
Rsum_info,5,-103.0,-102.0,0,0.0,52000000
Rsum_info,5,-102.0,-101.0,0,0.0,52000000
Rsum_info,5,-101.0,-100.0,0,0.0,52000000
Rsum_info,5,-100.0,-99.0,0,0.0,52000000
Rsum_info,5,-99.0,-98.0,0,0.0,52000000
Rsum_info,5,-98.0,-97.0,0,0.0,52000000
Rsum_info,5,-97.0,-96.0,0,0.0,52000000
Rsum_info,5,-96.0,-95.0,0,0.0,52000000
Rsum_info,5,-95.0,-94.0,0,0.0,52000000
Rsum_info,5,-94.0,-93.0,0,0.0,52000000
Rsum_info,5,-93.0,-92.0,0,0.0,52000000
Rsum_info,5,-92.0,-91.0,0,0.0,52000000
Rsum_info,5,-91.0,-90.0,0,0.0,52000000
Rsum_info,5,-90.0,-89.0,0,0.0,52000000
Rsum_info,5,-89.0,-88.0,0,0.0,52000000
Rsum_info,5,-88.0,-87.0,0,0.0,52000000
Rsum_info,5,-87.0,-86.0,0,0.0,52000000
Rsum_info,5,-86.0,-85.0,0,0.0,52000000
Rsum_info,5,-85.0,-84.0,0,0.0,52000000
Rsum_info,5,-84.0,-83.0,0,0.0,52000000
Rsum_info,5,-83.0,-82.0,0,0.0,52000000
Rsum_info,5,-82.0,-81.0,0,0.0,52000000
Rsum_info,5,-81.0,-80.0,0,0.0,52000000
Rsum_info,5,-80.0,-79.0,0,0.0,52000000
Rsum_info,5,-79.0,-78.0,0,0.0,52000000
Rsum_info,5,-78.0,-77.0,0,0.0,52000000
Rsum_info,5,-77.0,-76.0,0,0.0,52000000
Rsum_info,5,-76.0,-75.0,0,0.0,52000000
Rsum_info,5,-75.0,-74.0,0,0.0,52000000
Rsum_info,5,-74.0,-73.0,0,0.0,52000000
Rsum_info,5,-73.0,-72.0,0,0.0,52000000
Rsum_info,5,-72.0,-71.0,0,0.0,52000000
Rsum_info,5,-71.0,-70.0,0,0.0,52000000
Rsum_info,5,-70.0,-69.0,0,0.0,52000000
Rsum_info,5,-69.0,-68.0,0,0.0,52000000
Rsum_info,5,-68.0,-67.0,0,0.0,52000000
Rsum_info,5,-67.0,-66.0,0,0.0,52000000
Rsum_info,5,-66.0,-65.0,0,0.0,52000000
Rsum_info,5,-65.0,-64.0,0,0.0,52000000
Rsum_info,5,-64.0,-63.0,0,0.0,52000000
Rsum_info,5,-63.0,-62.0,0,0.0,52000000
Rsum_info,5,-62.0,-61.0,0,0.0,52000000
Rsum_info,5,-61.0,-60.0,0,0.0,52000000
Rsum_info,5,-60.0,-59.0,0,0.0,52000000
Rsum_info,5,-59.0,-58.0,0,0.0,52000000
Rsum_info,5,-58.0,-57.0,0,0.0,52000000
Rsum_info,5,-57.0,-56.0,0,0.0,52000000
Rsum_info,5,-56.0,-55.0,0,0.0,52000000
Rsum_info,5,-55.0,-54.0,0,0.0,52000000
Rsum_info,5,-54.0,-53.0,0,0.0,52000000
Rsum_info,5,-53.0,-52.0,0,0.0,52000000
Rsum_info,5,-52.0,-51.0,0,0.0,52000000
Rsum_info,5,-51.0,-50.0,0,0.0,52000000
Rsum_info,5,-50.0,-49.0,0,0.0,52000000
Rsum_info,5,-49.0,-48.0,0,0.0,52000000
Rsum_info,5,-48.0,-47.0,0,0.0,52000000
Rsum_info,5,-47.0,-46.0,0,0.0,52000000
Rsum_info,5,-46.0,-45.0,0,0.0,52000000
Rsum_info,5,-45.0,-44.0,0,0.0,52000000
Rsum_info,5,-44.0,-43.0,0,0.0,52000000
Rsum_info,5,-43.0,-42.0,0,0.0,52000000
Rsum_info,5,-42.0,-41.0,0,0.0,52000000
Rsum_info,5,-41.0,-40.0,0,0.0,52000000
Rsum_info,5,-40.0,-39.0,0,0.0,52000000
Rsum_info,5,-39.0,-38.0,0,0.0,52000000
Rsum_info,5,-38.0,-37.0,0,0.0,52000000
Rsum_info,5,-37.0,-36.0,0,0.0,52000000
Rsum_info,5,-36.0,-35.0,0,0.0,52000000
Rsum_info,5,-35.0,-34.0,0,0.0,52000000
Rsum_info,5,-34.0,-33.0,0,0.0,52000000
Rsum_info,5,-33.0,-32.0,0,0.0,52000000
Rsum_info,5,-32.0,-31.0,0,0.0,52000000
Rsum_info,5,-31.0,-30.0,0,0.0,52000000
Rsum_info,5,-30.0,-29.0,0,0.0,52000000
Rsum_info,5,-29.0,-28.0,0,0.0,52000000
Rsum_info,5,-28.0,-27.0,0,0.0,52000000
Rsum_info,5,-27.0,-26.0,0,0.0,52000000
Rsum_info,5,-26.0,-25.0,0,0.0,52000000
Rsum_info,5,-25.0,-24.0,0,0.0,52000000
Rsum_info,5,-24.0,-23.0,0,0.0,52000000
Rsum_info,5,-23.0,-22.0,0,0.0,52000000
Rsum_info,5,-22.0,-21.0,2,3.846153846153846e-08,52000000
Rsum_info,5,-21.0,-20.0,1,1.923076923076923e-08,52000000
Rsum_info,5,-20.0,-19.0,2,3.846153846153846e-08,52000000
Rsum_info,5,-19.0,-18.0,3,5.7692307692307695e-08,52000000
Rsum_info,5,-18.0,-17.0,9,1.7307692307692308e-07,52000000
Rsum_info,5,-17.0,-16.0,19,3.653846153846154e-07,52000000
Rsum_info,5,-16.0,-15.0,27,5.192307692307692e-07,52000000
Rsum_info,5,-15.0,-14.0,70,1.3461538461538462e-06,52000000
Rsum_info,5,-14.0,-13.0,111,2.1346153846153844e-06,52000000
Rsum_info,5,-13.0,-12.0,267,5.1346153846153845e-06,52000000
Rsum_info,5,-12.0,-11.0,543,1.0442307692307693e-05,52000000
Rsum_info,5,-11.0,-10.0,1156,2.223076923076923e-05,52000000
Rsum_info,5,-10.0,-9.0,2418,4.65e-05,52000000
Rsum_info,5,-9.0,-8.0,5572,0.00010715384615384615,52000000
Rsum_info,5,-8.0,-7.0,12059,0.00023190384615384615,52000000
Rsum_info,5,-7.0,-6.0,26419,0.0005080576923076923,52000000
Rsum_info,5,-6.0,-5.0,56922,0.0010946538461538461,52000000
Rsum_info,5,-5.0,-4.0,120313,0.0023137115384615384,52000000
Rsum_info,5,-4.0,-3.0,244140,0.004695,52000000
Rsum_info,5,-3.0,-2.0,472350,0.009083653846153845,52000000
Rsum_info,5,-2.0,-1.0,839004,0.016134692307692308,52000000
Rsum_info,5,-1.0,0.0,1370093,0.02634794230769231,52000000
Rsum_info,5,0.0,1.0,1827383,0.03514198076923077,52000000
Rsum_info,5,1.0,2.0,2118436,0.04073915384615385,52000000
Rsum_info,5,2.0,3.0,2356713,0.045321403846153845,52000000
Rsum_info,5,3.0,4.0,2526779,0.04859190384615385,52000000
Rsum_info,5,4.0,5.0,2632774,0.05063026923076923,52000000
Rsum_info,5,5.0,6.0,2703016,0.05198107692307692,52000000
Rsum_info,5,6.0,7.0,2725429,0.052412096153846156,52000000
Rsum_info,5,7.0,8.0,2711941,0.05215271153846154,52000000
Rsum_info,5,8.0,9.0,2664379,0.051238057692307694,52000000
Rsum_info,5,9.0,10.0,2581507,0.049644365384615384,52000000
Rsum_info,5,10.0,11.0,2465339,0.047410365384615384,52000000
Rsum_info,5,11.0,12.0,2329172,0.04479176923076923,52000000
Rsum_info,5,12.0,13.0,2174151,0.041810596153846157,52000000
Rsum_info,5,13.0,14.0,2008182,0.03861888461538462,52000000
Rsum_info,5,14.0,15.0,1837468,0.03533592307692308,52000000
Rsum_info,5,15.0,16.0,1666804,0.03205392307692308,52000000
Rsum_info,5,16.0,17.0,1500389,0.028853634615384614,52000000
Rsum_info,5,17.0,18.0,1340636,0.025781461538461538,52000000
Rsum_info,5,18.0,19.0,1191676,0.022916846153846152,52000000
Rsum_info,5,19.0,20.0,1050764,0.020207,52000000
Rsum_info,5,20.0,21.0,921690,0.017724807692307692,52000000
Rsum_info,5,21.0,22.0,805364,0.01548776923076923,52000000
Rsum_info,5,22.0,23.0,700713,0.01347525,52000000
Rsum_info,5,23.0,24.0,604201,0.01161925,52000000
Rsum_info,5,24.0,25.0,521959,0.010037673076923078,52000000
Rsum_info,5,25.0,26.0,447172,0.008599461538461538,52000000
Rsum_info,5,26.0,27.0,381718,0.0073407307692307695,52000000
Rsum_info,5,27.0,28.0,324775,0.006245673076923077,52000000
Rsum_info,5,28.0,29.0,275546,0.005298961538461539,52000000
Rsum_info,5,29.0,30.0,233590,0.004492115384615384,52000000
Rsum_info,5,30.0,31.0,195892,0.0037671538461538463,52000000
Rsum_info,5,31.0,32.0,165859,0.003189596153846154,52000000
Rsum_info,5,32.0,33.0,139681,0.002686173076923077,52000000
Rsum_info,5,33.0,34.0,118995,0.002288365384615385,52000000
Rsum_info,5,34.0,35.0,99465,0.0019127884615384614,52000000
Rsum_info,5,35.0,36.0,83631,0.0016082884615384616,52000000
Rsum_info,5,36.0,37.0,70970,0.0013648076923076923,52000000
Rsum_info,5,37.0,38.0,59612,0.0011463846153846153,52000000
Rsum_info,5,38.0,39.0,49786,0.000957423076923077,52000000
Rsum_info,5,39.0,40.0,41640,0.0008007692307692308,52000000
Rsum_info,5,40.0,41.0,35008,0.0006732307692307693,52000000
Rsum_info,5,41.0,42.0,29129,0.0005601730769230769,52000000
Rsum_info,5,42.0,43.0,24500,0.00047115384615384613,52000000
Rsum_info,5,43.0,44.0,20392,0.00039215384615384617,52000000
Rsum_info,5,44.0,45.0,16061,0.0003088653846153846,52000000
Rsum_info,5,45.0,46.0,13346,0.0002566538461538462,52000000
Rsum_info,5,46.0,47.0,11200,0.0002153846153846154,52000000
Rsum_info,5,47.0,48.0,9170,0.00017634615384615386,52000000
Rsum_info,5,48.0,49.0,7664,0.0001473846153846154,52000000
Rsum_info,5,49.0,50.0,6221,0.00011963461538461539,52000000
Rsum_info,5,50.0,51.0,5050,9.711538461538462e-05,52000000
Rsum_info,5,51.0,52.0,4175,8.028846153846154e-05,52000000
Rsum_info,5,52.0,53.0,3271,6.290384615384616e-05,52000000
Rsum_info,5,53.0,54.0,2570,4.942307692307692e-05,52000000
Rsum_info,5,54.0,55.0,1948,3.746153846153846e-05,52000000
Rsum_info,5,55.0,56.0,1534,2.95e-05,52000000
Rsum_info,5,56.0,57.0,1018,1.9576923076923075e-05,52000000
Rsum_info,5,57.0,58.0,684,1.3153846153846154e-05,52000000
Rsum_info,5,58.0,59.0,362,6.961538461538461e-06,52000000
Rsum_info,5,59.0,60.0,0,0.0,52000000
Rsum_info,5,60.0,61.0,0,0.0,52000000
Rsum_info,5,61.0,62.0,0,0.0,52000000
Rsum_info,5,62.0,63.0,0,0.0,52000000
Rsum_info,5,63.0,64.0,0,0.0,52000000
Rsum_info,5,64.0,65.0,0,0.0,52000000
Rsum_info,5,65.0,66.0,0,0.0,52000000
Rsum_info,5,66.0,67.0,0,0.0,52000000
Rsum_info,5,67.0,68.0,0,0.0,52000000
Rsum_info,5,68.0,69.0,0,0.0,52000000
Rsum_info,5,69.0,70.0,0,0.0,52000000
Rsum_info,5,70.0,71.0,0,0.0,52000000
Rsum_info,5,71.0,72.0,0,0.0,52000000
Rsum_info,5,72.0,73.0,0,0.0,52000000
Rsum_info,5,73.0,74.0,0,0.0,52000000
Rsum_info,5,74.0,75.0,0,0.0,52000000
Rsum_info,5,75.0,76.0,0,0.0,52000000
Rsum_info,5,76.0,77.0,0,0.0,52000000
Rsum_info,5,77.0,78.0,0,0.0,52000000
Rsum_info,5,78.0,79.0,0,0.0,52000000
Rsum_info,5,79.0,80.0,0,0.0,52000000
Rsum_info,5,80.0,81.0,0,0.0,52000000
Rsum_info,5,81.0,82.0,0,0.0,52000000
Rsum_info,5,82.0,83.0,0,0.0,52000000
Rsum_info,5,83.0,84.0,0,0.0,52000000
Rsum_info,5,84.0,85.0,0,0.0,52000000
Rsum_info,5,85.0,86.0,0,0.0,52000000
Rsum_info,5,86.0,87.0,0,0.0,52000000
Rsum_info,5,87.0,88.0,0,0.0,52000000
Rsum_info,5,88.0,89.0,0,0.0,52000000
Rsum_info,5,89.0,90.0,0,0.0,52000000
Rsum_info,5,90.0,91.0,0,0.0,52000000
Rsum_info,5,91.0,92.0,0,0.0,52000000
Rsum_info,5,92.0,93.0,0,0.0,52000000
Rsum_info,5,93.0,94.0,0,0.0,52000000
Rsum_info,5,94.0,95.0,0,0.0,52000000
Rsum_info,5,95.0,96.0,0,0.0,52000000
Rsum_info,5,96.0,97.0,0,0.0,52000000
Rsum_info,5,97.0,98.0,0,0.0,52000000
Rsum_info,5,98.0,99.0,0,0.0,52000000
Rsum_info,5,99.0,100.0,0,0.0,52000000
Rsum_info,5,100.0,101.0,0,0.0,52000000
Rsum_info,5,101.0,102.0,0,0.0,52000000
Rsum_info,5,102.0,103.0,0,0.0,52000000
Rsum_info,5,103.0,104.0,0,0.0,52000000
Rsum_info,5,104.0,105.0,0,0.0,52000000
Rsum_info,5,105.0,106.0,0,0.0,52000000
Rsum_info,5,106.0,107.0,0,0.0,52000000
Rsum_info,5,107.0,108.0,0,0.0,52000000
Rsum_info,5,108.0,109.0,0,0.0,52000000
Rsum_info,5,109.0,110.0,0,0.0,52000000
Rsum_info,5,110.0,111.0,0,0.0,52000000
Rsum_info,5,111.0,112.0,0,0.0,52000000
Rsum_info,5,112.0,113.0,0,0.0,52000000
Rsum_info,5,113.0,114.0,0,0.0,52000000
Rsum_info,5,114.0,115.0,0,0.0,52000000
Rsum_info,5,115.0,116.0,0,0.0,52000000
Rsum_info,5,116.0,117.0,0,0.0,52000000
Rsum_info,5,117.0,118.0,0,0.0,52000000
Rsum_info,5,118.0,119.0,0,0.0,52000000
Rsum_info,5,119.0,120.0,0,0.0,52000000
Rsum_info,50,-120.0,-119.0,0,0.0,52000000
Rsum_info,50,-119.0,-118.0,0,0.0,52000000
Rsum_info,50,-118.0,-117.0,0,0.0,52000000
Rsum_info,50,-117.0,-116.0,0,0.0,52000000
Rsum_info,50,-116.0,-115.0,0,0.0,52000000
Rsum_info,50,-115.0,-114.0,0,0.0,52000000
Rsum_info,50,-114.0,-113.0,0,0.0,52000000
Rsum_info,50,-113.0,-112.0,0,0.0,52000000
Rsum_info,50,-112.0,-111.0,0,0.0,52000000
Rsum_info,50,-111.0,-110.0,0,0.0,52000000
Rsum_info,50,-110.0,-109.0,0,0.0,52000000
Rsum_info,50,-109.0,-108.0,0,0.0,52000000
Rsum_info,50,-108.0,-107.0,0,0.0,52000000
Rsum_info,50,-107.0,-106.0,0,0.0,52000000
Rsum_info,50,-106.0,-105.0,0,0.0,52000000
Rsum_info,50,-105.0,-104.0,0,0.0,52000000
Rsum_info,50,-104.0,-103.0,0,0.0,52000000
Rsum_info,50,-103.0,-102.0,0,0.0,52000000
Rsum_info,50,-102.0,-101.0,0,0.0,52000000
Rsum_info,50,-101.0,-100.0,0,0.0,52000000
Rsum_info,50,-100.0,-99.0,0,0.0,52000000
Rsum_info,50,-99.0,-98.0,0,0.0,52000000
Rsum_info,50,-98.0,-97.0,0,0.0,52000000
Rsum_info,50,-97.0,-96.0,0,0.0,52000000
Rsum_info,50,-96.0,-95.0,0,0.0,52000000
Rsum_info,50,-95.0,-94.0,0,0.0,52000000
Rsum_info,50,-94.0,-93.0,0,0.0,52000000
Rsum_info,50,-93.0,-92.0,0,0.0,52000000
Rsum_info,50,-92.0,-91.0,0,0.0,52000000
Rsum_info,50,-91.0,-90.0,0,0.0,52000000
Rsum_info,50,-90.0,-89.0,0,0.0,52000000
Rsum_info,50,-89.0,-88.0,0,0.0,52000000
Rsum_info,50,-88.0,-87.0,0,0.0,52000000
Rsum_info,50,-87.0,-86.0,0,0.0,52000000
Rsum_info,50,-86.0,-85.0,0,0.0,52000000
Rsum_info,50,-85.0,-84.0,0,0.0,52000000
Rsum_info,50,-84.0,-83.0,0,0.0,52000000
Rsum_info,50,-83.0,-82.0,0,0.0,52000000
Rsum_info,50,-82.0,-81.0,0,0.0,52000000
Rsum_info,50,-81.0,-80.0,0,0.0,52000000
Rsum_info,50,-80.0,-79.0,0,0.0,52000000
Rsum_info,50,-79.0,-78.0,0,0.0,52000000
Rsum_info,50,-78.0,-77.0,0,0.0,52000000
Rsum_info,50,-77.0,-76.0,0,0.0,52000000
Rsum_info,50,-76.0,-75.0,0,0.0,52000000
Rsum_info,50,-75.0,-74.0,0,0.0,52000000
Rsum_info,50,-74.0,-73.0,0,0.0,52000000
Rsum_info,50,-73.0,-72.0,0,0.0,52000000
Rsum_info,50,-72.0,-71.0,0,0.0,52000000
Rsum_info,50,-71.0,-70.0,0,0.0,52000000
Rsum_info,50,-70.0,-69.0,0,0.0,52000000
Rsum_info,50,-69.0,-68.0,0,0.0,52000000
Rsum_info,50,-68.0,-67.0,0,0.0,52000000
Rsum_info,50,-67.0,-66.0,0,0.0,52000000
Rsum_info,50,-66.0,-65.0,0,0.0,52000000
Rsum_info,50,-65.0,-64.0,0,0.0,52000000
Rsum_info,50,-64.0,-63.0,0,0.0,52000000
Rsum_info,50,-63.0,-62.0,0,0.0,52000000
Rsum_info,50,-62.0,-61.0,0,0.0,52000000
Rsum_info,50,-61.0,-60.0,0,0.0,52000000
Rsum_info,50,-60.0,-59.0,0,0.0,52000000
Rsum_info,50,-59.0,-58.0,0,0.0,52000000
Rsum_info,50,-58.0,-57.0,0,0.0,52000000
Rsum_info,50,-57.0,-56.0,0,0.0,52000000
Rsum_info,50,-56.0,-55.0,0,0.0,52000000
Rsum_info,50,-55.0,-54.0,0,0.0,52000000
Rsum_info,50,-54.0,-53.0,0,0.0,52000000
Rsum_info,50,-53.0,-52.0,0,0.0,52000000
Rsum_info,50,-52.0,-51.0,0,0.0,52000000
Rsum_info,50,-51.0,-50.0,0,0.0,52000000
Rsum_info,50,-50.0,-49.0,0,0.0,52000000
Rsum_info,50,-49.0,-48.0,0,0.0,52000000
Rsum_info,50,-48.0,-47.0,0,0.0,52000000
Rsum_info,50,-47.0,-46.0,0,0.0,52000000
Rsum_info,50,-46.0,-45.0,1,1.923076923076923e-08,52000000
Rsum_info,50,-45.0,-44.0,1,1.923076923076923e-08,52000000
Rsum_info,50,-44.0,-43.0,2,3.846153846153846e-08,52000000
Rsum_info,50,-43.0,-42.0,0,0.0,52000000
Rsum_info,50,-42.0,-41.0,0,0.0,52000000
Rsum_info,50,-41.0,-40.0,0,0.0,52000000
Rsum_info,50,-40.0,-39.0,0,0.0,52000000
Rsum_info,50,-39.0,-38.0,0,0.0,52000000
Rsum_info,50,-38.0,-37.0,1,1.923076923076923e-08,52000000
Rsum_info,50,-37.0,-36.0,0,0.0,52000000
Rsum_info,50,-36.0,-35.0,1,1.923076923076923e-08,52000000
Rsum_info,50,-35.0,-34.0,1,1.923076923076923e-08,52000000
Rsum_info,50,-34.0,-33.0,0,0.0,52000000
Rsum_info,50,-33.0,-32.0,2,3.846153846153846e-08,52000000
Rsum_info,50,-32.0,-31.0,3,5.7692307692307695e-08,52000000
Rsum_info,50,-31.0,-30.0,1,1.923076923076923e-08,52000000
Rsum_info,50,-30.0,-29.0,10,1.9230769230769231e-07,52000000
Rsum_info,50,-29.0,-28.0,2,3.846153846153846e-08,52000000
Rsum_info,50,-28.0,-27.0,2,3.846153846153846e-08,52000000
Rsum_info,50,-27.0,-26.0,7,1.346153846153846e-07,52000000
Rsum_info,50,-26.0,-25.0,4,7.692307692307692e-08,52000000
Rsum_info,50,-25.0,-24.0,4,7.692307692307692e-08,52000000
Rsum_info,50,-24.0,-23.0,7,1.346153846153846e-07,52000000
Rsum_info,50,-23.0,-22.0,3,5.7692307692307695e-08,52000000
Rsum_info,50,-22.0,-21.0,9,1.7307692307692308e-07,52000000
Rsum_info,50,-21.0,-20.0,12,2.3076923076923078e-07,52000000
Rsum_info,50,-20.0,-19.0,13,2.5e-07,52000000
Rsum_info,50,-19.0,-18.0,14,2.692307692307692e-07,52000000
Rsum_info,50,-18.0,-17.0,19,3.653846153846154e-07,52000000
Rsum_info,50,-17.0,-16.0,25,4.807692307692307e-07,52000000
Rsum_info,50,-16.0,-15.0,30,5.769230769230769e-07,52000000
Rsum_info,50,-15.0,-14.0,38,7.307692307692308e-07,52000000
Rsum_info,50,-14.0,-13.0,75,1.4423076923076922e-06,52000000
Rsum_info,50,-13.0,-12.0,141,2.7115384615384617e-06,52000000
Rsum_info,50,-12.0,-11.0,248,4.769230769230769e-06,52000000
Rsum_info,50,-11.0,-10.0,497,9.557692307692307e-06,52000000
Rsum_info,50,-10.0,-9.0,924,1.776923076923077e-05,52000000
Rsum_info,50,-9.0,-8.0,2001,3.848076923076923e-05,52000000
Rsum_info,50,-8.0,-7.0,4087,7.859615384615385e-05,52000000
Rsum_info,50,-7.0,-6.0,8741,0.00016809615384615385,52000000
Rsum_info,50,-6.0,-5.0,19627,0.0003774423076923077,52000000
Rsum_info,50,-5.0,-4.0,42989,0.0008267115384615384,52000000
Rsum_info,50,-4.0,-3.0,93363,0.0017954423076923078,52000000
Rsum_info,50,-3.0,-2.0,191871,0.0036898269230769233,52000000
Rsum_info,50,-2.0,-1.0,360985,0.006942019230769231,52000000
Rsum_info,50,-1.0,0.0,613052,0.011789461538461539,52000000
Rsum_info,50,0.0,1.0,802412,0.015431,52000000
Rsum_info,50,1.0,2.0,902626,0.017358192307692307,52000000
Rsum_info,50,2.0,3.0,1022595,0.019665288461538463,52000000
Rsum_info,50,3.0,4.0,1166139,0.02242575,52000000
Rsum_info,50,4.0,5.0,1333262,0.025639653846153847,52000000
Rsum_info,50,5.0,6.0,1516038,0.029154576923076922,52000000
Rsum_info,50,6.0,7.0,1699244,0.03267776923076923,52000000
Rsum_info,50,7.0,8.0,1863974,0.03584565384615385,52000000
Rsum_info,50,8.0,9.0,2001605,0.03849240384615384,52000000
Rsum_info,50,9.0,10.0,2105847,0.04049705769230769,52000000
Rsum_info,50,10.0,11.0,2164723,0.04162928846153846,52000000
Rsum_info,50,11.0,12.0,2186346,0.04204511538461538,52000000
Rsum_info,50,12.0,13.0,2173013,0.04178871153846154,52000000
Rsum_info,50,13.0,14.0,2128684,0.040936230769230766,52000000
Rsum_info,50,14.0,15.0,2059063,0.039597365384615384,52000000
Rsum_info,50,15.0,16.0,1971128,0.03790630769230769,52000000
Rsum_info,50,16.0,17.0,1870719,0.03597536538461538,52000000
Rsum_info,50,17.0,18.0,1758466,0.033816653846153844,52000000
Rsum_info,50,18.0,19.0,1647886,0.031690115384615386,52000000
Rsum_info,50,19.0,20.0,1531905,0.02945971153846154,52000000
Rsum_info,50,20.0,21.0,1420200,0.02731153846153846,52000000
Rsum_info,50,21.0,22.0,1310921,0.02521001923076923,52000000
Rsum_info,50,22.0,23.0,1205711,0.02318675,52000000
Rsum_info,50,23.0,24.0,1105340,0.021256538461538462,52000000
Rsum_info,50,24.0,25.0,1015161,0.019522326923076923,52000000
Rsum_info,50,25.0,26.0,957009,0.01840401923076923,52000000
Rsum_info,50,26.0,27.0,869234,0.016716038461538463,52000000
Rsum_info,50,27.0,28.0,819608,0.015761692307692306,52000000
Rsum_info,50,28.0,29.0,719423,0.013835057692307692,52000000
Rsum_info,50,29.0,30.0,659870,0.012689807692307693,52000000
Rsum_info,50,30.0,31.0,544687,0.01047475,52000000
Rsum_info,50,31.0,32.0,498884,0.009593923076923076,52000000
Rsum_info,50,32.0,33.0,458745,0.00882201923076923,52000000
Rsum_info,50,33.0,34.0,423040,0.008135384615384616,52000000
Rsum_info,50,34.0,35.0,391343,0.007525826923076923,52000000
Rsum_info,50,35.0,36.0,363527,0.006990903846153846,52000000
Rsum_info,50,36.0,37.0,339452,0.006527923076923077,52000000
Rsum_info,50,37.0,38.0,328708,0.006321307692307692,52000000
Rsum_info,50,38.0,39.0,313685,0.006032403846153846,52000000
Rsum_info,50,39.0,40.0,316967,0.006095519230769231,52000000
Rsum_info,50,40.0,41.0,288198,0.005542269230769231,52000000
Rsum_info,50,41.0,42.0,280119,0.005386903846153846,52000000
Rsum_info,50,42.0,43.0,224196,0.004311461538461538,52000000
Rsum_info,50,43.0,44.0,204449,0.0039317115384615384,52000000
Rsum_info,50,44.0,45.0,147267,0.0028320576923076923,52000000
Rsum_info,50,45.0,46.0,140526,0.002702423076923077,52000000
Rsum_info,50,46.0,47.0,134721,0.0025907884615384616,52000000
Rsum_info,50,47.0,48.0,130053,0.0025010192307692307,52000000
Rsum_info,50,48.0,49.0,125164,0.002407,52000000
Rsum_info,50,49.0,50.0,122446,0.002354730769230769,52000000
Rsum_info,50,50.0,51.0,128676,0.0024745384615384616,52000000
Rsum_info,50,51.0,52.0,129263,0.002485826923076923,52000000
Rsum_info,50,52.0,53.0,144510,0.0027790384615384617,52000000
Rsum_info,50,53.0,54.0,135084,0.0025977692307692308,52000000
Rsum_info,50,54.0,55.0,131039,0.002519980769230769,52000000
Rsum_info,50,55.0,56.0,98138,0.0018872692307692308,52000000
Rsum_info,50,56.0,57.0,74616,0.001434923076923077,52000000
Rsum_info,50,57.0,58.0,39236,0.0007545384615384615,52000000
Rsum_info,50,58.0,59.0,16296,0.0003133846153846154,52000000
Rsum_info,50,59.0,60.0,0,0.0,52000000
Rsum_info,50,60.0,61.0,0,0.0,52000000
Rsum_info,50,61.0,62.0,0,0.0,52000000
Rsum_info,50,62.0,63.0,0,0.0,52000000
Rsum_info,50,63.0,64.0,0,0.0,52000000
Rsum_info,50,64.0,65.0,0,0.0,52000000
Rsum_info,50,65.0,66.0,0,0.0,52000000
Rsum_info,50,66.0,67.0,0,0.0,52000000
Rsum_info,50,67.0,68.0,0,0.0,52000000
Rsum_info,50,68.0,69.0,0,0.0,52000000
Rsum_info,50,69.0,70.0,0,0.0,52000000
Rsum_info,50,70.0,71.0,0,0.0,52000000
Rsum_info,50,71.0,72.0,0,0.0,52000000
Rsum_info,50,72.0,73.0,0,0.0,52000000
Rsum_info,50,73.0,74.0,0,0.0,52000000
Rsum_info,50,74.0,75.0,0,0.0,52000000
Rsum_info,50,75.0,76.0,0,0.0,52000000
Rsum_info,50,76.0,77.0,0,0.0,52000000
Rsum_info,50,77.0,78.0,0,0.0,52000000
Rsum_info,50,78.0,79.0,0,0.0,52000000
Rsum_info,50,79.0,80.0,0,0.0,52000000
Rsum_info,50,80.0,81.0,0,0.0,52000000
Rsum_info,50,81.0,82.0,0,0.0,52000000
Rsum_info,50,82.0,83.0,0,0.0,52000000
Rsum_info,50,83.0,84.0,0,0.0,52000000
Rsum_info,50,84.0,85.0,0,0.0,52000000
Rsum_info,50,85.0,86.0,0,0.0,52000000
Rsum_info,50,86.0,87.0,0,0.0,52000000
Rsum_info,50,87.0,88.0,0,0.0,52000000
Rsum_info,50,88.0,89.0,0,0.0,52000000
Rsum_info,50,89.0,90.0,0,0.0,52000000
Rsum_info,50,90.0,91.0,0,0.0,52000000
Rsum_info,50,91.0,92.0,0,0.0,52000000
Rsum_info,50,92.0,93.0,0,0.0,52000000
Rsum_info,50,93.0,94.0,0,0.0,52000000
Rsum_info,50,94.0,95.0,0,0.0,52000000
Rsum_info,50,95.0,96.0,0,0.0,52000000
Rsum_info,50,96.0,97.0,0,0.0,52000000
Rsum_info,50,97.0,98.0,0,0.0,52000000
Rsum_info,50,98.0,99.0,0,0.0,52000000
Rsum_info,50,99.0,100.0,0,0.0,52000000
Rsum_info,50,100.0,101.0,0,0.0,52000000
Rsum_info,50,101.0,102.0,0,0.0,52000000
Rsum_info,50,102.0,103.0,0,0.0,52000000
Rsum_info,50,103.0,104.0,0,0.0,52000000
Rsum_info,50,104.0,105.0,0,0.0,52000000
Rsum_info,50,105.0,106.0,0,0.0,52000000
Rsum_info,50,106.0,107.0,0,0.0,52000000
Rsum_info,50,107.0,108.0,0,0.0,52000000
Rsum_info,50,108.0,109.0,0,0.0,52000000
Rsum_info,50,109.0,110.0,0,0.0,52000000
Rsum_info,50,110.0,111.0,0,0.0,52000000
Rsum_info,50,111.0,112.0,0,0.0,52000000
Rsum_info,50,112.0,113.0,0,0.0,52000000
Rsum_info,50,113.0,114.0,0,0.0,52000000
Rsum_info,50,114.0,115.0,0,0.0,52000000
Rsum_info,50,115.0,116.0,0,0.0,52000000
Rsum_info,50,116.0,117.0,0,0.0,52000000
Rsum_info,50,117.0,118.0,0,0.0,52000000
Rsum_info,50,118.0,119.0,0,0.0,52000000
Rsum_info,50,119.0,120.0,0,0.0,52000000
APP_pre_info,1,-120.0,-119.0,0,0.0,52000000
APP_pre_info,1,-119.0,-118.0,0,0.0,52000000
APP_pre_info,1,-118.0,-117.0,0,0.0,52000000
APP_pre_info,1,-117.0,-116.0,0,0.0,52000000
APP_pre_info,1,-116.0,-115.0,0,0.0,52000000
APP_pre_info,1,-115.0,-114.0,0,0.0,52000000
APP_pre_info,1,-114.0,-113.0,0,0.0,52000000
APP_pre_info,1,-113.0,-112.0,0,0.0,52000000
APP_pre_info,1,-112.0,-111.0,0,0.0,52000000
APP_pre_info,1,-111.0,-110.0,0,0.0,52000000
APP_pre_info,1,-110.0,-109.0,0,0.0,52000000
APP_pre_info,1,-109.0,-108.0,0,0.0,52000000
APP_pre_info,1,-108.0,-107.0,0,0.0,52000000
APP_pre_info,1,-107.0,-106.0,0,0.0,52000000
APP_pre_info,1,-106.0,-105.0,0,0.0,52000000
APP_pre_info,1,-105.0,-104.0,0,0.0,52000000
APP_pre_info,1,-104.0,-103.0,0,0.0,52000000
APP_pre_info,1,-103.0,-102.0,0,0.0,52000000
APP_pre_info,1,-102.0,-101.0,0,0.0,52000000
APP_pre_info,1,-101.0,-100.0,0,0.0,52000000
APP_pre_info,1,-100.0,-99.0,0,0.0,52000000
APP_pre_info,1,-99.0,-98.0,0,0.0,52000000
APP_pre_info,1,-98.0,-97.0,0,0.0,52000000
APP_pre_info,1,-97.0,-96.0,0,0.0,52000000
APP_pre_info,1,-96.0,-95.0,0,0.0,52000000
APP_pre_info,1,-95.0,-94.0,0,0.0,52000000
APP_pre_info,1,-94.0,-93.0,0,0.0,52000000
APP_pre_info,1,-93.0,-92.0,0,0.0,52000000
APP_pre_info,1,-92.0,-91.0,0,0.0,52000000
APP_pre_info,1,-91.0,-90.0,0,0.0,52000000
APP_pre_info,1,-90.0,-89.0,0,0.0,52000000
APP_pre_info,1,-89.0,-88.0,0,0.0,52000000
APP_pre_info,1,-88.0,-87.0,0,0.0,52000000
APP_pre_info,1,-87.0,-86.0,0,0.0,52000000
APP_pre_info,1,-86.0,-85.0,0,0.0,52000000
APP_pre_info,1,-85.0,-84.0,0,0.0,52000000
APP_pre_info,1,-84.0,-83.0,0,0.0,52000000
APP_pre_info,1,-83.0,-82.0,0,0.0,52000000
APP_pre_info,1,-82.0,-81.0,0,0.0,52000000
APP_pre_info,1,-81.0,-80.0,0,0.0,52000000
APP_pre_info,1,-80.0,-79.0,0,0.0,52000000
APP_pre_info,1,-79.0,-78.0,0,0.0,52000000
APP_pre_info,1,-78.0,-77.0,0,0.0,52000000
APP_pre_info,1,-77.0,-76.0,0,0.0,52000000
APP_pre_info,1,-76.0,-75.0,0,0.0,52000000
APP_pre_info,1,-75.0,-74.0,0,0.0,52000000
APP_pre_info,1,-74.0,-73.0,0,0.0,52000000
APP_pre_info,1,-73.0,-72.0,0,0.0,52000000
APP_pre_info,1,-72.0,-71.0,0,0.0,52000000
APP_pre_info,1,-71.0,-70.0,0,0.0,52000000
APP_pre_info,1,-70.0,-69.0,0,0.0,52000000
APP_pre_info,1,-69.0,-68.0,0,0.0,52000000
APP_pre_info,1,-68.0,-67.0,0,0.0,52000000
APP_pre_info,1,-67.0,-66.0,0,0.0,52000000
APP_pre_info,1,-66.0,-65.0,0,0.0,52000000
APP_pre_info,1,-65.0,-64.0,0,0.0,52000000
APP_pre_info,1,-64.0,-63.0,0,0.0,52000000
APP_pre_info,1,-63.0,-62.0,0,0.0,52000000
APP_pre_info,1,-62.0,-61.0,0,0.0,52000000
APP_pre_info,1,-61.0,-60.0,0,0.0,52000000
APP_pre_info,1,-60.0,-59.0,0,0.0,52000000
APP_pre_info,1,-59.0,-58.0,0,0.0,52000000
APP_pre_info,1,-58.0,-57.0,0,0.0,52000000
APP_pre_info,1,-57.0,-56.0,0,0.0,52000000
APP_pre_info,1,-56.0,-55.0,0,0.0,52000000
APP_pre_info,1,-55.0,-54.0,0,0.0,52000000
APP_pre_info,1,-54.0,-53.0,0,0.0,52000000
APP_pre_info,1,-53.0,-52.0,0,0.0,52000000
APP_pre_info,1,-52.0,-51.0,0,0.0,52000000
APP_pre_info,1,-51.0,-50.0,0,0.0,52000000
APP_pre_info,1,-50.0,-49.0,0,0.0,52000000
APP_pre_info,1,-49.0,-48.0,0,0.0,52000000
APP_pre_info,1,-48.0,-47.0,0,0.0,52000000
APP_pre_info,1,-47.0,-46.0,0,0.0,52000000
APP_pre_info,1,-46.0,-45.0,0,0.0,52000000
APP_pre_info,1,-45.0,-44.0,0,0.0,52000000
APP_pre_info,1,-44.0,-43.0,0,0.0,52000000
APP_pre_info,1,-43.0,-42.0,0,0.0,52000000
APP_pre_info,1,-42.0,-41.0,0,0.0,52000000
APP_pre_info,1,-41.0,-40.0,0,0.0,52000000
APP_pre_info,1,-40.0,-39.0,0,0.0,52000000
APP_pre_info,1,-39.0,-38.0,0,0.0,52000000
APP_pre_info,1,-38.0,-37.0,0,0.0,52000000
APP_pre_info,1,-37.0,-36.0,0,0.0,52000000
APP_pre_info,1,-36.0,-35.0,0,0.0,52000000
APP_pre_info,1,-35.0,-34.0,0,0.0,52000000
APP_pre_info,1,-34.0,-33.0,0,0.0,52000000
APP_pre_info,1,-33.0,-32.0,0,0.0,52000000
APP_pre_info,1,-32.0,-31.0,0,0.0,52000000
APP_pre_info,1,-31.0,-30.0,0,0.0,52000000
APP_pre_info,1,-30.0,-29.0,0,0.0,52000000
APP_pre_info,1,-29.0,-28.0,0,0.0,52000000
APP_pre_info,1,-28.0,-27.0,0,0.0,52000000
APP_pre_info,1,-27.0,-26.0,0,0.0,52000000
APP_pre_info,1,-26.0,-25.0,0,0.0,52000000
APP_pre_info,1,-25.0,-24.0,0,0.0,52000000
APP_pre_info,1,-24.0,-23.0,0,0.0,52000000
APP_pre_info,1,-23.0,-22.0,0,0.0,52000000
APP_pre_info,1,-22.0,-21.0,0,0.0,52000000
APP_pre_info,1,-21.0,-20.0,0,0.0,52000000
APP_pre_info,1,-20.0,-19.0,0,0.0,52000000
APP_pre_info,1,-19.0,-18.0,0,0.0,52000000
APP_pre_info,1,-18.0,-17.0,0,0.0,52000000
APP_pre_info,1,-17.0,-16.0,0,0.0,52000000
APP_pre_info,1,-16.0,-15.0,4,7.692307692307692e-08,52000000
APP_pre_info,1,-15.0,-14.0,6,1.1538461538461539e-07,52000000
APP_pre_info,1,-14.0,-13.0,16,3.076923076923077e-07,52000000
APP_pre_info,1,-13.0,-12.0,78,1.5e-06,52000000
APP_pre_info,1,-12.0,-11.0,187,3.5961538461538462e-06,52000000
APP_pre_info,1,-11.0,-10.0,586,1.126923076923077e-05,52000000
APP_pre_info,1,-10.0,-9.0,1374,2.6423076923076925e-05,52000000
APP_pre_info,1,-9.0,-8.0,2977,5.725e-05,52000000
APP_pre_info,1,-8.0,-7.0,6964,0.00013392307692307692,52000000
APP_pre_info,1,-7.0,-6.0,14641,0.0002815576923076923,52000000
APP_pre_info,1,-6.0,-5.0,29716,0.0005714615384615385,52000000
APP_pre_info,1,-5.0,-4.0,55812,0.0010733076923076922,52000000
APP_pre_info,1,-4.0,-3.0,96546,0.0018566538461538462,52000000
APP_pre_info,1,-3.0,-2.0,148591,0.0028575192307692308,52000000
APP_pre_info,1,-2.0,-1.0,195723,0.003763903846153846,52000000
APP_pre_info,1,-1.0,0.0,235876,0.004536076923076923,52000000
APP_pre_info,1,0.0,1.0,296318,0.005698423076923077,52000000
APP_pre_info,1,1.0,2.0,415376,0.007988,52000000
APP_pre_info,1,2.0,3.0,611452,0.011758692307692309,52000000
APP_pre_info,1,3.0,4.0,876959,0.016864596153846154,52000000
APP_pre_info,1,4.0,5.0,1203273,0.023139865384615384,52000000
APP_pre_info,1,5.0,6.0,1579654,0.030377961538461538,52000000
APP_pre_info,1,6.0,7.0,1990310,0.03827519230769231,52000000
APP_pre_info,1,7.0,8.0,2434149,0.04681055769230769,52000000
APP_pre_info,1,8.0,9.0,2894585,0.055665096153846155,52000000
APP_pre_info,1,9.0,10.0,3371596,0.06483838461538462,52000000
APP_pre_info,1,10.0,11.0,3834385,0.07373817307692308,52000000
APP_pre_info,1,11.0,12.0,4200384,0.08077661538461539,52000000
APP_pre_info,1,12.0,13.0,4355233,0.08375448076923077,52000000
APP_pre_info,1,13.0,14.0,4226540,0.08127961538461538,52000000
APP_pre_info,1,14.0,15.0,3825762,0.07357234615384615,52000000
APP_pre_info,1,15.0,16.0,3249501,0.06249040384615385,52000000
APP_pre_info,1,16.0,17.0,2610986,0.05021126923076923,52000000
APP_pre_info,1,17.0,18.0,2026182,0.03896503846153846,52000000
APP_pre_info,1,18.0,19.0,1562548,0.030049,52000000
APP_pre_info,1,19.0,20.0,1234028,0.023731307692307694,52000000
APP_pre_info,1,20.0,21.0,1016073,0.019539865384615385,52000000
APP_pre_info,1,21.0,22.0,860177,0.016541865384615384,52000000
APP_pre_info,1,22.0,23.0,724840,0.01393923076923077,52000000
APP_pre_info,1,23.0,24.0,591148,0.01136823076923077,52000000
APP_pre_info,1,24.0,25.0,452338,0.008698807692307691,52000000
APP_pre_info,1,25.0,26.0,319722,0.0061485,52000000
APP_pre_info,1,26.0,27.0,207314,0.003986807692307692,52000000
APP_pre_info,1,27.0,28.0,122155,0.0023491346153846153,52000000
APP_pre_info,1,28.0,29.0,65371,0.0012571346153846155,52000000
APP_pre_info,1,29.0,30.0,31252,0.000601,52000000
APP_pre_info,1,30.0,31.0,13599,0.00026151923076923075,52000000
APP_pre_info,1,31.0,32.0,5178,9.957692307692308e-05,52000000
APP_pre_info,1,32.0,33.0,1766,3.396153846153846e-05,52000000
APP_pre_info,1,33.0,34.0,564,1.0846153846153847e-05,52000000
APP_pre_info,1,34.0,35.0,144,2.7692307692307693e-06,52000000
APP_pre_info,1,35.0,36.0,34,6.538461538461538e-07,52000000
APP_pre_info,1,36.0,37.0,6,1.1538461538461539e-07,52000000
APP_pre_info,1,37.0,38.0,1,1.923076923076923e-08,52000000
APP_pre_info,1,38.0,39.0,0,0.0,52000000
APP_pre_info,1,39.0,40.0,0,0.0,52000000
APP_pre_info,1,40.0,41.0,0,0.0,52000000
APP_pre_info,1,41.0,42.0,0,0.0,52000000
APP_pre_info,1,42.0,43.0,0,0.0,52000000
APP_pre_info,1,43.0,44.0,0,0.0,52000000
APP_pre_info,1,44.0,45.0,0,0.0,52000000
APP_pre_info,1,45.0,46.0,0,0.0,52000000
APP_pre_info,1,46.0,47.0,0,0.0,52000000
APP_pre_info,1,47.0,48.0,0,0.0,52000000
APP_pre_info,1,48.0,49.0,0,0.0,52000000
APP_pre_info,1,49.0,50.0,0,0.0,52000000
APP_pre_info,1,50.0,51.0,0,0.0,52000000
APP_pre_info,1,51.0,52.0,0,0.0,52000000
APP_pre_info,1,52.0,53.0,0,0.0,52000000
APP_pre_info,1,53.0,54.0,0,0.0,52000000
APP_pre_info,1,54.0,55.0,0,0.0,52000000
APP_pre_info,1,55.0,56.0,0,0.0,52000000
APP_pre_info,1,56.0,57.0,0,0.0,52000000
APP_pre_info,1,57.0,58.0,0,0.0,52000000
APP_pre_info,1,58.0,59.0,0,0.0,52000000
APP_pre_info,1,59.0,60.0,0,0.0,52000000
APP_pre_info,1,60.0,61.0,0,0.0,52000000
APP_pre_info,1,61.0,62.0,0,0.0,52000000
APP_pre_info,1,62.0,63.0,0,0.0,52000000
APP_pre_info,1,63.0,64.0,0,0.0,52000000
APP_pre_info,1,64.0,65.0,0,0.0,52000000
APP_pre_info,1,65.0,66.0,0,0.0,52000000
APP_pre_info,1,66.0,67.0,0,0.0,52000000
APP_pre_info,1,67.0,68.0,0,0.0,52000000
APP_pre_info,1,68.0,69.0,0,0.0,52000000
APP_pre_info,1,69.0,70.0,0,0.0,52000000
APP_pre_info,1,70.0,71.0,0,0.0,52000000
APP_pre_info,1,71.0,72.0,0,0.0,52000000
APP_pre_info,1,72.0,73.0,0,0.0,52000000
APP_pre_info,1,73.0,74.0,0,0.0,52000000
APP_pre_info,1,74.0,75.0,0,0.0,52000000
APP_pre_info,1,75.0,76.0,0,0.0,52000000
APP_pre_info,1,76.0,77.0,0,0.0,52000000
APP_pre_info,1,77.0,78.0,0,0.0,52000000
APP_pre_info,1,78.0,79.0,0,0.0,52000000
APP_pre_info,1,79.0,80.0,0,0.0,52000000
APP_pre_info,1,80.0,81.0,0,0.0,52000000
APP_pre_info,1,81.0,82.0,0,0.0,52000000
APP_pre_info,1,82.0,83.0,0,0.0,52000000
APP_pre_info,1,83.0,84.0,0,0.0,52000000
APP_pre_info,1,84.0,85.0,0,0.0,52000000
APP_pre_info,1,85.0,86.0,0,0.0,52000000
APP_pre_info,1,86.0,87.0,0,0.0,52000000
APP_pre_info,1,87.0,88.0,0,0.0,52000000
APP_pre_info,1,88.0,89.0,0,0.0,52000000
APP_pre_info,1,89.0,90.0,0,0.0,52000000
APP_pre_info,1,90.0,91.0,0,0.0,52000000
APP_pre_info,1,91.0,92.0,0,0.0,52000000
APP_pre_info,1,92.0,93.0,0,0.0,52000000
APP_pre_info,1,93.0,94.0,0,0.0,52000000
APP_pre_info,1,94.0,95.0,0,0.0,52000000
APP_pre_info,1,95.0,96.0,0,0.0,52000000
APP_pre_info,1,96.0,97.0,0,0.0,52000000
APP_pre_info,1,97.0,98.0,0,0.0,52000000
APP_pre_info,1,98.0,99.0,0,0.0,52000000
APP_pre_info,1,99.0,100.0,0,0.0,52000000
APP_pre_info,1,100.0,101.0,0,0.0,52000000
APP_pre_info,1,101.0,102.0,0,0.0,52000000
APP_pre_info,1,102.0,103.0,0,0.0,52000000
APP_pre_info,1,103.0,104.0,0,0.0,52000000
APP_pre_info,1,104.0,105.0,0,0.0,52000000
APP_pre_info,1,105.0,106.0,0,0.0,52000000
APP_pre_info,1,106.0,107.0,0,0.0,52000000
APP_pre_info,1,107.0,108.0,0,0.0,52000000
APP_pre_info,1,108.0,109.0,0,0.0,52000000
APP_pre_info,1,109.0,110.0,0,0.0,52000000
APP_pre_info,1,110.0,111.0,0,0.0,52000000
APP_pre_info,1,111.0,112.0,0,0.0,52000000
APP_pre_info,1,112.0,113.0,0,0.0,52000000
APP_pre_info,1,113.0,114.0,0,0.0,52000000
APP_pre_info,1,114.0,115.0,0,0.0,52000000
APP_pre_info,1,115.0,116.0,0,0.0,52000000
APP_pre_info,1,116.0,117.0,0,0.0,52000000
APP_pre_info,1,117.0,118.0,0,0.0,52000000
APP_pre_info,1,118.0,119.0,0,0.0,52000000
APP_pre_info,1,119.0,120.0,0,0.0,52000000
APP_pre_info,2,-120.0,-119.0,0,0.0,52000000
APP_pre_info,2,-119.0,-118.0,0,0.0,52000000
APP_pre_info,2,-118.0,-117.0,0,0.0,52000000
APP_pre_info,2,-117.0,-116.0,0,0.0,52000000
APP_pre_info,2,-116.0,-115.0,0,0.0,52000000
APP_pre_info,2,-115.0,-114.0,0,0.0,52000000
APP_pre_info,2,-114.0,-113.0,0,0.0,52000000
APP_pre_info,2,-113.0,-112.0,0,0.0,52000000
APP_pre_info,2,-112.0,-111.0,0,0.0,52000000
APP_pre_info,2,-111.0,-110.0,0,0.0,52000000
APP_pre_info,2,-110.0,-109.0,0,0.0,52000000
APP_pre_info,2,-109.0,-108.0,0,0.0,52000000
APP_pre_info,2,-108.0,-107.0,0,0.0,52000000
APP_pre_info,2,-107.0,-106.0,0,0.0,52000000
APP_pre_info,2,-106.0,-105.0,0,0.0,52000000
APP_pre_info,2,-105.0,-104.0,0,0.0,52000000
APP_pre_info,2,-104.0,-103.0,0,0.0,52000000
APP_pre_info,2,-103.0,-102.0,0,0.0,52000000
APP_pre_info,2,-102.0,-101.0,0,0.0,52000000
APP_pre_info,2,-101.0,-100.0,0,0.0,52000000
APP_pre_info,2,-100.0,-99.0,0,0.0,52000000
APP_pre_info,2,-99.0,-98.0,0,0.0,52000000
APP_pre_info,2,-98.0,-97.0,0,0.0,52000000
APP_pre_info,2,-97.0,-96.0,0,0.0,52000000
APP_pre_info,2,-96.0,-95.0,0,0.0,52000000
APP_pre_info,2,-95.0,-94.0,0,0.0,52000000
APP_pre_info,2,-94.0,-93.0,0,0.0,52000000
APP_pre_info,2,-93.0,-92.0,0,0.0,52000000
APP_pre_info,2,-92.0,-91.0,0,0.0,52000000
APP_pre_info,2,-91.0,-90.0,0,0.0,52000000
APP_pre_info,2,-90.0,-89.0,0,0.0,52000000
APP_pre_info,2,-89.0,-88.0,0,0.0,52000000
APP_pre_info,2,-88.0,-87.0,0,0.0,52000000
APP_pre_info,2,-87.0,-86.0,0,0.0,52000000
APP_pre_info,2,-86.0,-85.0,0,0.0,52000000
APP_pre_info,2,-85.0,-84.0,0,0.0,52000000
APP_pre_info,2,-84.0,-83.0,0,0.0,52000000
APP_pre_info,2,-83.0,-82.0,0,0.0,52000000
APP_pre_info,2,-82.0,-81.0,0,0.0,52000000
APP_pre_info,2,-81.0,-80.0,0,0.0,52000000
APP_pre_info,2,-80.0,-79.0,0,0.0,52000000
APP_pre_info,2,-79.0,-78.0,0,0.0,52000000
APP_pre_info,2,-78.0,-77.0,0,0.0,52000000
APP_pre_info,2,-77.0,-76.0,0,0.0,52000000
APP_pre_info,2,-76.0,-75.0,0,0.0,52000000
APP_pre_info,2,-75.0,-74.0,0,0.0,52000000
APP_pre_info,2,-74.0,-73.0,0,0.0,52000000
APP_pre_info,2,-73.0,-72.0,0,0.0,52000000
APP_pre_info,2,-72.0,-71.0,0,0.0,52000000
APP_pre_info,2,-71.0,-70.0,0,0.0,52000000
APP_pre_info,2,-70.0,-69.0,0,0.0,52000000
APP_pre_info,2,-69.0,-68.0,0,0.0,52000000
APP_pre_info,2,-68.0,-67.0,0,0.0,52000000
APP_pre_info,2,-67.0,-66.0,0,0.0,52000000
APP_pre_info,2,-66.0,-65.0,0,0.0,52000000
APP_pre_info,2,-65.0,-64.0,0,0.0,52000000
APP_pre_info,2,-64.0,-63.0,0,0.0,52000000
APP_pre_info,2,-63.0,-62.0,0,0.0,52000000
APP_pre_info,2,-62.0,-61.0,0,0.0,52000000
APP_pre_info,2,-61.0,-60.0,0,0.0,52000000
APP_pre_info,2,-60.0,-59.0,0,0.0,52000000
APP_pre_info,2,-59.0,-58.0,0,0.0,52000000
APP_pre_info,2,-58.0,-57.0,0,0.0,52000000
APP_pre_info,2,-57.0,-56.0,0,0.0,52000000
APP_pre_info,2,-56.0,-55.0,0,0.0,52000000
APP_pre_info,2,-55.0,-54.0,0,0.0,52000000
APP_pre_info,2,-54.0,-53.0,0,0.0,52000000
APP_pre_info,2,-53.0,-52.0,0,0.0,52000000
APP_pre_info,2,-52.0,-51.0,0,0.0,52000000
APP_pre_info,2,-51.0,-50.0,0,0.0,52000000
APP_pre_info,2,-50.0,-49.0,0,0.0,52000000
APP_pre_info,2,-49.0,-48.0,0,0.0,52000000
APP_pre_info,2,-48.0,-47.0,0,0.0,52000000
APP_pre_info,2,-47.0,-46.0,0,0.0,52000000
APP_pre_info,2,-46.0,-45.0,0,0.0,52000000
APP_pre_info,2,-45.0,-44.0,0,0.0,52000000
APP_pre_info,2,-44.0,-43.0,0,0.0,52000000
APP_pre_info,2,-43.0,-42.0,0,0.0,52000000
APP_pre_info,2,-42.0,-41.0,0,0.0,52000000
APP_pre_info,2,-41.0,-40.0,0,0.0,52000000
APP_pre_info,2,-40.0,-39.0,0,0.0,52000000
APP_pre_info,2,-39.0,-38.0,0,0.0,52000000
APP_pre_info,2,-38.0,-37.0,0,0.0,52000000
APP_pre_info,2,-37.0,-36.0,0,0.0,52000000
APP_pre_info,2,-36.0,-35.0,0,0.0,52000000
APP_pre_info,2,-35.0,-34.0,0,0.0,52000000
APP_pre_info,2,-34.0,-33.0,0,0.0,52000000
APP_pre_info,2,-33.0,-32.0,0,0.0,52000000
APP_pre_info,2,-32.0,-31.0,0,0.0,52000000
APP_pre_info,2,-31.0,-30.0,0,0.0,52000000
APP_pre_info,2,-30.0,-29.0,0,0.0,52000000
APP_pre_info,2,-29.0,-28.0,0,0.0,52000000
APP_pre_info,2,-28.0,-27.0,0,0.0,52000000
APP_pre_info,2,-27.0,-26.0,0,0.0,52000000
APP_pre_info,2,-26.0,-25.0,0,0.0,52000000
APP_pre_info,2,-25.0,-24.0,0,0.0,52000000
APP_pre_info,2,-24.0,-23.0,0,0.0,52000000
APP_pre_info,2,-23.0,-22.0,0,0.0,52000000
APP_pre_info,2,-22.0,-21.0,0,0.0,52000000
APP_pre_info,2,-21.0,-20.0,1,1.923076923076923e-08,52000000
APP_pre_info,2,-20.0,-19.0,0,0.0,52000000
APP_pre_info,2,-19.0,-18.0,0,0.0,52000000
APP_pre_info,2,-18.0,-17.0,0,0.0,52000000
APP_pre_info,2,-17.0,-16.0,4,7.692307692307692e-08,52000000
APP_pre_info,2,-16.0,-15.0,5,9.615384615384616e-08,52000000
APP_pre_info,2,-15.0,-14.0,11,2.1153846153846155e-07,52000000
APP_pre_info,2,-14.0,-13.0,30,5.769230769230769e-07,52000000
APP_pre_info,2,-13.0,-12.0,104,2e-06,52000000
APP_pre_info,2,-12.0,-11.0,221,4.25e-06,52000000
APP_pre_info,2,-11.0,-10.0,492,9.461538461538461e-06,52000000
APP_pre_info,2,-10.0,-9.0,1010,1.9423076923076924e-05,52000000
APP_pre_info,2,-9.0,-8.0,2398,4.6115384615384614e-05,52000000
APP_pre_info,2,-8.0,-7.0,4930,9.480769230769231e-05,52000000
APP_pre_info,2,-7.0,-6.0,9607,0.00018475,52000000
APP_pre_info,2,-6.0,-5.0,18258,0.0003511153846153846,52000000
APP_pre_info,2,-5.0,-4.0,32290,0.0006209615384615384,52000000
APP_pre_info,2,-4.0,-3.0,52723,0.0010139038461538462,52000000
APP_pre_info,2,-3.0,-2.0,80543,0.0015489038461538461,52000000
APP_pre_info,2,-2.0,-1.0,114707,0.002205903846153846,52000000
APP_pre_info,2,-1.0,0.0,157152,0.0030221538461538463,52000000
APP_pre_info,2,0.0,1.0,213782,0.004111192307692308,52000000
APP_pre_info,2,1.0,2.0,291383,0.0056035192307692305,52000000
APP_pre_info,2,2.0,3.0,401709,0.0077251730769230765,52000000
APP_pre_info,2,3.0,4.0,554548,0.010664384615384616,52000000
APP_pre_info,2,4.0,5.0,751544,0.01445276923076923,52000000
APP_pre_info,2,5.0,6.0,997100,0.019175,52000000
APP_pre_info,2,6.0,7.0,1279502,0.02460580769230769,52000000
APP_pre_info,2,7.0,8.0,1599985,0.030768942307692306,52000000
APP_pre_info,2,8.0,9.0,1949504,0.037490461538461535,52000000
APP_pre_info,2,9.0,10.0,2317831,0.04457367307692308,52000000
APP_pre_info,2,10.0,11.0,2687142,0.051675807692307694,52000000
APP_pre_info,2,11.0,12.0,3035750,0.05837980769230769,52000000
APP_pre_info,2,12.0,13.0,3325529,0.06395248076923077,52000000
APP_pre_info,2,13.0,14.0,3529151,0.06786828846153846,52000000
APP_pre_info,2,14.0,15.0,3603695,0.06930182692307692,52000000
APP_pre_info,2,15.0,16.0,3550999,0.06828844230769231,52000000
APP_pre_info,2,16.0,17.0,3365437,0.0647199423076923,52000000
APP_pre_info,2,17.0,18.0,3076269,0.05915901923076923,52000000
APP_pre_info,2,18.0,19.0,2729636,0.052493,52000000
APP_pre_info,2,19.0,20.0,2355163,0.045291596153846155,52000000
APP_pre_info,2,20.0,21.0,1992355,0.03831451923076923,52000000
APP_pre_info,2,21.0,22.0,1658784,0.03189969230769231,52000000
APP_pre_info,2,22.0,23.0,1375771,0.026457134615384615,52000000
APP_pre_info,2,23.0,24.0,1130974,0.0217495,52000000
APP_pre_info,2,24.0,25.0,922163,0.017733903846153847,52000000
APP_pre_info,2,25.0,26.0,745150,0.014329807692307692,52000000
APP_pre_info,2,26.0,27.0,589947,0.011345134615384615,52000000
APP_pre_info,2,27.0,28.0,456189,0.008772865384615384,52000000
APP_pre_info,2,28.0,29.0,341014,0.0065579615384615386,52000000
APP_pre_info,2,29.0,30.0,245333,0.0047179423076923075,52000000
APP_pre_info,2,30.0,31.0,170024,0.0032696923076923077,52000000
APP_pre_info,2,31.0,32.0,113172,0.002176384615384615,52000000
APP_pre_info,2,32.0,33.0,72047,0.0013855192307692308,52000000
APP_pre_info,2,33.0,34.0,43708,0.0008405384615384616,52000000
APP_pre_info,2,34.0,35.0,25163,0.00048390384615384615,52000000
APP_pre_info,2,35.0,36.0,14093,0.00027101923076923077,52000000
APP_pre_info,2,36.0,37.0,7197,0.00013840384615384615,52000000
APP_pre_info,2,37.0,38.0,3566,6.857692307692307e-05,52000000
APP_pre_info,2,38.0,39.0,1784,3.430769230769231e-05,52000000
APP_pre_info,2,39.0,40.0,818,1.573076923076923e-05,52000000
APP_pre_info,2,40.0,41.0,360,6.923076923076923e-06,52000000
APP_pre_info,2,41.0,42.0,143,2.75e-06,52000000
APP_pre_info,2,42.0,43.0,57,1.0961538461538462e-06,52000000
APP_pre_info,2,43.0,44.0,30,5.769230769230769e-07,52000000
APP_pre_info,2,44.0,45.0,5,9.615384615384616e-08,52000000
APP_pre_info,2,45.0,46.0,5,9.615384615384616e-08,52000000
APP_pre_info,2,46.0,47.0,1,1.923076923076923e-08,52000000
APP_pre_info,2,47.0,48.0,1,1.923076923076923e-08,52000000
APP_pre_info,2,48.0,49.0,0,0.0,52000000
APP_pre_info,2,49.0,50.0,1,1.923076923076923e-08,52000000
APP_pre_info,2,50.0,51.0,0,0.0,52000000
APP_pre_info,2,51.0,52.0,0,0.0,52000000
APP_pre_info,2,52.0,53.0,0,0.0,52000000
APP_pre_info,2,53.0,54.0,0,0.0,52000000
APP_pre_info,2,54.0,55.0,0,0.0,52000000
APP_pre_info,2,55.0,56.0,0,0.0,52000000
APP_pre_info,2,56.0,57.0,0,0.0,52000000
APP_pre_info,2,57.0,58.0,0,0.0,52000000
APP_pre_info,2,58.0,59.0,0,0.0,52000000
APP_pre_info,2,59.0,60.0,0,0.0,52000000
APP_pre_info,2,60.0,61.0,0,0.0,52000000
APP_pre_info,2,61.0,62.0,0,0.0,52000000
APP_pre_info,2,62.0,63.0,0,0.0,52000000
APP_pre_info,2,63.0,64.0,0,0.0,52000000
APP_pre_info,2,64.0,65.0,0,0.0,52000000
APP_pre_info,2,65.0,66.0,0,0.0,52000000
APP_pre_info,2,66.0,67.0,0,0.0,52000000
APP_pre_info,2,67.0,68.0,0,0.0,52000000
APP_pre_info,2,68.0,69.0,0,0.0,52000000
APP_pre_info,2,69.0,70.0,0,0.0,52000000
APP_pre_info,2,70.0,71.0,0,0.0,52000000
APP_pre_info,2,71.0,72.0,0,0.0,52000000
APP_pre_info,2,72.0,73.0,0,0.0,52000000
APP_pre_info,2,73.0,74.0,0,0.0,52000000
APP_pre_info,2,74.0,75.0,0,0.0,52000000
APP_pre_info,2,75.0,76.0,0,0.0,52000000
APP_pre_info,2,76.0,77.0,0,0.0,52000000
APP_pre_info,2,77.0,78.0,0,0.0,52000000
APP_pre_info,2,78.0,79.0,0,0.0,52000000
APP_pre_info,2,79.0,80.0,0,0.0,52000000
APP_pre_info,2,80.0,81.0,0,0.0,52000000
APP_pre_info,2,81.0,82.0,0,0.0,52000000
APP_pre_info,2,82.0,83.0,0,0.0,52000000
APP_pre_info,2,83.0,84.0,0,0.0,52000000
APP_pre_info,2,84.0,85.0,0,0.0,52000000
APP_pre_info,2,85.0,86.0,0,0.0,52000000
APP_pre_info,2,86.0,87.0,0,0.0,52000000
APP_pre_info,2,87.0,88.0,0,0.0,52000000
APP_pre_info,2,88.0,89.0,0,0.0,52000000
APP_pre_info,2,89.0,90.0,0,0.0,52000000
APP_pre_info,2,90.0,91.0,0,0.0,52000000
APP_pre_info,2,91.0,92.0,0,0.0,52000000
APP_pre_info,2,92.0,93.0,0,0.0,52000000
APP_pre_info,2,93.0,94.0,0,0.0,52000000
APP_pre_info,2,94.0,95.0,0,0.0,52000000
APP_pre_info,2,95.0,96.0,0,0.0,52000000
APP_pre_info,2,96.0,97.0,0,0.0,52000000
APP_pre_info,2,97.0,98.0,0,0.0,52000000
APP_pre_info,2,98.0,99.0,0,0.0,52000000
APP_pre_info,2,99.0,100.0,0,0.0,52000000
APP_pre_info,2,100.0,101.0,0,0.0,52000000
APP_pre_info,2,101.0,102.0,0,0.0,52000000
APP_pre_info,2,102.0,103.0,0,0.0,52000000
APP_pre_info,2,103.0,104.0,0,0.0,52000000
APP_pre_info,2,104.0,105.0,0,0.0,52000000
APP_pre_info,2,105.0,106.0,0,0.0,52000000
APP_pre_info,2,106.0,107.0,0,0.0,52000000
APP_pre_info,2,107.0,108.0,0,0.0,52000000
APP_pre_info,2,108.0,109.0,0,0.0,52000000
APP_pre_info,2,109.0,110.0,0,0.0,52000000
APP_pre_info,2,110.0,111.0,0,0.0,52000000
APP_pre_info,2,111.0,112.0,0,0.0,52000000
APP_pre_info,2,112.0,113.0,0,0.0,52000000
APP_pre_info,2,113.0,114.0,0,0.0,52000000
APP_pre_info,2,114.0,115.0,0,0.0,52000000
APP_pre_info,2,115.0,116.0,0,0.0,52000000
APP_pre_info,2,116.0,117.0,0,0.0,52000000
APP_pre_info,2,117.0,118.0,0,0.0,52000000
APP_pre_info,2,118.0,119.0,0,0.0,52000000
APP_pre_info,2,119.0,120.0,0,0.0,52000000
APP_pre_info,5,-120.0,-119.0,0,0.0,52000000
APP_pre_info,5,-119.0,-118.0,0,0.0,52000000
APP_pre_info,5,-118.0,-117.0,0,0.0,52000000
APP_pre_info,5,-117.0,-116.0,0,0.0,52000000
APP_pre_info,5,-116.0,-115.0,0,0.0,52000000
APP_pre_info,5,-115.0,-114.0,0,0.0,52000000
APP_pre_info,5,-114.0,-113.0,0,0.0,52000000
APP_pre_info,5,-113.0,-112.0,0,0.0,52000000
APP_pre_info,5,-112.0,-111.0,0,0.0,52000000
APP_pre_info,5,-111.0,-110.0,0,0.0,52000000
APP_pre_info,5,-110.0,-109.0,0,0.0,52000000
APP_pre_info,5,-109.0,-108.0,0,0.0,52000000
APP_pre_info,5,-108.0,-107.0,0,0.0,52000000
APP_pre_info,5,-107.0,-106.0,0,0.0,52000000
APP_pre_info,5,-106.0,-105.0,0,0.0,52000000
APP_pre_info,5,-105.0,-104.0,0,0.0,52000000
APP_pre_info,5,-104.0,-103.0,0,0.0,52000000
APP_pre_info,5,-103.0,-102.0,0,0.0,52000000
APP_pre_info,5,-102.0,-101.0,0,0.0,52000000
APP_pre_info,5,-101.0,-100.0,0,0.0,52000000
APP_pre_info,5,-100.0,-99.0,0,0.0,52000000
APP_pre_info,5,-99.0,-98.0,0,0.0,52000000
APP_pre_info,5,-98.0,-97.0,0,0.0,52000000
APP_pre_info,5,-97.0,-96.0,0,0.0,52000000
APP_pre_info,5,-96.0,-95.0,0,0.0,52000000
APP_pre_info,5,-95.0,-94.0,0,0.0,52000000
APP_pre_info,5,-94.0,-93.0,0,0.0,52000000
APP_pre_info,5,-93.0,-92.0,0,0.0,52000000
APP_pre_info,5,-92.0,-91.0,0,0.0,52000000
APP_pre_info,5,-91.0,-90.0,0,0.0,52000000
APP_pre_info,5,-90.0,-89.0,0,0.0,52000000
APP_pre_info,5,-89.0,-88.0,0,0.0,52000000
APP_pre_info,5,-88.0,-87.0,0,0.0,52000000
APP_pre_info,5,-87.0,-86.0,0,0.0,52000000
APP_pre_info,5,-86.0,-85.0,0,0.0,52000000
APP_pre_info,5,-85.0,-84.0,0,0.0,52000000
APP_pre_info,5,-84.0,-83.0,0,0.0,52000000
APP_pre_info,5,-83.0,-82.0,0,0.0,52000000
APP_pre_info,5,-82.0,-81.0,0,0.0,52000000
APP_pre_info,5,-81.0,-80.0,0,0.0,52000000
APP_pre_info,5,-80.0,-79.0,0,0.0,52000000
APP_pre_info,5,-79.0,-78.0,0,0.0,52000000
APP_pre_info,5,-78.0,-77.0,0,0.0,52000000
APP_pre_info,5,-77.0,-76.0,0,0.0,52000000
APP_pre_info,5,-76.0,-75.0,0,0.0,52000000
APP_pre_info,5,-75.0,-74.0,0,0.0,52000000
APP_pre_info,5,-74.0,-73.0,0,0.0,52000000
APP_pre_info,5,-73.0,-72.0,0,0.0,52000000
APP_pre_info,5,-72.0,-71.0,0,0.0,52000000
APP_pre_info,5,-71.0,-70.0,0,0.0,52000000
APP_pre_info,5,-70.0,-69.0,0,0.0,52000000
APP_pre_info,5,-69.0,-68.0,0,0.0,52000000
APP_pre_info,5,-68.0,-67.0,0,0.0,52000000
APP_pre_info,5,-67.0,-66.0,0,0.0,52000000
APP_pre_info,5,-66.0,-65.0,0,0.0,52000000
APP_pre_info,5,-65.0,-64.0,0,0.0,52000000
APP_pre_info,5,-64.0,-63.0,0,0.0,52000000
APP_pre_info,5,-63.0,-62.0,0,0.0,52000000
APP_pre_info,5,-62.0,-61.0,0,0.0,52000000
APP_pre_info,5,-61.0,-60.0,0,0.0,52000000
APP_pre_info,5,-60.0,-59.0,0,0.0,52000000
APP_pre_info,5,-59.0,-58.0,0,0.0,52000000
APP_pre_info,5,-58.0,-57.0,0,0.0,52000000
APP_pre_info,5,-57.0,-56.0,0,0.0,52000000
APP_pre_info,5,-56.0,-55.0,0,0.0,52000000
APP_pre_info,5,-55.0,-54.0,0,0.0,52000000
APP_pre_info,5,-54.0,-53.0,0,0.0,52000000
APP_pre_info,5,-53.0,-52.0,0,0.0,52000000
APP_pre_info,5,-52.0,-51.0,0,0.0,52000000
APP_pre_info,5,-51.0,-50.0,0,0.0,52000000
APP_pre_info,5,-50.0,-49.0,0,0.0,52000000
APP_pre_info,5,-49.0,-48.0,0,0.0,52000000
APP_pre_info,5,-48.0,-47.0,0,0.0,52000000
APP_pre_info,5,-47.0,-46.0,0,0.0,52000000
APP_pre_info,5,-46.0,-45.0,0,0.0,52000000
APP_pre_info,5,-45.0,-44.0,0,0.0,52000000
APP_pre_info,5,-44.0,-43.0,0,0.0,52000000
APP_pre_info,5,-43.0,-42.0,0,0.0,52000000
APP_pre_info,5,-42.0,-41.0,0,0.0,52000000
APP_pre_info,5,-41.0,-40.0,0,0.0,52000000
APP_pre_info,5,-40.0,-39.0,0,0.0,52000000
APP_pre_info,5,-39.0,-38.0,0,0.0,52000000
APP_pre_info,5,-38.0,-37.0,0,0.0,52000000
APP_pre_info,5,-37.0,-36.0,0,0.0,52000000
APP_pre_info,5,-36.0,-35.0,0,0.0,52000000
APP_pre_info,5,-35.0,-34.0,0,0.0,52000000
APP_pre_info,5,-34.0,-33.0,0,0.0,52000000
APP_pre_info,5,-33.0,-32.0,0,0.0,52000000
APP_pre_info,5,-32.0,-31.0,0,0.0,52000000
APP_pre_info,5,-31.0,-30.0,0,0.0,52000000
APP_pre_info,5,-30.0,-29.0,0,0.0,52000000
APP_pre_info,5,-29.0,-28.0,0,0.0,52000000
APP_pre_info,5,-28.0,-27.0,0,0.0,52000000
APP_pre_info,5,-27.0,-26.0,0,0.0,52000000
APP_pre_info,5,-26.0,-25.0,1,1.923076923076923e-08,52000000
APP_pre_info,5,-25.0,-24.0,0,0.0,52000000
APP_pre_info,5,-24.0,-23.0,2,3.846153846153846e-08,52000000
APP_pre_info,5,-23.0,-22.0,1,1.923076923076923e-08,52000000
APP_pre_info,5,-22.0,-21.0,2,3.846153846153846e-08,52000000
APP_pre_info,5,-21.0,-20.0,4,7.692307692307692e-08,52000000
APP_pre_info,5,-20.0,-19.0,4,7.692307692307692e-08,52000000
APP_pre_info,5,-19.0,-18.0,8,1.5384615384615385e-07,52000000
APP_pre_info,5,-18.0,-17.0,14,2.692307692307692e-07,52000000
APP_pre_info,5,-17.0,-16.0,31,5.961538461538461e-07,52000000
APP_pre_info,5,-16.0,-15.0,37,7.115384615384616e-07,52000000
APP_pre_info,5,-15.0,-14.0,75,1.4423076923076922e-06,52000000
APP_pre_info,5,-14.0,-13.0,97,1.8653846153846154e-06,52000000
APP_pre_info,5,-13.0,-12.0,184,3.5384615384615386e-06,52000000
APP_pre_info,5,-12.0,-11.0,312,6e-06,52000000
APP_pre_info,5,-11.0,-10.0,529,1.0173076923076923e-05,52000000
APP_pre_info,5,-10.0,-9.0,1069,2.0557692307692307e-05,52000000
APP_pre_info,5,-9.0,-8.0,1766,3.396153846153846e-05,52000000
APP_pre_info,5,-8.0,-7.0,3041,5.8480769230769233e-05,52000000
APP_pre_info,5,-7.0,-6.0,5066,9.742307692307692e-05,52000000
APP_pre_info,5,-6.0,-5.0,8421,0.00016194230769230768,52000000
APP_pre_info,5,-5.0,-4.0,13585,0.00026125,52000000
APP_pre_info,5,-4.0,-3.0,21036,0.00040453846153846155,52000000
APP_pre_info,5,-3.0,-2.0,30873,0.0005937115384615385,52000000
APP_pre_info,5,-2.0,-1.0,44223,0.0008504423076923077,52000000
APP_pre_info,5,-1.0,0.0,61731,0.0011871346153846153,52000000
APP_pre_info,5,0.0,1.0,86150,0.0016567307692307693,52000000
APP_pre_info,5,1.0,2.0,117463,0.0022589038461538462,52000000
APP_pre_info,5,2.0,3.0,159637,0.003069942307692308,52000000
APP_pre_info,5,3.0,4.0,215516,0.004144538461538462,52000000
APP_pre_info,5,4.0,5.0,285315,0.005486826923076923,52000000
APP_pre_info,5,5.0,6.0,368966,0.0070955,52000000
APP_pre_info,5,6.0,7.0,467445,0.008989326923076923,52000000
APP_pre_info,5,7.0,8.0,578806,0.011130884615384615,52000000
APP_pre_info,5,8.0,9.0,702049,0.013500942307692308,52000000
APP_pre_info,5,9.0,10.0,836312,0.016082923076923078,52000000
APP_pre_info,5,10.0,11.0,974782,0.018745807692307694,52000000
APP_pre_info,5,11.0,12.0,1121782,0.021572730769230768,52000000
APP_pre_info,5,12.0,13.0,1263089,0.024290173076923077,52000000
APP_pre_info,5,13.0,14.0,1400919,0.02694075,52000000
APP_pre_info,5,14.0,15.0,1533187,0.029484365384615383,52000000
APP_pre_info,5,15.0,16.0,1650937,0.03174878846153846,52000000
APP_pre_info,5,16.0,17.0,1754116,0.033733,52000000
APP_pre_info,5,17.0,18.0,1843409,0.035450173076923074,52000000
APP_pre_info,5,18.0,19.0,1915366,0.03683396153846154,52000000
APP_pre_info,5,19.0,20.0,1964658,0.03778188461538461,52000000
APP_pre_info,5,20.0,21.0,2001785,0.038495865384615385,52000000
APP_pre_info,5,21.0,22.0,2017752,0.038802923076923075,52000000
APP_pre_info,5,22.0,23.0,2015244,0.03875469230769231,52000000
APP_pre_info,5,23.0,24.0,1989019,0.03825036538461538,52000000
APP_pre_info,5,24.0,25.0,1953704,0.037571230769230766,52000000
APP_pre_info,5,25.0,26.0,1897292,0.036486384615384615,52000000
APP_pre_info,5,26.0,27.0,1828831,0.03516982692307692,52000000
APP_pre_info,5,27.0,28.0,1745464,0.03356661538461538,52000000
APP_pre_info,5,28.0,29.0,1655721,0.03184078846153846,52000000
APP_pre_info,5,29.0,30.0,1560630,0.030012115384615384,52000000
APP_pre_info,5,30.0,31.0,1458568,0.028049384615384615,52000000
APP_pre_info,5,31.0,32.0,1352784,0.026015076923076922,52000000
APP_pre_info,5,32.0,33.0,1247046,0.023981653846153847,52000000
APP_pre_info,5,33.0,34.0,1141909,0.02195978846153846,52000000
APP_pre_info,5,34.0,35.0,1040964,0.020018538461538463,52000000
APP_pre_info,5,35.0,36.0,943346,0.01814126923076923,52000000
APP_pre_info,5,36.0,37.0,848744,0.016322,52000000
APP_pre_info,5,37.0,38.0,759733,0.01461025,52000000
APP_pre_info,5,38.0,39.0,676768,0.01301476923076923,52000000
APP_pre_info,5,39.0,40.0,598690,0.011513269230769231,52000000
APP_pre_info,5,40.0,41.0,528976,0.010172615384615384,52000000
APP_pre_info,5,41.0,42.0,465158,0.008945346153846154,52000000
APP_pre_info,5,42.0,43.0,406092,0.0078094615384615386,52000000
APP_pre_info,5,43.0,44.0,353276,0.006793769230769231,52000000
APP_pre_info,5,44.0,45.0,306019,0.005884980769230769,52000000
APP_pre_info,5,45.0,46.0,264884,0.005093923076923077,52000000
APP_pre_info,5,46.0,47.0,228711,0.004398288461538461,52000000
APP_pre_info,5,47.0,48.0,195479,0.0037592115384615385,52000000
APP_pre_info,5,48.0,49.0,167942,0.003229653846153846,52000000
APP_pre_info,5,49.0,50.0,143549,0.0027605576923076924,52000000
APP_pre_info,5,50.0,51.0,122880,0.002363076923076923,52000000
APP_pre_info,5,51.0,52.0,104292,0.0020056153846153848,52000000
APP_pre_info,5,52.0,53.0,88251,0.0016971346153846153,52000000
APP_pre_info,5,53.0,54.0,74998,0.0014422692307692307,52000000
APP_pre_info,5,54.0,55.0,63409,0.0012194038461538462,52000000
APP_pre_info,5,55.0,56.0,53434,0.0010275769230769232,52000000
APP_pre_info,5,56.0,57.0,45047,0.0008662884615384615,52000000
APP_pre_info,5,57.0,58.0,38281,0.000736173076923077,52000000
APP_pre_info,5,58.0,59.0,31879,0.0006130576923076923,52000000
APP_pre_info,5,59.0,60.0,26808,0.0005155384615384615,52000000
APP_pre_info,5,60.0,61.0,22271,0.00042828846153846156,52000000
APP_pre_info,5,61.0,62.0,18656,0.00035876923076923076,52000000
APP_pre_info,5,62.0,63.0,15429,0.00029671153846153844,52000000
APP_pre_info,5,63.0,64.0,13173,0.00025332692307692306,52000000
APP_pre_info,5,64.0,65.0,10710,0.00020596153846153846,52000000
APP_pre_info,5,65.0,66.0,8769,0.0001686346153846154,52000000
APP_pre_info,5,66.0,67.0,7105,0.0001366346153846154,52000000
APP_pre_info,5,67.0,68.0,6061,0.00011655769230769231,52000000
APP_pre_info,5,68.0,69.0,5005,9.625e-05,52000000
APP_pre_info,5,69.0,70.0,3928,7.553846153846154e-05,52000000
APP_pre_info,5,70.0,71.0,3105,5.9711538461538464e-05,52000000
APP_pre_info,5,71.0,72.0,2550,4.9038461538461536e-05,52000000
APP_pre_info,5,72.0,73.0,1948,3.746153846153846e-05,52000000
APP_pre_info,5,73.0,74.0,1537,2.955769230769231e-05,52000000
APP_pre_info,5,74.0,75.0,1153,2.2173076923076923e-05,52000000
APP_pre_info,5,75.0,76.0,886,1.7038461538461538e-05,52000000
APP_pre_info,5,76.0,77.0,623,1.1980769230769231e-05,52000000
APP_pre_info,5,77.0,78.0,525,1.0096153846153845e-05,52000000
APP_pre_info,5,78.0,79.0,412,7.923076923076922e-06,52000000
APP_pre_info,5,79.0,80.0,296,5.692307692307692e-06,52000000
APP_pre_info,5,80.0,81.0,174,3.346153846153846e-06,52000000
APP_pre_info,5,81.0,82.0,116,2.2307692307692307e-06,52000000
APP_pre_info,5,82.0,83.0,94,1.8076923076923078e-06,52000000
APP_pre_info,5,83.0,84.0,41,7.884615384615385e-07,52000000
APP_pre_info,5,84.0,85.0,28,5.384615384615384e-07,52000000
APP_pre_info,5,85.0,86.0,15,2.8846153846153846e-07,52000000
APP_pre_info,5,86.0,87.0,6,1.1538461538461539e-07,52000000
APP_pre_info,5,87.0,88.0,6,1.1538461538461539e-07,52000000
APP_pre_info,5,88.0,89.0,1,1.923076923076923e-08,52000000
APP_pre_info,5,89.0,90.0,2,3.846153846153846e-08,52000000
APP_pre_info,5,90.0,91.0,0,0.0,52000000
APP_pre_info,5,91.0,92.0,0,0.0,52000000
APP_pre_info,5,92.0,93.0,0,0.0,52000000
APP_pre_info,5,93.0,94.0,0,0.0,52000000
APP_pre_info,5,94.0,95.0,0,0.0,52000000
APP_pre_info,5,95.0,96.0,0,0.0,52000000
APP_pre_info,5,96.0,97.0,0,0.0,52000000
APP_pre_info,5,97.0,98.0,0,0.0,52000000
APP_pre_info,5,98.0,99.0,0,0.0,52000000
APP_pre_info,5,99.0,100.0,0,0.0,52000000
APP_pre_info,5,100.0,101.0,0,0.0,52000000
APP_pre_info,5,101.0,102.0,0,0.0,52000000
APP_pre_info,5,102.0,103.0,0,0.0,52000000
APP_pre_info,5,103.0,104.0,0,0.0,52000000
APP_pre_info,5,104.0,105.0,0,0.0,52000000
APP_pre_info,5,105.0,106.0,0,0.0,52000000
APP_pre_info,5,106.0,107.0,0,0.0,52000000
APP_pre_info,5,107.0,108.0,0,0.0,52000000
APP_pre_info,5,108.0,109.0,0,0.0,52000000
APP_pre_info,5,109.0,110.0,0,0.0,52000000
APP_pre_info,5,110.0,111.0,0,0.0,52000000
APP_pre_info,5,111.0,112.0,0,0.0,52000000
APP_pre_info,5,112.0,113.0,0,0.0,52000000
APP_pre_info,5,113.0,114.0,0,0.0,52000000
APP_pre_info,5,114.0,115.0,0,0.0,52000000
APP_pre_info,5,115.0,116.0,0,0.0,52000000
APP_pre_info,5,116.0,117.0,0,0.0,52000000
APP_pre_info,5,117.0,118.0,0,0.0,52000000
APP_pre_info,5,118.0,119.0,0,0.0,52000000
APP_pre_info,5,119.0,120.0,0,0.0,52000000
APP_pre_info,50,-120.0,-119.0,0,0.0,52000000
APP_pre_info,50,-119.0,-118.0,0,0.0,52000000
APP_pre_info,50,-118.0,-117.0,0,0.0,52000000
APP_pre_info,50,-117.0,-116.0,0,0.0,52000000
APP_pre_info,50,-116.0,-115.0,0,0.0,52000000
APP_pre_info,50,-115.0,-114.0,0,0.0,52000000
APP_pre_info,50,-114.0,-113.0,0,0.0,52000000
APP_pre_info,50,-113.0,-112.0,0,0.0,52000000
APP_pre_info,50,-112.0,-111.0,0,0.0,52000000
APP_pre_info,50,-111.0,-110.0,0,0.0,52000000
APP_pre_info,50,-110.0,-109.0,0,0.0,52000000
APP_pre_info,50,-109.0,-108.0,0,0.0,52000000
APP_pre_info,50,-108.0,-107.0,0,0.0,52000000
APP_pre_info,50,-107.0,-106.0,0,0.0,52000000
APP_pre_info,50,-106.0,-105.0,0,0.0,52000000
APP_pre_info,50,-105.0,-104.0,0,0.0,52000000
APP_pre_info,50,-104.0,-103.0,0,0.0,52000000
APP_pre_info,50,-103.0,-102.0,0,0.0,52000000
APP_pre_info,50,-102.0,-101.0,0,0.0,52000000
APP_pre_info,50,-101.0,-100.0,0,0.0,52000000
APP_pre_info,50,-100.0,-99.0,0,0.0,52000000
APP_pre_info,50,-99.0,-98.0,0,0.0,52000000
APP_pre_info,50,-98.0,-97.0,0,0.0,52000000
APP_pre_info,50,-97.0,-96.0,0,0.0,52000000
APP_pre_info,50,-96.0,-95.0,0,0.0,52000000
APP_pre_info,50,-95.0,-94.0,0,0.0,52000000
APP_pre_info,50,-94.0,-93.0,0,0.0,52000000
APP_pre_info,50,-93.0,-92.0,0,0.0,52000000
APP_pre_info,50,-92.0,-91.0,0,0.0,52000000
APP_pre_info,50,-91.0,-90.0,0,0.0,52000000
APP_pre_info,50,-90.0,-89.0,0,0.0,52000000
APP_pre_info,50,-89.0,-88.0,0,0.0,52000000
APP_pre_info,50,-88.0,-87.0,0,0.0,52000000
APP_pre_info,50,-87.0,-86.0,0,0.0,52000000
APP_pre_info,50,-86.0,-85.0,0,0.0,52000000
APP_pre_info,50,-85.0,-84.0,0,0.0,52000000
APP_pre_info,50,-84.0,-83.0,0,0.0,52000000
APP_pre_info,50,-83.0,-82.0,0,0.0,52000000
APP_pre_info,50,-82.0,-81.0,0,0.0,52000000
APP_pre_info,50,-81.0,-80.0,0,0.0,52000000
APP_pre_info,50,-80.0,-79.0,0,0.0,52000000
APP_pre_info,50,-79.0,-78.0,0,0.0,52000000
APP_pre_info,50,-78.0,-77.0,0,0.0,52000000
APP_pre_info,50,-77.0,-76.0,0,0.0,52000000
APP_pre_info,50,-76.0,-75.0,0,0.0,52000000
APP_pre_info,50,-75.0,-74.0,0,0.0,52000000
APP_pre_info,50,-74.0,-73.0,0,0.0,52000000
APP_pre_info,50,-73.0,-72.0,0,0.0,52000000
APP_pre_info,50,-72.0,-71.0,0,0.0,52000000
APP_pre_info,50,-71.0,-70.0,0,0.0,52000000
APP_pre_info,50,-70.0,-69.0,0,0.0,52000000
APP_pre_info,50,-69.0,-68.0,0,0.0,52000000
APP_pre_info,50,-68.0,-67.0,0,0.0,52000000
APP_pre_info,50,-67.0,-66.0,0,0.0,52000000
APP_pre_info,50,-66.0,-65.0,0,0.0,52000000
APP_pre_info,50,-65.0,-64.0,0,0.0,52000000
APP_pre_info,50,-64.0,-63.0,0,0.0,52000000
APP_pre_info,50,-63.0,-62.0,0,0.0,52000000
APP_pre_info,50,-62.0,-61.0,0,0.0,52000000
APP_pre_info,50,-61.0,-60.0,0,0.0,52000000
APP_pre_info,50,-60.0,-59.0,0,0.0,52000000
APP_pre_info,50,-59.0,-58.0,0,0.0,52000000
APP_pre_info,50,-58.0,-57.0,0,0.0,52000000
APP_pre_info,50,-57.0,-56.0,0,0.0,52000000
APP_pre_info,50,-56.0,-55.0,0,0.0,52000000
APP_pre_info,50,-55.0,-54.0,0,0.0,52000000
APP_pre_info,50,-54.0,-53.0,0,0.0,52000000
APP_pre_info,50,-53.0,-52.0,0,0.0,52000000
APP_pre_info,50,-52.0,-51.0,0,0.0,52000000
APP_pre_info,50,-51.0,-50.0,0,0.0,52000000
APP_pre_info,50,-50.0,-49.0,0,0.0,52000000
APP_pre_info,50,-49.0,-48.0,2,3.846153846153846e-08,52000000
APP_pre_info,50,-48.0,-47.0,0,0.0,52000000
APP_pre_info,50,-47.0,-46.0,0,0.0,52000000
APP_pre_info,50,-46.0,-45.0,0,0.0,52000000
APP_pre_info,50,-45.0,-44.0,0,0.0,52000000
APP_pre_info,50,-44.0,-43.0,1,1.923076923076923e-08,52000000
APP_pre_info,50,-43.0,-42.0,0,0.0,52000000
APP_pre_info,50,-42.0,-41.0,0,0.0,52000000
APP_pre_info,50,-41.0,-40.0,0,0.0,52000000
APP_pre_info,50,-40.0,-39.0,0,0.0,52000000
APP_pre_info,50,-39.0,-38.0,2,3.846153846153846e-08,52000000
APP_pre_info,50,-38.0,-37.0,2,3.846153846153846e-08,52000000
APP_pre_info,50,-37.0,-36.0,1,1.923076923076923e-08,52000000
APP_pre_info,50,-36.0,-35.0,1,1.923076923076923e-08,52000000
APP_pre_info,50,-35.0,-34.0,6,1.1538461538461539e-07,52000000
APP_pre_info,50,-34.0,-33.0,2,3.846153846153846e-08,52000000
APP_pre_info,50,-33.0,-32.0,0,0.0,52000000
APP_pre_info,50,-32.0,-31.0,2,3.846153846153846e-08,52000000
APP_pre_info,50,-31.0,-30.0,6,1.1538461538461539e-07,52000000
APP_pre_info,50,-30.0,-29.0,6,1.1538461538461539e-07,52000000
APP_pre_info,50,-29.0,-28.0,3,5.7692307692307695e-08,52000000
APP_pre_info,50,-28.0,-27.0,2,3.846153846153846e-08,52000000
APP_pre_info,50,-27.0,-26.0,5,9.615384615384616e-08,52000000
APP_pre_info,50,-26.0,-25.0,6,1.1538461538461539e-07,52000000
APP_pre_info,50,-25.0,-24.0,11,2.1153846153846155e-07,52000000
APP_pre_info,50,-24.0,-23.0,6,1.1538461538461539e-07,52000000
APP_pre_info,50,-23.0,-22.0,12,2.3076923076923078e-07,52000000
APP_pre_info,50,-22.0,-21.0,6,1.1538461538461539e-07,52000000
APP_pre_info,50,-21.0,-20.0,8,1.5384615384615385e-07,52000000
APP_pre_info,50,-20.0,-19.0,16,3.076923076923077e-07,52000000
APP_pre_info,50,-19.0,-18.0,17,3.269230769230769e-07,52000000
APP_pre_info,50,-18.0,-17.0,19,3.653846153846154e-07,52000000
APP_pre_info,50,-17.0,-16.0,34,6.538461538461538e-07,52000000
APP_pre_info,50,-16.0,-15.0,43,8.26923076923077e-07,52000000
APP_pre_info,50,-15.0,-14.0,71,1.3653846153846153e-06,52000000
APP_pre_info,50,-14.0,-13.0,111,2.1346153846153844e-06,52000000
APP_pre_info,50,-13.0,-12.0,154,2.9615384615384614e-06,52000000
APP_pre_info,50,-12.0,-11.0,229,4.403846153846154e-06,52000000
APP_pre_info,50,-11.0,-10.0,396,7.615384615384615e-06,52000000
APP_pre_info,50,-10.0,-9.0,608,1.1692307692307693e-05,52000000
APP_pre_info,50,-9.0,-8.0,910,1.75e-05,52000000
APP_pre_info,50,-8.0,-7.0,1543,2.9673076923076922e-05,52000000
APP_pre_info,50,-7.0,-6.0,2556,4.9153846153846157e-05,52000000
APP_pre_info,50,-6.0,-5.0,4007,7.705769230769231e-05,52000000
APP_pre_info,50,-5.0,-4.0,6075,0.00011682692307692308,52000000
APP_pre_info,50,-4.0,-3.0,9077,0.0001745576923076923,52000000
APP_pre_info,50,-3.0,-2.0,12897,0.00024801923076923075,52000000
APP_pre_info,50,-2.0,-1.0,17198,0.00033073076923076925,52000000
APP_pre_info,50,-1.0,0.0,23079,0.0004438269230769231,52000000
APP_pre_info,50,0.0,1.0,37646,0.0007239615384615384,52000000
APP_pre_info,50,1.0,2.0,50967,0.0009801346153846154,52000000
APP_pre_info,50,2.0,3.0,69521,0.0013369423076923076,52000000
APP_pre_info,50,3.0,4.0,94774,0.001822576923076923,52000000
APP_pre_info,50,4.0,5.0,126855,0.002439519230769231,52000000
APP_pre_info,50,5.0,6.0,164408,0.0031616923076923076,52000000
APP_pre_info,50,6.0,7.0,209058,0.004020346153846154,52000000
APP_pre_info,50,7.0,8.0,260324,0.005006230769230769,52000000
APP_pre_info,50,8.0,9.0,317494,0.006105653846153846,52000000
APP_pre_info,50,9.0,10.0,381338,0.007333423076923077,52000000
APP_pre_info,50,10.0,11.0,451343,0.008679673076923076,52000000
APP_pre_info,50,11.0,12.0,529730,0.010187115384615385,52000000
APP_pre_info,50,12.0,13.0,615622,0.011838884615384616,52000000
APP_pre_info,50,13.0,14.0,707513,0.01360601923076923,52000000
APP_pre_info,50,14.0,15.0,807167,0.015522442307692308,52000000
APP_pre_info,50,15.0,16.0,914301,0.01758271153846154,52000000
APP_pre_info,50,16.0,17.0,1023681,0.019686173076923077,52000000
APP_pre_info,50,17.0,18.0,1138715,0.021898365384615384,52000000
APP_pre_info,50,18.0,19.0,1250532,0.02404869230769231,52000000
APP_pre_info,50,19.0,20.0,1357746,0.0261105,52000000
APP_pre_info,50,20.0,21.0,1460056,0.028078,52000000
APP_pre_info,50,21.0,22.0,1550719,0.02982151923076923,52000000
APP_pre_info,50,22.0,23.0,1629066,0.03132819230769231,52000000
APP_pre_info,50,23.0,24.0,1690678,0.03251303846153846,52000000
APP_pre_info,50,24.0,25.0,1736325,0.03339086538461539,52000000
APP_pre_info,50,25.0,26.0,1762453,0.03389332692307692,52000000
APP_pre_info,50,26.0,27.0,1775202,0.0341385,52000000
APP_pre_info,50,27.0,28.0,1765542,0.03395273076923077,52000000
APP_pre_info,50,28.0,29.0,1744564,0.03354930769230769,52000000
APP_pre_info,50,29.0,30.0,1712939,0.032941134615384615,52000000
APP_pre_info,50,30.0,31.0,1667756,0.03207223076923077,52000000
APP_pre_info,50,31.0,32.0,1612565,0.031010865384615383,52000000
APP_pre_info,50,32.0,33.0,1548303,0.02977505769230769,52000000
APP_pre_info,50,33.0,34.0,1477480,0.028413076923076923,52000000
APP_pre_info,50,34.0,35.0,1403272,0.026986,52000000
APP_pre_info,50,35.0,36.0,1324299,0.02546728846153846,52000000
APP_pre_info,50,36.0,37.0,1244015,0.023923365384615383,52000000
APP_pre_info,50,37.0,38.0,1161293,0.022332557692307693,52000000
APP_pre_info,50,38.0,39.0,1083912,0.020844461538461537,52000000
APP_pre_info,50,39.0,40.0,1004890,0.019324807692307693,52000000
APP_pre_info,50,40.0,41.0,928988,0.017865153846153847,52000000
APP_pre_info,50,41.0,42.0,856593,0.016472942307692306,52000000
APP_pre_info,50,42.0,43.0,787978,0.015153423076923076,52000000
APP_pre_info,50,43.0,44.0,721368,0.013872461538461538,52000000
APP_pre_info,50,44.0,45.0,661166,0.01271473076923077,52000000
APP_pre_info,50,45.0,46.0,606987,0.011672826923076923,52000000
APP_pre_info,50,46.0,47.0,557036,0.010712230769230769,52000000
APP_pre_info,50,47.0,48.0,512463,0.009855057692307692,52000000
APP_pre_info,50,48.0,49.0,470832,0.009054461538461539,52000000
APP_pre_info,50,49.0,50.0,434550,0.008356730769230769,52000000
APP_pre_info,50,50.0,51.0,401589,0.0077228653846153844,52000000
APP_pre_info,50,51.0,52.0,370331,0.00712175,52000000
APP_pre_info,50,52.0,53.0,342680,0.00659,52000000
APP_pre_info,50,53.0,54.0,316264,0.006082,52000000
APP_pre_info,50,54.0,55.0,291336,0.005602615384615385,52000000
APP_pre_info,50,55.0,56.0,267729,0.005148634615384616,52000000
APP_pre_info,50,56.0,57.0,245272,0.004716769230769231,52000000
APP_pre_info,50,57.0,58.0,226135,0.00434875,52000000
APP_pre_info,50,58.0,59.0,207496,0.003990307692307692,52000000
APP_pre_info,50,59.0,60.0,191569,0.0036840192307692307,52000000
APP_pre_info,50,60.0,61.0,178028,0.0034236153846153848,52000000
APP_pre_info,50,61.0,62.0,165329,0.003179403846153846,52000000
APP_pre_info,50,62.0,63.0,154758,0.0029761153846153848,52000000
APP_pre_info,50,63.0,64.0,144465,0.002778173076923077,52000000
APP_pre_info,50,64.0,65.0,134871,0.0025936730769230767,52000000
APP_pre_info,50,65.0,66.0,124847,0.002400903846153846,52000000
APP_pre_info,50,66.0,67.0,115238,0.0022161153846153845,52000000
APP_pre_info,50,67.0,68.0,104346,0.002006653846153846,52000000
APP_pre_info,50,68.0,69.0,93065,0.0017897115384615384,52000000
APP_pre_info,50,69.0,70.0,81409,0.0015655576923076923,52000000
APP_pre_info,50,70.0,71.0,70093,0.0013479423076923076,52000000
APP_pre_info,50,71.0,72.0,59236,0.0011391538461538462,52000000
APP_pre_info,50,72.0,73.0,48917,0.0009407115384615385,52000000
APP_pre_info,50,73.0,74.0,40513,0.0007790961538461539,52000000
APP_pre_info,50,74.0,75.0,33152,0.0006375384615384615,52000000
APP_pre_info,50,75.0,76.0,26687,0.0005132115384615384,52000000
APP_pre_info,50,76.0,77.0,21524,0.0004139230769230769,52000000
APP_pre_info,50,77.0,78.0,17361,0.0003338653846153846,52000000
APP_pre_info,50,78.0,79.0,13563,0.0002608269230769231,52000000
APP_pre_info,50,79.0,80.0,10341,0.00019886538461538463,52000000
APP_pre_info,50,80.0,81.0,7568,0.00014553846153846154,52000000
APP_pre_info,50,81.0,82.0,5232,0.00010061538461538461,52000000
APP_pre_info,50,82.0,83.0,3395,6.528846153846154e-05,52000000
APP_pre_info,50,83.0,84.0,2182,4.196153846153846e-05,52000000
APP_pre_info,50,84.0,85.0,1186,2.2807692307692307e-05,52000000
APP_pre_info,50,85.0,86.0,629,1.2096153846153847e-05,52000000
APP_pre_info,50,86.0,87.0,291,5.596153846153846e-06,52000000
APP_pre_info,50,87.0,88.0,136,2.6153846153846154e-06,52000000
APP_pre_info,50,88.0,89.0,59,1.1346153846153847e-06,52000000
APP_pre_info,50,89.0,90.0,16,3.076923076923077e-07,52000000
APP_pre_info,50,90.0,91.0,6,1.1538461538461539e-07,52000000
APP_pre_info,50,91.0,92.0,1,1.923076923076923e-08,52000000
APP_pre_info,50,92.0,93.0,0,0.0,52000000
APP_pre_info,50,93.0,94.0,0,0.0,52000000
APP_pre_info,50,94.0,95.0,0,0.0,52000000
APP_pre_info,50,95.0,96.0,0,0.0,52000000
APP_pre_info,50,96.0,97.0,0,0.0,52000000
APP_pre_info,50,97.0,98.0,0,0.0,52000000
APP_pre_info,50,98.0,99.0,0,0.0,52000000
APP_pre_info,50,99.0,100.0,0,0.0,52000000
APP_pre_info,50,100.0,101.0,0,0.0,52000000
APP_pre_info,50,101.0,102.0,0,0.0,52000000
APP_pre_info,50,102.0,103.0,0,0.0,52000000
APP_pre_info,50,103.0,104.0,0,0.0,52000000
APP_pre_info,50,104.0,105.0,0,0.0,52000000
APP_pre_info,50,105.0,106.0,0,0.0,52000000
APP_pre_info,50,106.0,107.0,0,0.0,52000000
APP_pre_info,50,107.0,108.0,0,0.0,52000000
APP_pre_info,50,108.0,109.0,0,0.0,52000000
APP_pre_info,50,109.0,110.0,0,0.0,52000000
APP_pre_info,50,110.0,111.0,0,0.0,52000000
APP_pre_info,50,111.0,112.0,0,0.0,52000000
APP_pre_info,50,112.0,113.0,0,0.0,52000000
APP_pre_info,50,113.0,114.0,0,0.0,52000000
APP_pre_info,50,114.0,115.0,0,0.0,52000000
APP_pre_info,50,115.0,116.0,0,0.0,52000000
APP_pre_info,50,116.0,117.0,0,0.0,52000000
APP_pre_info,50,117.0,118.0,0,0.0,52000000
APP_pre_info,50,118.0,119.0,0,0.0,52000000
APP_pre_info,50,119.0,120.0,0,0.0,52000000
