message,call,bin_lower,bin_upper,count,density,observations
U_pre_info,1,-120.0,-119.0,0,0.0,52000000
U_pre_info,1,-119.0,-118.0,0,0.0,52000000
U_pre_info,1,-118.0,-117.0,0,0.0,52000000
U_pre_info,1,-117.0,-116.0,0,0.0,52000000
U_pre_info,1,-116.0,-115.0,0,0.0,52000000
U_pre_info,1,-115.0,-114.0,0,0.0,52000000
U_pre_info,1,-114.0,-113.0,0,0.0,52000000
U_pre_info,1,-113.0,-112.0,0,0.0,52000000
U_pre_info,1,-112.0,-111.0,0,0.0,52000000
U_pre_info,1,-111.0,-110.0,0,0.0,52000000
U_pre_info,1,-110.0,-109.0,0,0.0,52000000
U_pre_info,1,-109.0,-108.0,0,0.0,52000000
U_pre_info,1,-108.0,-107.0,0,0.0,52000000
U_pre_info,1,-107.0,-106.0,0,0.0,52000000
U_pre_info,1,-106.0,-105.0,0,0.0,52000000
U_pre_info,1,-105.0,-104.0,0,0.0,52000000
U_pre_info,1,-104.0,-103.0,0,0.0,52000000
U_pre_info,1,-103.0,-102.0,0,0.0,52000000
U_pre_info,1,-102.0,-101.0,0,0.0,52000000
U_pre_info,1,-101.0,-100.0,0,0.0,52000000
U_pre_info,1,-100.0,-99.0,0,0.0,52000000
U_pre_info,1,-99.0,-98.0,0,0.0,52000000
U_pre_info,1,-98.0,-97.0,0,0.0,52000000
U_pre_info,1,-97.0,-96.0,0,0.0,52000000
U_pre_info,1,-96.0,-95.0,0,0.0,52000000
U_pre_info,1,-95.0,-94.0,0,0.0,52000000
U_pre_info,1,-94.0,-93.0,0,0.0,52000000
U_pre_info,1,-93.0,-92.0,0,0.0,52000000
U_pre_info,1,-92.0,-91.0,0,0.0,52000000
U_pre_info,1,-91.0,-90.0,0,0.0,52000000
U_pre_info,1,-90.0,-89.0,0,0.0,52000000
U_pre_info,1,-89.0,-88.0,0,0.0,52000000
U_pre_info,1,-88.0,-87.0,0,0.0,52000000
U_pre_info,1,-87.0,-86.0,0,0.0,52000000
U_pre_info,1,-86.0,-85.0,0,0.0,52000000
U_pre_info,1,-85.0,-84.0,0,0.0,52000000
U_pre_info,1,-84.0,-83.0,0,0.0,52000000
U_pre_info,1,-83.0,-82.0,0,0.0,52000000
U_pre_info,1,-82.0,-81.0,0,0.0,52000000
U_pre_info,1,-81.0,-80.0,0,0.0,52000000
U_pre_info,1,-80.0,-79.0,0,0.0,52000000
U_pre_info,1,-79.0,-78.0,0,0.0,52000000
U_pre_info,1,-78.0,-77.0,0,0.0,52000000
U_pre_info,1,-77.0,-76.0,0,0.0,52000000
U_pre_info,1,-76.0,-75.0,0,0.0,52000000
U_pre_info,1,-75.0,-74.0,0,0.0,52000000
U_pre_info,1,-74.0,-73.0,0,0.0,52000000
U_pre_info,1,-73.0,-72.0,0,0.0,52000000
U_pre_info,1,-72.0,-71.0,0,0.0,52000000
U_pre_info,1,-71.0,-70.0,0,0.0,52000000
U_pre_info,1,-70.0,-69.0,0,0.0,52000000
U_pre_info,1,-69.0,-68.0,0,0.0,52000000
U_pre_info,1,-68.0,-67.0,0,0.0,52000000
U_pre_info,1,-67.0,-66.0,0,0.0,52000000
U_pre_info,1,-66.0,-65.0,0,0.0,52000000
U_pre_info,1,-65.0,-64.0,0,0.0,52000000
U_pre_info,1,-64.0,-63.0,0,0.0,52000000
U_pre_info,1,-63.0,-62.0,0,0.0,52000000
U_pre_info,1,-62.0,-61.0,0,0.0,52000000
U_pre_info,1,-61.0,-60.0,0,0.0,52000000
U_pre_info,1,-60.0,-59.0,0,0.0,52000000
U_pre_info,1,-59.0,-58.0,0,0.0,52000000
U_pre_info,1,-58.0,-57.0,0,0.0,52000000
U_pre_info,1,-57.0,-56.0,0,0.0,52000000
U_pre_info,1,-56.0,-55.0,0,0.0,52000000
U_pre_info,1,-55.0,-54.0,0,0.0,52000000
U_pre_info,1,-54.0,-53.0,0,0.0,52000000
U_pre_info,1,-53.0,-52.0,0,0.0,52000000
U_pre_info,1,-52.0,-51.0,0,0.0,52000000
U_pre_info,1,-51.0,-50.0,0,0.0,52000000
U_pre_info,1,-50.0,-49.0,0,0.0,52000000
U_pre_info,1,-49.0,-48.0,0,0.0,52000000
U_pre_info,1,-48.0,-47.0,1,1.923076923076923e-08,52000000
U_pre_info,1,-47.0,-46.0,1,1.923076923076923e-08,52000000
U_pre_info,1,-46.0,-45.0,0,0.0,52000000
U_pre_info,1,-45.0,-44.0,0,0.0,52000000
U_pre_info,1,-44.0,-43.0,1,1.923076923076923e-08,52000000
U_pre_info,1,-43.0,-42.0,1,1.923076923076923e-08,52000000
U_pre_info,1,-42.0,-41.0,0,0.0,52000000
U_pre_info,1,-41.0,-40.0,0,0.0,52000000
U_pre_info,1,-40.0,-39.0,0,0.0,52000000
U_pre_info,1,-39.0,-38.0,0,0.0,52000000
U_pre_info,1,-38.0,-37.0,1,1.923076923076923e-08,52000000
U_pre_info,1,-37.0,-36.0,0,0.0,52000000
U_pre_info,1,-36.0,-35.0,0,0.0,52000000
U_pre_info,1,-35.0,-34.0,0,0.0,52000000
U_pre_info,1,-34.0,-33.0,6,1.1538461538461539e-07,52000000
U_pre_info,1,-33.0,-32.0,1,1.923076923076923e-08,52000000
U_pre_info,1,-32.0,-31.0,2,3.846153846153846e-08,52000000
U_pre_info,1,-31.0,-30.0,5,9.615384615384616e-08,52000000
U_pre_info,1,-30.0,-29.0,6,1.1538461538461539e-07,52000000
U_pre_info,1,-29.0,-28.0,1,1.923076923076923e-08,52000000
U_pre_info,1,-28.0,-27.0,3,5.7692307692307695e-08,52000000
U_pre_info,1,-27.0,-26.0,3,5.7692307692307695e-08,52000000
U_pre_info,1,-26.0,-25.0,9,1.7307692307692308e-07,52000000
U_pre_info,1,-25.0,-24.0,10,1.9230769230769231e-07,52000000
U_pre_info,1,-24.0,-23.0,7,1.346153846153846e-07,52000000
U_pre_info,1,-23.0,-22.0,7,1.346153846153846e-07,52000000
U_pre_info,1,-22.0,-21.0,13,2.5e-07,52000000
U_pre_info,1,-21.0,-20.0,11,2.1153846153846155e-07,52000000
U_pre_info,1,-20.0,-19.0,7,1.346153846153846e-07,52000000
U_pre_info,1,-19.0,-18.0,8,1.5384615384615385e-07,52000000
U_pre_info,1,-18.0,-17.0,15,2.8846153846153846e-07,52000000
U_pre_info,1,-17.0,-16.0,23,4.4230769230769233e-07,52000000
U_pre_info,1,-16.0,-15.0,31,5.961538461538461e-07,52000000
U_pre_info,1,-15.0,-14.0,45,8.653846153846154e-07,52000000
U_pre_info,1,-14.0,-13.0,50,9.615384615384615e-07,52000000
U_pre_info,1,-13.0,-12.0,104,2e-06,52000000
U_pre_info,1,-12.0,-11.0,158,3.0384615384615383e-06,52000000
U_pre_info,1,-11.0,-10.0,335,6.442307692307692e-06,52000000
U_pre_info,1,-10.0,-9.0,590,1.1346153846153847e-05,52000000
U_pre_info,1,-9.0,-8.0,1243,2.3903846153846153e-05,52000000
U_pre_info,1,-8.0,-7.0,2398,4.6115384615384614e-05,52000000
U_pre_info,1,-7.0,-6.0,5105,9.817307692307693e-05,52000000
U_pre_info,1,-6.0,-5.0,10109,0.00019440384615384616,52000000
U_pre_info,1,-5.0,-4.0,20172,0.00038792307692307694,52000000
U_pre_info,1,-4.0,-3.0,39060,0.0007511538461538462,52000000
U_pre_info,1,-3.0,-2.0,71417,0.0013734038461538462,52000000
U_pre_info,1,-2.0,-1.0,123021,0.0023657884615384617,52000000
U_pre_info,1,-1.0,0.0,199246,0.003831653846153846,52000000
U_pre_info,1,0.0,1.0,298955,0.005749134615384615,52000000
U_pre_info,1,1.0,2.0,422229,0.008119788461538461,52000000
U_pre_info,1,2.0,3.0,560930,0.010787115384615385,52000000
U_pre_info,1,3.0,4.0,709482,0.013643884615384615,52000000
U_pre_info,1,4.0,5.0,863337,0.016602634615384616,52000000
U_pre_info,1,5.0,6.0,1017640,0.01957,52000000
U_pre_info,1,6.0,7.0,1169862,0.022497346153846152,52000000
U_pre_info,1,7.0,8.0,1330280,0.025582307692307692,52000000
U_pre_info,1,8.0,9.0,1482257,0.028504942307692308,52000000
U_pre_info,1,9.0,10.0,1632513,0.03139448076923077,52000000
U_pre_info,1,10.0,11.0,1771915,0.03407528846153846,52000000
U_pre_info,1,11.0,12.0,1888251,0.03631251923076923,52000000
U_pre_info,1,12.0,13.0,1981255,0.03810105769230769,52000000
U_pre_info,1,13.0,14.0,2045290,0.0393325,52000000
U_pre_info,1,14.0,15.0,2080308,0.04000592307692308,52000000
U_pre_info,1,15.0,16.0,2084580,0.04008807692307692,52000000
U_pre_info,1,16.0,17.0,2060390,0.039622884615384615,52000000
U_pre_info,1,17.0,18.0,2008344,0.038622,52000000
U_pre_info,1,18.0,19.0,1938006,0.03726934615384615,52000000
U_pre_info,1,19.0,20.0,1853501,0.03564425,52000000
U_pre_info,1,20.0,21.0,1761453,0.03387409615384615,52000000
U_pre_info,1,21.0,22.0,1658486,0.03189396153846154,52000000
U_pre_info,1,22.0,23.0,1552173,0.02984948076923077,52000000
U_pre_info,1,23.0,24.0,1446685,0.027820865384615385,52000000
U_pre_info,1,24.0,25.0,1341295,0.025794134615384615,52000000
U_pre_info,1,25.0,26.0,1241724,0.023879307692307693,52000000
U_pre_info,1,26.0,27.0,1148162,0.02208003846153846,52000000
U_pre_info,1,27.0,28.0,1060641,0.020396942307692307,52000000
U_pre_info,1,28.0,29.0,977886,0.0188055,52000000
U_pre_info,1,29.0,30.0,896579,0.017241903846153848,52000000
U_pre_info,1,30.0,31.0,818431,0.01573905769230769,52000000
U_pre_info,1,31.0,32.0,743163,0.014291596153846153,52000000
U_pre_info,1,32.0,33.0,669277,0.01287071153846154,52000000
U_pre_info,1,33.0,34.0,602244,0.011581615384615385,52000000
U_pre_info,1,34.0,35.0,542442,0.010431576923076924,52000000
U_pre_info,1,35.0,36.0,491300,0.009448076923076924,52000000
U_pre_info,1,36.0,37.0,448642,0.00862773076923077,52000000
U_pre_info,1,37.0,38.0,413742,0.007956576923076924,52000000
U_pre_info,1,38.0,39.0,384249,0.007389403846153846,52000000
U_pre_info,1,39.0,40.0,360313,0.006929096153846154,52000000
U_pre_info,1,40.0,41.0,339208,0.006523230769230769,52000000
U_pre_info,1,41.0,42.0,320336,0.006160307692307692,52000000
U_pre_info,1,42.0,43.0,301679,0.005801519230769231,52000000
U_pre_info,1,43.0,44.0,281036,0.0054045384615384615,52000000
U_pre_info,1,44.0,45.0,258859,0.004978057692307692,52000000
U_pre_info,1,45.0,46.0,234208,0.004504,52000000
U_pre_info,1,46.0,47.0,208754,0.0040145,52000000
U_pre_info,1,47.0,48.0,186419,0.003584980769230769,52000000
U_pre_info,1,48.0,49.0,165116,0.003175307692307692,52000000
U_pre_info,1,49.0,50.0,150134,0.0028871923076923076,52000000
U_pre_info,1,50.0,51.0,141084,0.002713153846153846,52000000
U_pre_info,1,51.0,52.0,134859,0.002593442307692308,52000000
U_pre_info,1,52.0,53.0,131453,0.002527942307692308,52000000
U_pre_info,1,53.0,54.0,129510,0.002490576923076923,52000000
U_pre_info,1,54.0,55.0,128664,0.0024743076923076923,52000000
U_pre_info,1,55.0,56.0,124890,0.0024017307692307693,52000000
U_pre_info,1,56.0,57.0,117924,0.0022677692307692308,52000000
U_pre_info,1,57.0,58.0,107312,0.0020636923076923076,52000000
U_pre_info,1,58.0,59.0,92150,0.0017721153846153846,52000000
U_pre_info,1,59.0,60.0,73480,0.0014130769230769231,52000000
U_pre_info,1,60.0,61.0,55453,0.001066403846153846,52000000
U_pre_info,1,61.0,62.0,37641,0.0007238653846153846,52000000
U_pre_info,1,62.0,63.0,23451,0.0004509807692307692,52000000
U_pre_info,1,63.0,64.0,13418,0.0002580384615384615,52000000
U_pre_info,1,64.0,65.0,6721,0.00012925,52000000
U_pre_info,1,65.0,66.0,3030,5.826923076923077e-05,52000000
U_pre_info,1,66.0,67.0,1187,2.2826923076923076e-05,52000000
U_pre_info,1,67.0,68.0,403,7.75e-06,52000000
U_pre_info,1,68.0,69.0,140,2.6923076923076923e-06,52000000
U_pre_info,1,69.0,70.0,35,6.730769230769231e-07,52000000
U_pre_info,1,70.0,71.0,7,1.346153846153846e-07,52000000
U_pre_info,1,71.0,72.0,1,1.923076923076923e-08,52000000
U_pre_info,1,72.0,73.0,0,0.0,52000000
U_pre_info,1,73.0,74.0,0,0.0,52000000
U_pre_info,1,74.0,75.0,0,0.0,52000000
U_pre_info,1,75.0,76.0,0,0.0,52000000
U_pre_info,1,76.0,77.0,0,0.0,52000000
U_pre_info,1,77.0,78.0,0,0.0,52000000
U_pre_info,1,78.0,79.0,0,0.0,52000000
U_pre_info,1,79.0,80.0,0,0.0,52000000
U_pre_info,1,80.0,81.0,0,0.0,52000000
U_pre_info,1,81.0,82.0,0,0.0,52000000
U_pre_info,1,82.0,83.0,0,0.0,52000000
U_pre_info,1,83.0,84.0,0,0.0,52000000
U_pre_info,1,84.0,85.0,0,0.0,52000000
U_pre_info,1,85.0,86.0,0,0.0,52000000
U_pre_info,1,86.0,87.0,0,0.0,52000000
U_pre_info,1,87.0,88.0,0,0.0,52000000
U_pre_info,1,88.0,89.0,0,0.0,52000000
U_pre_info,1,89.0,90.0,0,0.0,52000000
U_pre_info,1,90.0,91.0,0,0.0,52000000
U_pre_info,1,91.0,92.0,0,0.0,52000000
U_pre_info,1,92.0,93.0,0,0.0,52000000
U_pre_info,1,93.0,94.0,0,0.0,52000000
U_pre_info,1,94.0,95.0,0,0.0,52000000
U_pre_info,1,95.0,96.0,0,0.0,52000000
U_pre_info,1,96.0,97.0,0,0.0,52000000
U_pre_info,1,97.0,98.0,0,0.0,52000000
U_pre_info,1,98.0,99.0,0,0.0,52000000
U_pre_info,1,99.0,100.0,0,0.0,52000000
U_pre_info,1,100.0,101.0,0,0.0,52000000
U_pre_info,1,101.0,102.0,0,0.0,52000000
U_pre_info,1,102.0,103.0,0,0.0,52000000
U_pre_info,1,103.0,104.0,0,0.0,52000000
U_pre_info,1,104.0,105.0,0,0.0,52000000
U_pre_info,1,105.0,106.0,0,0.0,52000000
U_pre_info,1,106.0,107.0,0,0.0,52000000
U_pre_info,1,107.0,108.0,0,0.0,52000000
U_pre_info,1,108.0,109.0,0,0.0,52000000
U_pre_info,1,109.0,110.0,0,0.0,52000000
U_pre_info,1,110.0,111.0,0,0.0,52000000
U_pre_info,1,111.0,112.0,0,0.0,52000000
U_pre_info,1,112.0,113.0,0,0.0,52000000
U_pre_info,1,113.0,114.0,0,0.0,52000000
U_pre_info,1,114.0,115.0,0,0.0,52000000
U_pre_info,1,115.0,116.0,0,0.0,52000000
U_pre_info,1,116.0,117.0,0,0.0,52000000
U_pre_info,1,117.0,118.0,0,0.0,52000000
U_pre_info,1,118.0,119.0,0,0.0,52000000
U_pre_info,1,119.0,120.0,0,0.0,52000000
U_pre_info,2,-120.0,-119.0,0,0.0,52000000
U_pre_info,2,-119.0,-118.0,0,0.0,52000000
U_pre_info,2,-118.0,-117.0,0,0.0,52000000
U_pre_info,2,-117.0,-116.0,0,0.0,52000000
U_pre_info,2,-116.0,-115.0,0,0.0,52000000
U_pre_info,2,-115.0,-114.0,0,0.0,52000000
U_pre_info,2,-114.0,-113.0,0,0.0,52000000
U_pre_info,2,-113.0,-112.0,0,0.0,52000000
U_pre_info,2,-112.0,-111.0,0,0.0,52000000
U_pre_info,2,-111.0,-110.0,0,0.0,52000000
U_pre_info,2,-110.0,-109.0,0,0.0,52000000
U_pre_info,2,-109.0,-108.0,0,0.0,52000000
U_pre_info,2,-108.0,-107.0,0,0.0,52000000
U_pre_info,2,-107.0,-106.0,0,0.0,52000000
U_pre_info,2,-106.0,-105.0,0,0.0,52000000
U_pre_info,2,-105.0,-104.0,0,0.0,52000000
U_pre_info,2,-104.0,-103.0,0,0.0,52000000
U_pre_info,2,-103.0,-102.0,0,0.0,52000000
U_pre_info,2,-102.0,-101.0,0,0.0,52000000
U_pre_info,2,-101.0,-100.0,0,0.0,52000000
U_pre_info,2,-100.0,-99.0,0,0.0,52000000
U_pre_info,2,-99.0,-98.0,0,0.0,52000000
U_pre_info,2,-98.0,-97.0,0,0.0,52000000
U_pre_info,2,-97.0,-96.0,0,0.0,52000000
U_pre_info,2,-96.0,-95.0,0,0.0,52000000
U_pre_info,2,-95.0,-94.0,0,0.0,52000000
U_pre_info,2,-94.0,-93.0,0,0.0,52000000
U_pre_info,2,-93.0,-92.0,0,0.0,52000000
U_pre_info,2,-92.0,-91.0,0,0.0,52000000
U_pre_info,2,-91.0,-90.0,0,0.0,52000000
U_pre_info,2,-90.0,-89.0,0,0.0,52000000
U_pre_info,2,-89.0,-88.0,0,0.0,52000000
U_pre_info,2,-88.0,-87.0,0,0.0,52000000
U_pre_info,2,-87.0,-86.0,0,0.0,52000000
U_pre_info,2,-86.0,-85.0,0,0.0,52000000
U_pre_info,2,-85.0,-84.0,0,0.0,52000000
U_pre_info,2,-84.0,-83.0,0,0.0,52000000
U_pre_info,2,-83.0,-82.0,0,0.0,52000000
U_pre_info,2,-82.0,-81.0,0,0.0,52000000
U_pre_info,2,-81.0,-80.0,0,0.0,52000000
U_pre_info,2,-80.0,-79.0,0,0.0,52000000
U_pre_info,2,-79.0,-78.0,0,0.0,52000000
U_pre_info,2,-78.0,-77.0,0,0.0,52000000
U_pre_info,2,-77.0,-76.0,0,0.0,52000000
U_pre_info,2,-76.0,-75.0,0,0.0,52000000
U_pre_info,2,-75.0,-74.0,0,0.0,52000000
U_pre_info,2,-74.0,-73.0,0,0.0,52000000
U_pre_info,2,-73.0,-72.0,0,0.0,52000000
U_pre_info,2,-72.0,-71.0,0,0.0,52000000
U_pre_info,2,-71.0,-70.0,0,0.0,52000000
U_pre_info,2,-70.0,-69.0,0,0.0,52000000
U_pre_info,2,-69.0,-68.0,0,0.0,52000000
U_pre_info,2,-68.0,-67.0,0,0.0,52000000
U_pre_info,2,-67.0,-66.0,0,0.0,52000000
U_pre_info,2,-66.0,-65.0,0,0.0,52000000
U_pre_info,2,-65.0,-64.0,0,0.0,52000000
U_pre_info,2,-64.0,-63.0,0,0.0,52000000
U_pre_info,2,-63.0,-62.0,0,0.0,52000000
U_pre_info,2,-62.0,-61.0,1,1.923076923076923e-08,52000000
U_pre_info,2,-61.0,-60.0,0,0.0,52000000
U_pre_info,2,-60.0,-59.0,0,0.0,52000000
U_pre_info,2,-59.0,-58.0,0,0.0,52000000
U_pre_info,2,-58.0,-57.0,0,0.0,52000000
U_pre_info,2,-57.0,-56.0,0,0.0,52000000
U_pre_info,2,-56.0,-55.0,1,1.923076923076923e-08,52000000
U_pre_info,2,-55.0,-54.0,0,0.0,52000000
U_pre_info,2,-54.0,-53.0,1,1.923076923076923e-08,52000000
U_pre_info,2,-53.0,-52.0,0,0.0,52000000
U_pre_info,2,-52.0,-51.0,0,0.0,52000000
U_pre_info,2,-51.0,-50.0,0,0.0,52000000
U_pre_info,2,-50.0,-49.0,0,0.0,52000000
U_pre_info,2,-49.0,-48.0,0,0.0,52000000
U_pre_info,2,-48.0,-47.0,0,0.0,52000000
U_pre_info,2,-47.0,-46.0,0,0.0,52000000
U_pre_info,2,-46.0,-45.0,0,0.0,52000000
U_pre_info,2,-45.0,-44.0,0,0.0,52000000
U_pre_info,2,-44.0,-43.0,0,0.0,52000000
U_pre_info,2,-43.0,-42.0,0,0.0,52000000
U_pre_info,2,-42.0,-41.0,1,1.923076923076923e-08,52000000
U_pre_info,2,-41.0,-40.0,1,1.923076923076923e-08,52000000
U_pre_info,2,-40.0,-39.0,1,1.923076923076923e-08,52000000
U_pre_info,2,-39.0,-38.0,0,0.0,52000000
U_pre_info,2,-38.0,-37.0,1,1.923076923076923e-08,52000000
U_pre_info,2,-37.0,-36.0,1,1.923076923076923e-08,52000000
U_pre_info,2,-36.0,-35.0,1,1.923076923076923e-08,52000000
U_pre_info,2,-35.0,-34.0,2,3.846153846153846e-08,52000000
U_pre_info,2,-34.0,-33.0,3,5.7692307692307695e-08,52000000
U_pre_info,2,-33.0,-32.0,3,5.7692307692307695e-08,52000000
U_pre_info,2,-32.0,-31.0,3,5.7692307692307695e-08,52000000
U_pre_info,2,-31.0,-30.0,1,1.923076923076923e-08,52000000
U_pre_info,2,-30.0,-29.0,3,5.7692307692307695e-08,52000000
U_pre_info,2,-29.0,-28.0,6,1.1538461538461539e-07,52000000
U_pre_info,2,-28.0,-27.0,5,9.615384615384616e-08,52000000
U_pre_info,2,-27.0,-26.0,7,1.346153846153846e-07,52000000
U_pre_info,2,-26.0,-25.0,4,7.692307692307692e-08,52000000
U_pre_info,2,-25.0,-24.0,6,1.1538461538461539e-07,52000000
U_pre_info,2,-24.0,-23.0,8,1.5384615384615385e-07,52000000
U_pre_info,2,-23.0,-22.0,7,1.346153846153846e-07,52000000
U_pre_info,2,-22.0,-21.0,12,2.3076923076923078e-07,52000000
U_pre_info,2,-21.0,-20.0,15,2.8846153846153846e-07,52000000
U_pre_info,2,-20.0,-19.0,15,2.8846153846153846e-07,52000000
U_pre_info,2,-19.0,-18.0,23,4.4230769230769233e-07,52000000
U_pre_info,2,-18.0,-17.0,33,6.346153846153846e-07,52000000
U_pre_info,2,-17.0,-16.0,48,9.230769230769231e-07,52000000
U_pre_info,2,-16.0,-15.0,81,1.5576923076923076e-06,52000000
U_pre_info,2,-15.0,-14.0,126,2.4230769230769233e-06,52000000
U_pre_info,2,-14.0,-13.0,155,2.9807692307692307e-06,52000000
U_pre_info,2,-13.0,-12.0,275,5.288461538461538e-06,52000000
U_pre_info,2,-12.0,-11.0,438,8.423076923076923e-06,52000000
U_pre_info,2,-11.0,-10.0,709,1.3634615384615385e-05,52000000
U_pre_info,2,-10.0,-9.0,1142,2.196153846153846e-05,52000000
U_pre_info,2,-9.0,-8.0,1919,3.690384615384616e-05,52000000
U_pre_info,2,-8.0,-7.0,3251,6.251923076923077e-05,52000000
U_pre_info,2,-7.0,-6.0,5481,0.00010540384615384615,52000000
U_pre_info,2,-6.0,-5.0,9419,0.0001811346153846154,52000000
U_pre_info,2,-5.0,-4.0,16016,0.000308,52000000
U_pre_info,2,-4.0,-3.0,26882,0.0005169615384615385,52000000
U_pre_info,2,-3.0,-2.0,44380,0.0008534615384615385,52000000
U_pre_info,2,-2.0,-1.0,72018,0.0013849615384615385,52000000
U_pre_info,2,-1.0,0.0,112782,0.0021688846153846155,52000000
U_pre_info,2,0.0,1.0,171060,0.0032896153846153848,52000000
U_pre_info,2,1.0,2.0,250696,0.004821076923076923,52000000
U_pre_info,2,2.0,3.0,354270,0.006812884615384616,52000000
U_pre_info,2,3.0,4.0,482484,0.009278538461538461,52000000
U_pre_info,2,4.0,5.0,636089,0.01223248076923077,52000000
U_pre_info,2,5.0,6.0,811020,0.015596538461538462,52000000
U_pre_info,2,6.0,7.0,998119,0.019194596153846152,52000000
U_pre_info,2,7.0,8.0,1198286,0.023043961538461537,52000000
U_pre_info,2,8.0,9.0,1394153,0.026810634615384615,52000000
U_pre_info,2,9.0,10.0,1582509,0.030432865384615385,52000000
U_pre_info,2,10.0,11.0,1752335,0.03369875,52000000
U_pre_info,2,11.0,12.0,1892083,0.03638621153846154,52000000
U_pre_info,2,12.0,13.0,2002671,0.03851290384615385,52000000
U_pre_info,2,13.0,14.0,2078835,0.039977596153846155,52000000
U_pre_info,2,14.0,15.0,2122974,0.04082642307692308,52000000
U_pre_info,2,15.0,16.0,2132748,0.04101438461538461,52000000
U_pre_info,2,16.0,17.0,2113203,0.04063851923076923,52000000
U_pre_info,2,17.0,18.0,2064575,0.039703365384615386,52000000
U_pre_info,2,18.0,19.0,1996650,0.038397115384615384,52000000
U_pre_info,2,19.0,20.0,1913893,0.036805634615384615,52000000
U_pre_info,2,20.0,21.0,1822947,0.035056673076923076,52000000
U_pre_info,2,21.0,22.0,1721521,0.033106173076923075,52000000
U_pre_info,2,22.0,23.0,1614773,0.031053326923076923,52000000
U_pre_info,2,23.0,24.0,1509538,0.029029576923076922,52000000
U_pre_info,2,24.0,25.0,1403767,0.02699551923076923,52000000
U_pre_info,2,25.0,26.0,1303468,0.025066692307692307,52000000
U_pre_info,2,26.0,27.0,1209790,0.023265192307692306,52000000
U_pre_info,2,27.0,28.0,1121707,0.02157128846153846,52000000
U_pre_info,2,28.0,29.0,1037464,0.01995123076923077,52000000
U_pre_info,2,29.0,30.0,954299,0.018351903846153848,52000000
U_pre_info,2,30.0,31.0,874327,0.01681398076923077,52000000
U_pre_info,2,31.0,32.0,795994,0.015307576923076924,52000000
U_pre_info,2,32.0,33.0,719070,0.01382826923076923,52000000
U_pre_info,2,33.0,34.0,648870,0.01247826923076923,52000000
U_pre_info,2,34.0,35.0,586214,0.011273346153846155,52000000
U_pre_info,2,35.0,36.0,532784,0.010245846153846154,52000000
U_pre_info,2,36.0,37.0,487681,0.00937848076923077,52000000
U_pre_info,2,37.0,38.0,450937,0.008671865384615384,52000000
U_pre_info,2,38.0,39.0,419862,0.00807426923076923,52000000
U_pre_info,2,39.0,40.0,394677,0.007589942307692308,52000000
U_pre_info,2,40.0,41.0,372248,0.007158615384615385,52000000
U_pre_info,2,41.0,42.0,352242,0.006773884615384616,52000000
U_pre_info,2,42.0,43.0,331919,0.006383057692307692,52000000
U_pre_info,2,43.0,44.0,309037,0.005943019230769231,52000000
U_pre_info,2,44.0,45.0,284909,0.005479019230769231,52000000
U_pre_info,2,45.0,46.0,258185,0.004965096153846154,52000000
U_pre_info,2,46.0,47.0,230234,0.004427576923076923,52000000
U_pre_info,2,47.0,48.0,205820,0.003958076923076923,52000000
U_pre_info,2,48.0,49.0,182873,0.0035167884615384614,52000000
U_pre_info,2,49.0,50.0,166238,0.0031968846153846153,52000000
U_pre_info,2,50.0,51.0,156242,0.003004653846153846,52000000
U_pre_info,2,51.0,52.0,149076,0.002866846153846154,52000000
U_pre_info,2,52.0,53.0,145121,0.0027907884615384617,52000000
U_pre_info,2,53.0,54.0,142864,0.0027473846153846155,52000000
U_pre_info,2,54.0,55.0,141649,0.002724019230769231,52000000
U_pre_info,2,55.0,56.0,137234,0.0026391153846153847,52000000
U_pre_info,2,56.0,57.0,129118,0.0024830384615384614,52000000
U_pre_info,2,57.0,58.0,117394,0.002257576923076923,52000000
U_pre_info,2,58.0,59.0,100512,0.0019329230769230769,52000000
U_pre_info,2,59.0,60.0,80136,0.001541076923076923,52000000
U_pre_info,2,60.0,61.0,60186,0.001157423076923077,52000000
U_pre_info,2,61.0,62.0,40822,0.0007850384615384616,52000000
U_pre_info,2,62.0,63.0,25419,0.0004888269230769231,52000000
U_pre_info,2,63.0,64.0,14486,0.00027857692307692306,52000000
U_pre_info,2,64.0,65.0,7239,0.00013921153846153847,52000000
U_pre_info,2,65.0,66.0,3272,6.292307692307692e-05,52000000
U_pre_info,2,66.0,67.0,1276,2.4538461538461537e-05,52000000
U_pre_info,2,67.0,68.0,420,8.076923076923077e-06,52000000
U_pre_info,2,68.0,69.0,152,2.923076923076923e-06,52000000
U_pre_info,2,69.0,70.0,39,7.5e-07,52000000
U_pre_info,2,70.0,71.0,7,1.346153846153846e-07,52000000
U_pre_info,2,71.0,72.0,1,1.923076923076923e-08,52000000
U_pre_info,2,72.0,73.0,0,0.0,52000000
U_pre_info,2,73.0,74.0,0,0.0,52000000
U_pre_info,2,74.0,75.0,0,0.0,52000000
U_pre_info,2,75.0,76.0,0,0.0,52000000
U_pre_info,2,76.0,77.0,0,0.0,52000000
U_pre_info,2,77.0,78.0,0,0.0,52000000
U_pre_info,2,78.0,79.0,0,0.0,52000000
U_pre_info,2,79.0,80.0,0,0.0,52000000
U_pre_info,2,80.0,81.0,0,0.0,52000000
U_pre_info,2,81.0,82.0,0,0.0,52000000
U_pre_info,2,82.0,83.0,0,0.0,52000000
U_pre_info,2,83.0,84.0,0,0.0,52000000
U_pre_info,2,84.0,85.0,0,0.0,52000000
U_pre_info,2,85.0,86.0,0,0.0,52000000
U_pre_info,2,86.0,87.0,0,0.0,52000000
U_pre_info,2,87.0,88.0,0,0.0,52000000
U_pre_info,2,88.0,89.0,0,0.0,52000000
U_pre_info,2,89.0,90.0,0,0.0,52000000
U_pre_info,2,90.0,91.0,0,0.0,52000000
U_pre_info,2,91.0,92.0,0,0.0,52000000
U_pre_info,2,92.0,93.0,0,0.0,52000000
U_pre_info,2,93.0,94.0,0,0.0,52000000
U_pre_info,2,94.0,95.0,0,0.0,52000000
U_pre_info,2,95.0,96.0,0,0.0,52000000
U_pre_info,2,96.0,97.0,0,0.0,52000000
U_pre_info,2,97.0,98.0,0,0.0,52000000
U_pre_info,2,98.0,99.0,0,0.0,52000000
U_pre_info,2,99.0,100.0,0,0.0,52000000
U_pre_info,2,100.0,101.0,0,0.0,52000000
U_pre_info,2,101.0,102.0,0,0.0,52000000
U_pre_info,2,102.0,103.0,0,0.0,52000000
U_pre_info,2,103.0,104.0,0,0.0,52000000
U_pre_info,2,104.0,105.0,0,0.0,52000000
U_pre_info,2,105.0,106.0,0,0.0,52000000
U_pre_info,2,106.0,107.0,0,0.0,52000000
U_pre_info,2,107.0,108.0,0,0.0,52000000
U_pre_info,2,108.0,109.0,0,0.0,52000000
U_pre_info,2,109.0,110.0,0,0.0,52000000
U_pre_info,2,110.0,111.0,0,0.0,52000000
U_pre_info,2,111.0,112.0,0,0.0,52000000
U_pre_info,2,112.0,113.0,0,0.0,52000000
U_pre_info,2,113.0,114.0,0,0.0,52000000
U_pre_info,2,114.0,115.0,0,0.0,52000000
U_pre_info,2,115.0,116.0,0,0.0,52000000
U_pre_info,2,116.0,117.0,0,0.0,52000000
U_pre_info,2,117.0,118.0,0,0.0,52000000
U_pre_info,2,118.0,119.0,0,0.0,52000000
U_pre_info,2,119.0,120.0,0,0.0,52000000
U_pre_info,3,-120.0,-119.0,0,0.0,52000000
U_pre_info,3,-119.0,-118.0,0,0.0,52000000
U_pre_info,3,-118.0,-117.0,0,0.0,52000000
U_pre_info,3,-117.0,-116.0,0,0.0,52000000
U_pre_info,3,-116.0,-115.0,0,0.0,52000000
U_pre_info,3,-115.0,-114.0,0,0.0,52000000
U_pre_info,3,-114.0,-113.0,0,0.0,52000000
U_pre_info,3,-113.0,-112.0,0,0.0,52000000
U_pre_info,3,-112.0,-111.0,0,0.0,52000000
U_pre_info,3,-111.0,-110.0,0,0.0,52000000
U_pre_info,3,-110.0,-109.0,0,0.0,52000000
U_pre_info,3,-109.0,-108.0,0,0.0,52000000
U_pre_info,3,-108.0,-107.0,0,0.0,52000000
U_pre_info,3,-107.0,-106.0,0,0.0,52000000
U_pre_info,3,-106.0,-105.0,0,0.0,52000000
U_pre_info,3,-105.0,-104.0,0,0.0,52000000
U_pre_info,3,-104.0,-103.0,0,0.0,52000000
U_pre_info,3,-103.0,-102.0,0,0.0,52000000
U_pre_info,3,-102.0,-101.0,0,0.0,52000000
U_pre_info,3,-101.0,-100.0,0,0.0,52000000
U_pre_info,3,-100.0,-99.0,0,0.0,52000000
U_pre_info,3,-99.0,-98.0,0,0.0,52000000
U_pre_info,3,-98.0,-97.0,0,0.0,52000000
U_pre_info,3,-97.0,-96.0,0,0.0,52000000
U_pre_info,3,-96.0,-95.0,0,0.0,52000000
U_pre_info,3,-95.0,-94.0,0,0.0,52000000
U_pre_info,3,-94.0,-93.0,0,0.0,52000000
U_pre_info,3,-93.0,-92.0,0,0.0,52000000
U_pre_info,3,-92.0,-91.0,0,0.0,52000000
U_pre_info,3,-91.0,-90.0,0,0.0,52000000
U_pre_info,3,-90.0,-89.0,0,0.0,52000000
U_pre_info,3,-89.0,-88.0,0,0.0,52000000
U_pre_info,3,-88.0,-87.0,0,0.0,52000000
U_pre_info,3,-87.0,-86.0,0,0.0,52000000
U_pre_info,3,-86.0,-85.0,0,0.0,52000000
U_pre_info,3,-85.0,-84.0,0,0.0,52000000
U_pre_info,3,-84.0,-83.0,0,0.0,52000000
U_pre_info,3,-83.0,-82.0,0,0.0,52000000
U_pre_info,3,-82.0,-81.0,0,0.0,52000000
U_pre_info,3,-81.0,-80.0,0,0.0,52000000
U_pre_info,3,-80.0,-79.0,0,0.0,52000000
U_pre_info,3,-79.0,-78.0,0,0.0,52000000
U_pre_info,3,-78.0,-77.0,0,0.0,52000000
U_pre_info,3,-77.0,-76.0,0,0.0,52000000
U_pre_info,3,-76.0,-75.0,0,0.0,52000000
U_pre_info,3,-75.0,-74.0,0,0.0,52000000
U_pre_info,3,-74.0,-73.0,0,0.0,52000000
U_pre_info,3,-73.0,-72.0,0,0.0,52000000
U_pre_info,3,-72.0,-71.0,0,0.0,52000000
U_pre_info,3,-71.0,-70.0,0,0.0,52000000
U_pre_info,3,-70.0,-69.0,0,0.0,52000000
U_pre_info,3,-69.0,-68.0,0,0.0,52000000
U_pre_info,3,-68.0,-67.0,0,0.0,52000000
U_pre_info,3,-67.0,-66.0,0,0.0,52000000
U_pre_info,3,-66.0,-65.0,0,0.0,52000000
U_pre_info,3,-65.0,-64.0,0,0.0,52000000
U_pre_info,3,-64.0,-63.0,0,0.0,52000000
U_pre_info,3,-63.0,-62.0,0,0.0,52000000
U_pre_info,3,-62.0,-61.0,0,0.0,52000000
U_pre_info,3,-61.0,-60.0,0,0.0,52000000
U_pre_info,3,-60.0,-59.0,0,0.0,52000000
U_pre_info,3,-59.0,-58.0,0,0.0,52000000
U_pre_info,3,-58.0,-57.0,0,0.0,52000000
U_pre_info,3,-57.0,-56.0,0,0.0,52000000
U_pre_info,3,-56.0,-55.0,0,0.0,52000000
U_pre_info,3,-55.0,-54.0,0,0.0,52000000
U_pre_info,3,-54.0,-53.0,0,0.0,52000000
U_pre_info,3,-53.0,-52.0,0,0.0,52000000
U_pre_info,3,-52.0,-51.0,0,0.0,52000000
U_pre_info,3,-51.0,-50.0,0,0.0,52000000
U_pre_info,3,-50.0,-49.0,0,0.0,52000000
U_pre_info,3,-49.0,-48.0,0,0.0,52000000
U_pre_info,3,-48.0,-47.0,0,0.0,52000000
U_pre_info,3,-47.0,-46.0,0,0.0,52000000
U_pre_info,3,-46.0,-45.0,0,0.0,52000000
U_pre_info,3,-45.0,-44.0,0,0.0,52000000
U_pre_info,3,-44.0,-43.0,0,0.0,52000000
U_pre_info,3,-43.0,-42.0,0,0.0,52000000
U_pre_info,3,-42.0,-41.0,0,0.0,52000000
U_pre_info,3,-41.0,-40.0,0,0.0,52000000
U_pre_info,3,-40.0,-39.0,0,0.0,52000000
U_pre_info,3,-39.0,-38.0,0,0.0,52000000
U_pre_info,3,-38.0,-37.0,0,0.0,52000000
U_pre_info,3,-37.0,-36.0,0,0.0,52000000
U_pre_info,3,-36.0,-35.0,1,1.923076923076923e-08,52000000
U_pre_info,3,-35.0,-34.0,0,0.0,52000000
U_pre_info,3,-34.0,-33.0,1,1.923076923076923e-08,52000000
U_pre_info,3,-33.0,-32.0,2,3.846153846153846e-08,52000000
U_pre_info,3,-32.0,-31.0,3,5.7692307692307695e-08,52000000
U_pre_info,3,-31.0,-30.0,2,3.846153846153846e-08,52000000
U_pre_info,3,-30.0,-29.0,1,1.923076923076923e-08,52000000
U_pre_info,3,-29.0,-28.0,3,5.7692307692307695e-08,52000000
U_pre_info,3,-28.0,-27.0,2,3.846153846153846e-08,52000000
U_pre_info,3,-27.0,-26.0,3,5.7692307692307695e-08,52000000
U_pre_info,3,-26.0,-25.0,4,7.692307692307692e-08,52000000
U_pre_info,3,-25.0,-24.0,6,1.1538461538461539e-07,52000000
U_pre_info,3,-24.0,-23.0,11,2.1153846153846155e-07,52000000
U_pre_info,3,-23.0,-22.0,15,2.8846153846153846e-07,52000000
U_pre_info,3,-22.0,-21.0,12,2.3076923076923078e-07,52000000
U_pre_info,3,-21.0,-20.0,14,2.692307692307692e-07,52000000
U_pre_info,3,-20.0,-19.0,21,4.0384615384615386e-07,52000000
U_pre_info,3,-19.0,-18.0,30,5.769230769230769e-07,52000000
U_pre_info,3,-18.0,-17.0,48,9.230769230769231e-07,52000000
U_pre_info,3,-17.0,-16.0,67,1.2884615384615384e-06,52000000
U_pre_info,3,-16.0,-15.0,93,1.7884615384615384e-06,52000000
U_pre_info,3,-15.0,-14.0,122,2.3461538461538463e-06,52000000
U_pre_info,3,-14.0,-13.0,164,3.153846153846154e-06,52000000
U_pre_info,3,-13.0,-12.0,238,4.576923076923077e-06,52000000
U_pre_info,3,-12.0,-11.0,444,8.538461538461538e-06,52000000
U_pre_info,3,-11.0,-10.0,612,1.176923076923077e-05,52000000
U_pre_info,3,-10.0,-9.0,996,1.9153846153846152e-05,52000000
U_pre_info,3,-9.0,-8.0,1672,3.215384615384616e-05,52000000
U_pre_info,3,-8.0,-7.0,2719,5.228846153846154e-05,52000000
U_pre_info,3,-7.0,-6.0,4426,8.511538461538461e-05,52000000
U_pre_info,3,-6.0,-5.0,7662,0.00014734615384615386,52000000
U_pre_info,3,-5.0,-4.0,13054,0.00025103846153846156,52000000
U_pre_info,3,-4.0,-3.0,22073,0.0004244807692307692,52000000
U_pre_info,3,-3.0,-2.0,36938,0.0007103461538461539,52000000
U_pre_info,3,-2.0,-1.0,60573,0.0011648653846153846,52000000
U_pre_info,3,-1.0,0.0,97045,0.00186625,52000000
U_pre_info,3,0.0,1.0,150491,0.0028940576923076923,52000000
U_pre_info,3,1.0,2.0,225381,0.00433425,52000000
U_pre_info,3,2.0,3.0,324402,0.0062385,52000000
U_pre_info,3,3.0,4.0,449415,0.008642596153846153,52000000
U_pre_info,3,4.0,5.0,601589,0.01156901923076923,52000000
U_pre_info,3,5.0,6.0,776408,0.014930923076923078,52000000
U_pre_info,3,6.0,7.0,966258,0.018581884615384615,52000000
U_pre_info,3,7.0,8.0,1171543,0.022529673076923076,52000000
U_pre_info,3,8.0,9.0,1370907,0.026363596153846154,52000000
U_pre_info,3,9.0,10.0,1564137,0.030079557692307694,52000000
U_pre_info,3,10.0,11.0,1739051,0.03344328846153846,52000000
U_pre_info,3,11.0,12.0,1883683,0.03622467307692308,52000000
U_pre_info,3,12.0,13.0,1998238,0.03842765384615385,52000000
U_pre_info,3,13.0,14.0,2078119,0.03996382692307692,52000000
U_pre_info,3,14.0,15.0,2124843,0.040862365384615386,52000000
U_pre_info,3,15.0,16.0,2137590,0.0411075,52000000
U_pre_info,3,16.0,17.0,2119953,0.04076832692307692,52000000
U_pre_info,3,17.0,18.0,2073200,0.03986923076923077,52000000
U_pre_info,3,18.0,19.0,2006208,0.038580923076923075,52000000
U_pre_info,3,19.0,20.0,1924838,0.03701611538461538,52000000
U_pre_info,3,20.0,21.0,1834567,0.035280134615384616,52000000
U_pre_info,3,21.0,22.0,1733612,0.033338692307692305,52000000
U_pre_info,3,22.0,23.0,1627421,0.03129655769230769,52000000
U_pre_info,3,23.0,24.0,1522399,0.029276903846153845,52000000
U_pre_info,3,24.0,25.0,1416966,0.027249346153846155,52000000
U_pre_info,3,25.0,26.0,1316339,0.02531421153846154,52000000
U_pre_info,3,26.0,27.0,1222871,0.02351675,52000000
U_pre_info,3,27.0,28.0,1134864,0.02182430769230769,52000000
U_pre_info,3,28.0,29.0,1050229,0.02019671153846154,52000000
U_pre_info,3,29.0,30.0,966960,0.018595384615384614,52000000
U_pre_info,3,30.0,31.0,886438,0.017046884615384617,52000000
U_pre_info,3,31.0,32.0,807519,0.015529211538461539,52000000
U_pre_info,3,32.0,33.0,730199,0.014042288461538462,52000000
U_pre_info,3,33.0,34.0,659091,0.012674826923076922,52000000
U_pre_info,3,34.0,35.0,595690,0.011455576923076922,52000000
U_pre_info,3,35.0,36.0,541856,0.010420307692307692,52000000
U_pre_info,3,36.0,37.0,496090,0.009540192307692309,52000000
U_pre_info,3,37.0,38.0,459188,0.00883053846153846,52000000
U_pre_info,3,38.0,39.0,427725,0.00822548076923077,52000000
U_pre_info,3,39.0,40.0,402410,0.0077386538461538465,52000000
U_pre_info,3,40.0,41.0,379677,0.007301480769230769,52000000
U_pre_info,3,41.0,42.0,359335,0.006910288461538462,52000000
U_pre_info,3,42.0,43.0,338785,0.006515096153846153,52000000
U_pre_info,3,43.0,44.0,315470,0.00606673076923077,52000000
U_pre_info,3,44.0,45.0,290878,0.005593807692307692,52000000
U_pre_info,3,45.0,46.0,263576,0.005068769230769231,52000000
U_pre_info,3,46.0,47.0,235174,0.004522576923076923,52000000
U_pre_info,3,47.0,48.0,210186,0.0040420384615384615,52000000
U_pre_info,3,48.0,49.0,186889,0.003594019230769231,52000000
U_pre_info,3,49.0,50.0,169944,0.003268153846153846,52000000
U_pre_info,3,50.0,51.0,159451,0.003066365384615385,52000000
U_pre_info,3,51.0,52.0,152258,0.0029280384615384615,52000000
U_pre_info,3,52.0,53.0,148285,0.0028516346153846153,52000000
U_pre_info,3,53.0,54.0,145895,0.002805673076923077,52000000
U_pre_info,3,54.0,55.0,144620,0.002781153846153846,52000000
U_pre_info,3,55.0,56.0,140037,0.0026930192307692306,52000000
U_pre_info,3,56.0,57.0,131777,0.002534173076923077,52000000
U_pre_info,3,57.0,58.0,119710,0.0023021153846153847,52000000
U_pre_info,3,58.0,59.0,102462,0.001970423076923077,52000000
U_pre_info,3,59.0,60.0,81692,0.001571,52000000
U_pre_info,3,60.0,61.0,61320,0.0011792307692307692,52000000
U_pre_info,3,61.0,62.0,41572,0.0007994615384615385,52000000
U_pre_info,3,62.0,63.0,25893,0.0004979423076923076,52000000
U_pre_info,3,63.0,64.0,14738,0.00028342307692307694,52000000
U_pre_info,3,64.0,65.0,7359,0.00014151923076923076,52000000
U_pre_info,3,65.0,66.0,3331,6.405769230769231e-05,52000000
U_pre_info,3,66.0,67.0,1294,2.4884615384615384e-05,52000000
U_pre_info,3,67.0,68.0,425,8.173076923076923e-06,52000000
U_pre_info,3,68.0,69.0,155,2.9807692307692307e-06,52000000
U_pre_info,3,69.0,70.0,39,7.5e-07,52000000
U_pre_info,3,70.0,71.0,7,1.346153846153846e-07,52000000
U_pre_info,3,71.0,72.0,1,1.923076923076923e-08,52000000
U_pre_info,3,72.0,73.0,0,0.0,52000000
U_pre_info,3,73.0,74.0,0,0.0,52000000
U_pre_info,3,74.0,75.0,0,0.0,52000000
U_pre_info,3,75.0,76.0,0,0.0,52000000
U_pre_info,3,76.0,77.0,0,0.0,52000000
U_pre_info,3,77.0,78.0,0,0.0,52000000
U_pre_info,3,78.0,79.0,0,0.0,52000000
U_pre_info,3,79.0,80.0,0,0.0,52000000
U_pre_info,3,80.0,81.0,0,0.0,52000000
U_pre_info,3,81.0,82.0,0,0.0,52000000
U_pre_info,3,82.0,83.0,0,0.0,52000000
U_pre_info,3,83.0,84.0,0,0.0,52000000
U_pre_info,3,84.0,85.0,0,0.0,52000000
U_pre_info,3,85.0,86.0,0,0.0,52000000
U_pre_info,3,86.0,87.0,0,0.0,52000000
U_pre_info,3,87.0,88.0,0,0.0,52000000
U_pre_info,3,88.0,89.0,0,0.0,52000000
U_pre_info,3,89.0,90.0,0,0.0,52000000
U_pre_info,3,90.0,91.0,0,0.0,52000000
U_pre_info,3,91.0,92.0,0,0.0,52000000
U_pre_info,3,92.0,93.0,0,0.0,52000000
U_pre_info,3,93.0,94.0,0,0.0,52000000
U_pre_info,3,94.0,95.0,0,0.0,52000000
U_pre_info,3,95.0,96.0,0,0.0,52000000
U_pre_info,3,96.0,97.0,0,0.0,52000000
U_pre_info,3,97.0,98.0,0,0.0,52000000
U_pre_info,3,98.0,99.0,0,0.0,52000000
U_pre_info,3,99.0,100.0,0,0.0,52000000
U_pre_info,3,100.0,101.0,0,0.0,52000000
U_pre_info,3,101.0,102.0,0,0.0,52000000
U_pre_info,3,102.0,103.0,0,0.0,52000000
U_pre_info,3,103.0,104.0,0,0.0,52000000
U_pre_info,3,104.0,105.0,0,0.0,52000000
U_pre_info,3,105.0,106.0,0,0.0,52000000
U_pre_info,3,106.0,107.0,0,0.0,52000000
U_pre_info,3,107.0,108.0,0,0.0,52000000
U_pre_info,3,108.0,109.0,0,0.0,52000000
U_pre_info,3,109.0,110.0,0,0.0,52000000
U_pre_info,3,110.0,111.0,0,0.0,52000000
U_pre_info,3,111.0,112.0,0,0.0,52000000
U_pre_info,3,112.0,113.0,0,0.0,52000000
U_pre_info,3,113.0,114.0,0,0.0,52000000
U_pre_info,3,114.0,115.0,0,0.0,52000000
U_pre_info,3,115.0,116.0,0,0.0,52000000
U_pre_info,3,116.0,117.0,0,0.0,52000000
U_pre_info,3,117.0,118.0,0,0.0,52000000
U_pre_info,3,118.0,119.0,0,0.0,52000000
U_pre_info,3,119.0,120.0,0,0.0,52000000
U_pre_info,4,-120.0,-119.0,0,0.0,52000000
U_pre_info,4,-119.0,-118.0,0,0.0,52000000
U_pre_info,4,-118.0,-117.0,0,0.0,52000000
U_pre_info,4,-117.0,-116.0,0,0.0,52000000
U_pre_info,4,-116.0,-115.0,0,0.0,52000000
U_pre_info,4,-115.0,-114.0,0,0.0,52000000
U_pre_info,4,-114.0,-113.0,0,0.0,52000000
U_pre_info,4,-113.0,-112.0,0,0.0,52000000
U_pre_info,4,-112.0,-111.0,0,0.0,52000000
U_pre_info,4,-111.0,-110.0,0,0.0,52000000
U_pre_info,4,-110.0,-109.0,0,0.0,52000000
U_pre_info,4,-109.0,-108.0,0,0.0,52000000
U_pre_info,4,-108.0,-107.0,0,0.0,52000000
U_pre_info,4,-107.0,-106.0,0,0.0,52000000
U_pre_info,4,-106.0,-105.0,0,0.0,52000000
U_pre_info,4,-105.0,-104.0,0,0.0,52000000
U_pre_info,4,-104.0,-103.0,0,0.0,52000000
U_pre_info,4,-103.0,-102.0,0,0.0,52000000
U_pre_info,4,-102.0,-101.0,0,0.0,52000000
U_pre_info,4,-101.0,-100.0,0,0.0,52000000
U_pre_info,4,-100.0,-99.0,0,0.0,52000000
U_pre_info,4,-99.0,-98.0,0,0.0,52000000
U_pre_info,4,-98.0,-97.0,0,0.0,52000000
U_pre_info,4,-97.0,-96.0,0,0.0,52000000
U_pre_info,4,-96.0,-95.0,0,0.0,52000000
U_pre_info,4,-95.0,-94.0,0,0.0,52000000
U_pre_info,4,-94.0,-93.0,0,0.0,52000000
U_pre_info,4,-93.0,-92.0,0,0.0,52000000
U_pre_info,4,-92.0,-91.0,0,0.0,52000000
U_pre_info,4,-91.0,-90.0,0,0.0,52000000
U_pre_info,4,-90.0,-89.0,0,0.0,52000000
U_pre_info,4,-89.0,-88.0,0,0.0,52000000
U_pre_info,4,-88.0,-87.0,0,0.0,52000000
U_pre_info,4,-87.0,-86.0,0,0.0,52000000
U_pre_info,4,-86.0,-85.0,0,0.0,52000000
U_pre_info,4,-85.0,-84.0,0,0.0,52000000
U_pre_info,4,-84.0,-83.0,0,0.0,52000000
U_pre_info,4,-83.0,-82.0,0,0.0,52000000
U_pre_info,4,-82.0,-81.0,0,0.0,52000000
U_pre_info,4,-81.0,-80.0,0,0.0,52000000
U_pre_info,4,-80.0,-79.0,0,0.0,52000000
U_pre_info,4,-79.0,-78.0,0,0.0,52000000
U_pre_info,4,-78.0,-77.0,0,0.0,52000000
U_pre_info,4,-77.0,-76.0,0,0.0,52000000
U_pre_info,4,-76.0,-75.0,0,0.0,52000000
U_pre_info,4,-75.0,-74.0,0,0.0,52000000
U_pre_info,4,-74.0,-73.0,0,0.0,52000000
U_pre_info,4,-73.0,-72.0,0,0.0,52000000
U_pre_info,4,-72.0,-71.0,0,0.0,52000000
U_pre_info,4,-71.0,-70.0,0,0.0,52000000
U_pre_info,4,-70.0,-69.0,0,0.0,52000000
U_pre_info,4,-69.0,-68.0,0,0.0,52000000
U_pre_info,4,-68.0,-67.0,0,0.0,52000000
U_pre_info,4,-67.0,-66.0,0,0.0,52000000
U_pre_info,4,-66.0,-65.0,0,0.0,52000000
U_pre_info,4,-65.0,-64.0,0,0.0,52000000
U_pre_info,4,-64.0,-63.0,0,0.0,52000000
U_pre_info,4,-63.0,-62.0,0,0.0,52000000
U_pre_info,4,-62.0,-61.0,0,0.0,52000000
U_pre_info,4,-61.0,-60.0,0,0.0,52000000
U_pre_info,4,-60.0,-59.0,0,0.0,52000000
U_pre_info,4,-59.0,-58.0,0,0.0,52000000
U_pre_info,4,-58.0,-57.0,0,0.0,52000000
U_pre_info,4,-57.0,-56.0,0,0.0,52000000
U_pre_info,4,-56.0,-55.0,0,0.0,52000000
U_pre_info,4,-55.0,-54.0,0,0.0,52000000
U_pre_info,4,-54.0,-53.0,0,0.0,52000000
U_pre_info,4,-53.0,-52.0,0,0.0,52000000
U_pre_info,4,-52.0,-51.0,0,0.0,52000000
U_pre_info,4,-51.0,-50.0,0,0.0,52000000
U_pre_info,4,-50.0,-49.0,0,0.0,52000000
U_pre_info,4,-49.0,-48.0,1,1.923076923076923e-08,52000000
U_pre_info,4,-48.0,-47.0,0,0.0,52000000
U_pre_info,4,-47.0,-46.0,0,0.0,52000000
U_pre_info,4,-46.0,-45.0,1,1.923076923076923e-08,52000000
U_pre_info,4,-45.0,-44.0,1,1.923076923076923e-08,52000000
U_pre_info,4,-44.0,-43.0,1,1.923076923076923e-08,52000000
U_pre_info,4,-43.0,-42.0,1,1.923076923076923e-08,52000000
U_pre_info,4,-42.0,-41.0,1,1.923076923076923e-08,52000000
U_pre_info,4,-41.0,-40.0,1,1.923076923076923e-08,52000000
U_pre_info,4,-40.0,-39.0,2,3.846153846153846e-08,52000000
U_pre_info,4,-39.0,-38.0,1,1.923076923076923e-08,52000000
U_pre_info,4,-38.0,-37.0,0,0.0,52000000
U_pre_info,4,-37.0,-36.0,1,1.923076923076923e-08,52000000
U_pre_info,4,-36.0,-35.0,1,1.923076923076923e-08,52000000
U_pre_info,4,-35.0,-34.0,2,3.846153846153846e-08,52000000
U_pre_info,4,-34.0,-33.0,3,5.7692307692307695e-08,52000000
U_pre_info,4,-33.0,-32.0,2,3.846153846153846e-08,52000000
U_pre_info,4,-32.0,-31.0,3,5.7692307692307695e-08,52000000
U_pre_info,4,-31.0,-30.0,0,0.0,52000000
U_pre_info,4,-30.0,-29.0,4,7.692307692307692e-08,52000000
U_pre_info,4,-29.0,-28.0,4,7.692307692307692e-08,52000000
U_pre_info,4,-28.0,-27.0,3,5.7692307692307695e-08,52000000
U_pre_info,4,-27.0,-26.0,2,3.846153846153846e-08,52000000
U_pre_info,4,-26.0,-25.0,5,9.615384615384616e-08,52000000
U_pre_info,4,-25.0,-24.0,5,9.615384615384616e-08,52000000
U_pre_info,4,-24.0,-23.0,3,5.7692307692307695e-08,52000000
U_pre_info,4,-23.0,-22.0,6,1.1538461538461539e-07,52000000
U_pre_info,4,-22.0,-21.0,9,1.7307692307692308e-07,52000000
U_pre_info,4,-21.0,-20.0,15,2.8846153846153846e-07,52000000
U_pre_info,4,-20.0,-19.0,20,3.8461538461538463e-07,52000000
U_pre_info,4,-19.0,-18.0,34,6.538461538461538e-07,52000000
U_pre_info,4,-18.0,-17.0,49,9.423076923076924e-07,52000000
U_pre_info,4,-17.0,-16.0,71,1.3653846153846153e-06,52000000
U_pre_info,4,-16.0,-15.0,73,1.4038461538461538e-06,52000000
U_pre_info,4,-15.0,-14.0,109,2.096153846153846e-06,52000000
U_pre_info,4,-14.0,-13.0,170,3.269230769230769e-06,52000000
U_pre_info,4,-13.0,-12.0,253,4.8653846153846155e-06,52000000
U_pre_info,4,-12.0,-11.0,356,6.846153846153846e-06,52000000
U_pre_info,4,-11.0,-10.0,576,1.1076923076923077e-05,52000000
U_pre_info,4,-10.0,-9.0,918,1.7653846153846153e-05,52000000
U_pre_info,4,-9.0,-8.0,1457,2.801923076923077e-05,52000000
U_pre_info,4,-8.0,-7.0,2255,4.3365384615384614e-05,52000000
U_pre_info,4,-7.0,-6.0,3907,7.513461538461538e-05,52000000
U_pre_info,4,-6.0,-5.0,6547,0.00012590384615384615,52000000
U_pre_info,4,-5.0,-4.0,11310,0.0002175,52000000
U_pre_info,4,-4.0,-3.0,19543,0.00037582692307692306,52000000
U_pre_info,4,-3.0,-2.0,33324,0.0006408461538461538,52000000
U_pre_info,4,-2.0,-1.0,55501,0.001067326923076923,52000000
U_pre_info,4,-1.0,0.0,89838,0.0017276538461538462,52000000
U_pre_info,4,0.0,1.0,141181,0.002715019230769231,52000000
U_pre_info,4,1.0,2.0,213925,0.004113942307692308,52000000
U_pre_info,4,2.0,3.0,311305,0.005986634615384615,52000000
U_pre_info,4,3.0,4.0,434765,0.008360865384615385,52000000
U_pre_info,4,4.0,5.0,586068,0.011270538461538462,52000000
U_pre_info,4,5.0,6.0,761376,0.014641846153846155,52000000
U_pre_info,4,6.0,7.0,951662,0.018301192307692307,52000000
U_pre_info,4,7.0,8.0,1157763,0.022264673076923078,52000000
U_pre_info,4,8.0,9.0,1359406,0.026142423076923077,52000000
U_pre_info,4,9.0,10.0,1555067,0.029905134615384615,52000000
U_pre_info,4,10.0,11.0,1731961,0.03330694230769231,52000000
U_pre_info,4,11.0,12.0,1878642,0.036127730769230766,52000000
U_pre_info,4,12.0,13.0,1995462,0.03837426923076923,52000000
U_pre_info,4,13.0,14.0,2076929,0.03994094230769231,52000000
U_pre_info,4,14.0,15.0,2125328,0.04087169230769231,52000000
U_pre_info,4,15.0,16.0,2139065,0.04113586538461538,52000000
U_pre_info,4,16.0,17.0,2122503,0.04081736538461538,52000000
U_pre_info,4,17.0,18.0,2076698,0.0399365,52000000
U_pre_info,4,18.0,19.0,2010298,0.03865957692307692,52000000
U_pre_info,4,19.0,20.0,1929362,0.03710311538461539,52000000
U_pre_info,4,20.0,21.0,1839525,0.03537548076923077,52000000
U_pre_info,4,21.0,22.0,1738746,0.03343742307692308,52000000
U_pre_info,4,22.0,23.0,1632919,0.03140228846153846,52000000
U_pre_info,4,23.0,24.0,1528293,0.02939025,52000000
U_pre_info,4,24.0,25.0,1422846,0.027362423076923076,52000000
U_pre_info,4,25.0,26.0,1322240,0.025427692307692307,52000000
U_pre_info,4,26.0,27.0,1228861,0.02363194230769231,52000000
U_pre_info,4,27.0,28.0,1141046,0.02194319230769231,52000000
U_pre_info,4,28.0,29.0,1056293,0.020313326923076924,52000000
U_pre_info,4,29.0,30.0,972912,0.018709846153846153,52000000
U_pre_info,4,30.0,31.0,892436,0.01716223076923077,52000000
U_pre_info,4,31.0,32.0,813412,0.01564253846153846,52000000
U_pre_info,4,32.0,33.0,735546,0.014145115384615384,52000000
U_pre_info,4,33.0,34.0,664275,0.01277451923076923,52000000
U_pre_info,4,34.0,35.0,600526,0.011548576923076924,52000000
U_pre_info,4,35.0,36.0,546290,0.010505576923076923,52000000
U_pre_info,4,36.0,37.0,500465,0.009624326923076923,52000000
U_pre_info,4,37.0,38.0,463319,0.008909980769230769,52000000
U_pre_info,4,38.0,39.0,431809,0.008304019230769231,52000000
U_pre_info,4,39.0,40.0,406373,0.007814865384615385,52000000
U_pre_info,4,40.0,41.0,383361,0.007372326923076923,52000000
U_pre_info,4,41.0,42.0,362985,0.006980480769230769,52000000
U_pre_info,4,42.0,43.0,342209,0.006580942307692308,52000000
U_pre_info,4,43.0,44.0,318769,0.006130173076923077,52000000
U_pre_info,4,44.0,45.0,293926,0.005652423076923077,52000000
U_pre_info,4,45.0,46.0,266412,0.005123307692307693,52000000
U_pre_info,4,46.0,47.0,237802,0.004573115384615385,52000000
U_pre_info,4,47.0,48.0,212401,0.004084634615384615,52000000
U_pre_info,4,48.0,49.0,188919,0.0036330576923076924,52000000
U_pre_info,4,49.0,50.0,171766,0.0033031923076923078,52000000
U_pre_info,4,50.0,51.0,161127,0.003098596153846154,52000000
U_pre_info,4,51.0,52.0,153889,0.002959403846153846,52000000
U_pre_info,4,52.0,53.0,149860,0.002881923076923077,52000000
U_pre_info,4,53.0,54.0,147443,0.0028354423076923075,52000000
U_pre_info,4,54.0,55.0,146230,0.0028121153846153847,52000000
U_pre_info,4,55.0,56.0,141452,0.002720230769230769,52000000
U_pre_info,4,56.0,57.0,133148,0.0025605384615384618,52000000
U_pre_info,4,57.0,58.0,120976,0.0023264615384615385,52000000
U_pre_info,4,58.0,59.0,103576,0.001991846153846154,52000000
U_pre_info,4,59.0,60.0,82592,0.0015883076923076923,52000000
U_pre_info,4,60.0,61.0,61996,0.0011922307692307692,52000000
U_pre_info,4,61.0,62.0,42020,0.0008080769230769231,52000000
U_pre_info,4,62.0,63.0,26187,0.0005035961538461538,52000000
U_pre_info,4,63.0,64.0,14912,0.00028676923076923074,52000000
U_pre_info,4,64.0,65.0,7433,0.00014294230769230768,52000000
U_pre_info,4,65.0,66.0,3379,6.498076923076923e-05,52000000
U_pre_info,4,66.0,67.0,1309,2.517307692307692e-05,52000000
U_pre_info,4,67.0,68.0,430,8.26923076923077e-06,52000000
U_pre_info,4,68.0,69.0,156,3e-06,52000000
U_pre_info,4,69.0,70.0,39,7.5e-07,52000000
U_pre_info,4,70.0,71.0,8,1.5384615384615385e-07,52000000
U_pre_info,4,71.0,72.0,1,1.923076923076923e-08,52000000
U_pre_info,4,72.0,73.0,0,0.0,52000000
U_pre_info,4,73.0,74.0,0,0.0,52000000
U_pre_info,4,74.0,75.0,0,0.0,52000000
U_pre_info,4,75.0,76.0,0,0.0,52000000
U_pre_info,4,76.0,77.0,0,0.0,52000000
U_pre_info,4,77.0,78.0,0,0.0,52000000
U_pre_info,4,78.0,79.0,0,0.0,52000000
U_pre_info,4,79.0,80.0,0,0.0,52000000
U_pre_info,4,80.0,81.0,0,0.0,52000000
U_pre_info,4,81.0,82.0,0,0.0,52000000
U_pre_info,4,82.0,83.0,0,0.0,52000000
U_pre_info,4,83.0,84.0,0,0.0,52000000
U_pre_info,4,84.0,85.0,0,0.0,52000000
U_pre_info,4,85.0,86.0,0,0.0,52000000
U_pre_info,4,86.0,87.0,0,0.0,52000000
U_pre_info,4,87.0,88.0,0,0.0,52000000
U_pre_info,4,88.0,89.0,0,0.0,52000000
U_pre_info,4,89.0,90.0,0,0.0,52000000
U_pre_info,4,90.0,91.0,0,0.0,52000000
U_pre_info,4,91.0,92.0,0,0.0,52000000
U_pre_info,4,92.0,93.0,0,0.0,52000000
U_pre_info,4,93.0,94.0,0,0.0,52000000
U_pre_info,4,94.0,95.0,0,0.0,52000000
U_pre_info,4,95.0,96.0,0,0.0,52000000
U_pre_info,4,96.0,97.0,0,0.0,52000000
U_pre_info,4,97.0,98.0,0,0.0,52000000
U_pre_info,4,98.0,99.0,0,0.0,52000000
U_pre_info,4,99.0,100.0,0,0.0,52000000
U_pre_info,4,100.0,101.0,0,0.0,52000000
U_pre_info,4,101.0,102.0,0,0.0,52000000
U_pre_info,4,102.0,103.0,0,0.0,52000000
U_pre_info,4,103.0,104.0,0,0.0,52000000
U_pre_info,4,104.0,105.0,0,0.0,52000000
U_pre_info,4,105.0,106.0,0,0.0,52000000
U_pre_info,4,106.0,107.0,0,0.0,52000000
U_pre_info,4,107.0,108.0,0,0.0,52000000
U_pre_info,4,108.0,109.0,0,0.0,52000000
U_pre_info,4,109.0,110.0,0,0.0,52000000
U_pre_info,4,110.0,111.0,0,0.0,52000000
U_pre_info,4,111.0,112.0,0,0.0,52000000
U_pre_info,4,112.0,113.0,0,0.0,52000000
U_pre_info,4,113.0,114.0,0,0.0,52000000
U_pre_info,4,114.0,115.0,0,0.0,52000000
U_pre_info,4,115.0,116.0,0,0.0,52000000
U_pre_info,4,116.0,117.0,0,0.0,52000000
U_pre_info,4,117.0,118.0,0,0.0,52000000
U_pre_info,4,118.0,119.0,0,0.0,52000000
U_pre_info,4,119.0,120.0,0,0.0,52000000
U_pre_info,5,-120.0,-119.0,0,0.0,52000000
U_pre_info,5,-119.0,-118.0,0,0.0,52000000
U_pre_info,5,-118.0,-117.0,0,0.0,52000000
U_pre_info,5,-117.0,-116.0,0,0.0,52000000
U_pre_info,5,-116.0,-115.0,0,0.0,52000000
U_pre_info,5,-115.0,-114.0,0,0.0,52000000
U_pre_info,5,-114.0,-113.0,0,0.0,52000000
U_pre_info,5,-113.0,-112.0,0,0.0,52000000
U_pre_info,5,-112.0,-111.0,0,0.0,52000000
U_pre_info,5,-111.0,-110.0,0,0.0,52000000
U_pre_info,5,-110.0,-109.0,0,0.0,52000000
U_pre_info,5,-109.0,-108.0,0,0.0,52000000
U_pre_info,5,-108.0,-107.0,0,0.0,52000000
U_pre_info,5,-107.0,-106.0,0,0.0,52000000
U_pre_info,5,-106.0,-105.0,0,0.0,52000000
U_pre_info,5,-105.0,-104.0,0,0.0,52000000
U_pre_info,5,-104.0,-103.0,0,0.0,52000000
U_pre_info,5,-103.0,-102.0,0,0.0,52000000
U_pre_info,5,-102.0,-101.0,0,0.0,52000000
U_pre_info,5,-101.0,-100.0,0,0.0,52000000
U_pre_info,5,-100.0,-99.0,0,0.0,52000000
U_pre_info,5,-99.0,-98.0,0,0.0,52000000
U_pre_info,5,-98.0,-97.0,0,0.0,52000000
U_pre_info,5,-97.0,-96.0,0,0.0,52000000
U_pre_info,5,-96.0,-95.0,0,0.0,52000000
U_pre_info,5,-95.0,-94.0,0,0.0,52000000
U_pre_info,5,-94.0,-93.0,0,0.0,52000000
U_pre_info,5,-93.0,-92.0,0,0.0,52000000
U_pre_info,5,-92.0,-91.0,0,0.0,52000000
U_pre_info,5,-91.0,-90.0,0,0.0,52000000
U_pre_info,5,-90.0,-89.0,0,0.0,52000000
U_pre_info,5,-89.0,-88.0,0,0.0,52000000
U_pre_info,5,-88.0,-87.0,0,0.0,52000000
U_pre_info,5,-87.0,-86.0,0,0.0,52000000
U_pre_info,5,-86.0,-85.0,0,0.0,52000000
U_pre_info,5,-85.0,-84.0,0,0.0,52000000
U_pre_info,5,-84.0,-83.0,0,0.0,52000000
U_pre_info,5,-83.0,-82.0,0,0.0,52000000
U_pre_info,5,-82.0,-81.0,0,0.0,52000000
U_pre_info,5,-81.0,-80.0,0,0.0,52000000
U_pre_info,5,-80.0,-79.0,0,0.0,52000000
U_pre_info,5,-79.0,-78.0,0,0.0,52000000
U_pre_info,5,-78.0,-77.0,0,0.0,52000000
U_pre_info,5,-77.0,-76.0,0,0.0,52000000
U_pre_info,5,-76.0,-75.0,0,0.0,52000000
U_pre_info,5,-75.0,-74.0,0,0.0,52000000
U_pre_info,5,-74.0,-73.0,0,0.0,52000000
U_pre_info,5,-73.0,-72.0,0,0.0,52000000
U_pre_info,5,-72.0,-71.0,0,0.0,52000000
U_pre_info,5,-71.0,-70.0,0,0.0,52000000
U_pre_info,5,-70.0,-69.0,0,0.0,52000000
U_pre_info,5,-69.0,-68.0,0,0.0,52000000
U_pre_info,5,-68.0,-67.0,0,0.0,52000000
U_pre_info,5,-67.0,-66.0,0,0.0,52000000
U_pre_info,5,-66.0,-65.0,0,0.0,52000000
U_pre_info,5,-65.0,-64.0,0,0.0,52000000
U_pre_info,5,-64.0,-63.0,0,0.0,52000000
U_pre_info,5,-63.0,-62.0,0,0.0,52000000
U_pre_info,5,-62.0,-61.0,0,0.0,52000000
U_pre_info,5,-61.0,-60.0,0,0.0,52000000
U_pre_info,5,-60.0,-59.0,0,0.0,52000000
U_pre_info,5,-59.0,-58.0,0,0.0,52000000
U_pre_info,5,-58.0,-57.0,1,1.923076923076923e-08,52000000
U_pre_info,5,-57.0,-56.0,0,0.0,52000000
U_pre_info,5,-56.0,-55.0,0,0.0,52000000
U_pre_info,5,-55.0,-54.0,0,0.0,52000000
U_pre_info,5,-54.0,-53.0,0,0.0,52000000
U_pre_info,5,-53.0,-52.0,1,1.923076923076923e-08,52000000
U_pre_info,5,-52.0,-51.0,0,0.0,52000000
U_pre_info,5,-51.0,-50.0,1,1.923076923076923e-08,52000000
U_pre_info,5,-50.0,-49.0,0,0.0,52000000
U_pre_info,5,-49.0,-48.0,0,0.0,52000000
U_pre_info,5,-48.0,-47.0,2,3.846153846153846e-08,52000000
U_pre_info,5,-47.0,-46.0,0,0.0,52000000
U_pre_info,5,-46.0,-45.0,1,1.923076923076923e-08,52000000
U_pre_info,5,-45.0,-44.0,0,0.0,52000000
U_pre_info,5,-44.0,-43.0,2,3.846153846153846e-08,52000000
U_pre_info,5,-43.0,-42.0,2,3.846153846153846e-08,52000000
U_pre_info,5,-42.0,-41.0,0,0.0,52000000
U_pre_info,5,-41.0,-40.0,4,7.692307692307692e-08,52000000
U_pre_info,5,-40.0,-39.0,1,1.923076923076923e-08,52000000
U_pre_info,5,-39.0,-38.0,1,1.923076923076923e-08,52000000
U_pre_info,5,-38.0,-37.0,0,0.0,52000000
U_pre_info,5,-37.0,-36.0,0,0.0,52000000
U_pre_info,5,-36.0,-35.0,3,5.7692307692307695e-08,52000000
U_pre_info,5,-35.0,-34.0,0,0.0,52000000
U_pre_info,5,-34.0,-33.0,3,5.7692307692307695e-08,52000000
U_pre_info,5,-33.0,-32.0,4,7.692307692307692e-08,52000000
U_pre_info,5,-32.0,-31.0,4,7.692307692307692e-08,52000000
U_pre_info,5,-31.0,-30.0,2,3.846153846153846e-08,52000000
U_pre_info,5,-30.0,-29.0,6,1.1538461538461539e-07,52000000
U_pre_info,5,-29.0,-28.0,7,1.346153846153846e-07,52000000
U_pre_info,5,-28.0,-27.0,6,1.1538461538461539e-07,52000000
U_pre_info,5,-27.0,-26.0,7,1.346153846153846e-07,52000000
U_pre_info,5,-26.0,-25.0,6,1.1538461538461539e-07,52000000
U_pre_info,5,-25.0,-24.0,9,1.7307692307692308e-07,52000000
U_pre_info,5,-24.0,-23.0,8,1.5384615384615385e-07,52000000
U_pre_info,5,-23.0,-22.0,9,1.7307692307692308e-07,52000000
U_pre_info,5,-22.0,-21.0,12,2.3076923076923078e-07,52000000
U_pre_info,5,-21.0,-20.0,21,4.0384615384615386e-07,52000000
U_pre_info,5,-20.0,-19.0,31,5.961538461538461e-07,52000000
U_pre_info,5,-19.0,-18.0,31,5.961538461538461e-07,52000000
U_pre_info,5,-18.0,-17.0,38,7.307692307692308e-07,52000000
U_pre_info,5,-17.0,-16.0,60,1.1538461538461538e-06,52000000
U_pre_info,5,-16.0,-15.0,81,1.5576923076923076e-06,52000000
U_pre_info,5,-15.0,-14.0,129,2.480769230769231e-06,52000000
U_pre_info,5,-14.0,-13.0,170,3.269230769230769e-06,52000000
U_pre_info,5,-13.0,-12.0,230,4.423076923076923e-06,52000000
U_pre_info,5,-12.0,-11.0,382,7.346153846153846e-06,52000000
U_pre_info,5,-11.0,-10.0,524,1.0076923076923076e-05,52000000
U_pre_info,5,-10.0,-9.0,805,1.5480769230769232e-05,52000000
U_pre_info,5,-9.0,-8.0,1380,2.6538461538461538e-05,52000000
U_pre_info,5,-8.0,-7.0,2146,4.126923076923077e-05,52000000
U_pre_info,5,-7.0,-6.0,3637,6.99423076923077e-05,52000000
U_pre_info,5,-6.0,-5.0,6181,0.00011886538461538462,52000000
U_pre_info,5,-5.0,-4.0,10643,0.00020467307692307693,52000000
U_pre_info,5,-4.0,-3.0,18384,0.00035353846153846156,52000000
U_pre_info,5,-3.0,-2.0,31657,0.0006087884615384615,52000000
U_pre_info,5,-2.0,-1.0,52880,0.001016923076923077,52000000
U_pre_info,5,-1.0,0.0,86785,0.0016689423076923077,52000000
U_pre_info,5,0.0,1.0,136898,0.002632653846153846,52000000
U_pre_info,5,1.0,2.0,208948,0.00401823076923077,52000000
U_pre_info,5,2.0,3.0,305229,0.005869788461538462,52000000
U_pre_info,5,3.0,4.0,427850,0.008227884615384616,52000000
U_pre_info,5,4.0,5.0,578484,0.011124692307692308,52000000
U_pre_info,5,5.0,6.0,753531,0.01449098076923077,52000000
U_pre_info,5,6.0,7.0,944579,0.01816498076923077,52000000
U_pre_info,5,7.0,8.0,1151221,0.022138865384615385,52000000
U_pre_info,5,8.0,9.0,1353913,0.026036788461538462,52000000
U_pre_info,5,9.0,10.0,1550287,0.02981321153846154,52000000
U_pre_info,5,10.0,11.0,1728549,0.03324132692307692,52000000
U_pre_info,5,11.0,12.0,1876022,0.036077346153846154,52000000
U_pre_info,5,12.0,13.0,1993886,0.038343961538461535,52000000
U_pre_info,5,13.0,14.0,2076491,0.03993251923076923,52000000
U_pre_info,5,14.0,15.0,2125447,0.04087398076923077,52000000
U_pre_info,5,15.0,16.0,2139873,0.041151403846153845,52000000
U_pre_info,5,16.0,17.0,2124018,0.0408465,52000000
U_pre_info,5,17.0,18.0,2078211,0.03996559615384616,52000000
U_pre_info,5,18.0,19.0,2012415,0.03870028846153846,52000000
U_pre_info,5,19.0,20.0,1931692,0.03714792307692308,52000000
U_pre_info,5,20.0,21.0,1842159,0.035426134615384616,52000000
U_pre_info,5,21.0,22.0,1741698,0.03349419230769231,52000000
U_pre_info,5,22.0,23.0,1635907,0.03145975,52000000
U_pre_info,5,23.0,24.0,1531198,0.029446115384615383,52000000
U_pre_info,5,24.0,25.0,1425800,0.02741923076923077,52000000
U_pre_info,5,25.0,26.0,1325160,0.025483846153846156,52000000
U_pre_info,5,26.0,27.0,1231820,0.023688846153846154,52000000
U_pre_info,5,27.0,28.0,1143928,0.021998615384615384,52000000
U_pre_info,5,28.0,29.0,1059237,0.020369942307692308,52000000
U_pre_info,5,29.0,30.0,975848,0.018766307692307693,52000000
U_pre_info,5,30.0,31.0,895255,0.017216442307692308,52000000
U_pre_info,5,31.0,32.0,815994,0.015692192307692306,52000000
U_pre_info,5,32.0,33.0,738135,0.014194903846153847,52000000
U_pre_info,5,33.0,34.0,666703,0.012821211538461538,52000000
U_pre_info,5,34.0,35.0,602732,0.011591,52000000
U_pre_info,5,35.0,36.0,548544,0.010548923076923077,52000000
U_pre_info,5,36.0,37.0,502474,0.009662961538461539,52000000
U_pre_info,5,37.0,38.0,465214,0.008946423076923078,52000000
U_pre_info,5,38.0,39.0,433708,0.008340538461538462,52000000
U_pre_info,5,39.0,40.0,408258,0.007851115384615385,52000000
U_pre_info,5,40.0,41.0,385157,0.007406865384615385,52000000
U_pre_info,5,41.0,42.0,364754,0.0070145,52000000
U_pre_info,5,42.0,43.0,343811,0.00661175,52000000
U_pre_info,5,43.0,44.0,320238,0.006158423076923077,52000000
U_pre_info,5,44.0,45.0,295288,0.005678615384615384,52000000
U_pre_info,5,45.0,46.0,267637,0.005146865384615384,52000000
U_pre_info,5,46.0,47.0,238958,0.004595346153846154,52000000
U_pre_info,5,47.0,48.0,213372,0.0041033076923076926,52000000
U_pre_info,5,48.0,49.0,189907,0.0036520576923076923,52000000
U_pre_info,5,49.0,50.0,172596,0.0033191538461538462,52000000
U_pre_info,5,50.0,51.0,161858,0.003112653846153846,52000000
U_pre_info,5,51.0,52.0,154552,0.002972153846153846,52000000
U_pre_info,5,52.0,53.0,150513,0.0028944807692307694,52000000
U_pre_info,5,53.0,54.0,148112,0.0028483076923076925,52000000
U_pre_info,5,54.0,55.0,146845,0.0028239423076923077,52000000
U_pre_info,5,55.0,56.0,142062,0.0027319615384615386,52000000
U_pre_info,5,56.0,57.0,133704,0.0025712307692307692,52000000
U_pre_info,5,57.0,58.0,121492,0.002336384615384615,52000000
U_pre_info,5,58.0,59.0,103993,0.0019998653846153847,52000000
U_pre_info,5,59.0,60.0,82992,0.001596,52000000
U_pre_info,5,60.0,61.0,62281,0.0011977115384615386,52000000
U_pre_info,5,61.0,62.0,42206,0.0008116538461538462,52000000
U_pre_info,5,62.0,63.0,26290,0.000505576923076923,52000000
U_pre_info,5,63.0,64.0,14971,0.00028790384615384615,52000000
U_pre_info,5,64.0,65.0,7454,0.00014334615384615384,52000000
U_pre_info,5,65.0,66.0,3390,6.519230769230769e-05,52000000
U_pre_info,5,66.0,67.0,1316,2.5307692307692307e-05,52000000
U_pre_info,5,67.0,68.0,434,8.346153846153847e-06,52000000
U_pre_info,5,68.0,69.0,156,3e-06,52000000
U_pre_info,5,69.0,70.0,39,7.5e-07,52000000
U_pre_info,5,70.0,71.0,8,1.5384615384615385e-07,52000000
U_pre_info,5,71.0,72.0,1,1.923076923076923e-08,52000000
U_pre_info,5,72.0,73.0,0,0.0,52000000
U_pre_info,5,73.0,74.0,0,0.0,52000000
U_pre_info,5,74.0,75.0,0,0.0,52000000
U_pre_info,5,75.0,76.0,0,0.0,52000000
U_pre_info,5,76.0,77.0,0,0.0,52000000
U_pre_info,5,77.0,78.0,0,0.0,52000000
U_pre_info,5,78.0,79.0,0,0.0,52000000
U_pre_info,5,79.0,80.0,0,0.0,52000000
U_pre_info,5,80.0,81.0,0,0.0,52000000
U_pre_info,5,81.0,82.0,0,0.0,52000000
U_pre_info,5,82.0,83.0,0,0.0,52000000
U_pre_info,5,83.0,84.0,0,0.0,52000000
U_pre_info,5,84.0,85.0,0,0.0,52000000
U_pre_info,5,85.0,86.0,0,0.0,52000000
U_pre_info,5,86.0,87.0,0,0.0,52000000
U_pre_info,5,87.0,88.0,0,0.0,52000000
U_pre_info,5,88.0,89.0,0,0.0,52000000
U_pre_info,5,89.0,90.0,0,0.0,52000000
U_pre_info,5,90.0,91.0,0,0.0,52000000
U_pre_info,5,91.0,92.0,0,0.0,52000000
U_pre_info,5,92.0,93.0,0,0.0,52000000
U_pre_info,5,93.0,94.0,0,0.0,52000000
U_pre_info,5,94.0,95.0,0,0.0,52000000
U_pre_info,5,95.0,96.0,0,0.0,52000000
U_pre_info,5,96.0,97.0,0,0.0,52000000
U_pre_info,5,97.0,98.0,0,0.0,52000000
U_pre_info,5,98.0,99.0,0,0.0,52000000
U_pre_info,5,99.0,100.0,0,0.0,52000000
U_pre_info,5,100.0,101.0,0,0.0,52000000
U_pre_info,5,101.0,102.0,0,0.0,52000000
U_pre_info,5,102.0,103.0,0,0.0,52000000
U_pre_info,5,103.0,104.0,0,0.0,52000000
U_pre_info,5,104.0,105.0,0,0.0,52000000
U_pre_info,5,105.0,106.0,0,0.0,52000000
U_pre_info,5,106.0,107.0,0,0.0,52000000
U_pre_info,5,107.0,108.0,0,0.0,52000000
U_pre_info,5,108.0,109.0,0,0.0,52000000
U_pre_info,5,109.0,110.0,0,0.0,52000000
U_pre_info,5,110.0,111.0,0,0.0,52000000
U_pre_info,5,111.0,112.0,0,0.0,52000000
U_pre_info,5,112.0,113.0,0,0.0,52000000
U_pre_info,5,113.0,114.0,0,0.0,52000000
U_pre_info,5,114.0,115.0,0,0.0,52000000
U_pre_info,5,115.0,116.0,0,0.0,52000000
U_pre_info,5,116.0,117.0,0,0.0,52000000
U_pre_info,5,117.0,118.0,0,0.0,52000000
U_pre_info,5,118.0,119.0,0,0.0,52000000
U_pre_info,5,119.0,120.0,0,0.0,52000000
U_pre_info,6,-120.0,-119.0,0,0.0,52000000
U_pre_info,6,-119.0,-118.0,0,0.0,52000000
U_pre_info,6,-118.0,-117.0,0,0.0,52000000
U_pre_info,6,-117.0,-116.0,0,0.0,52000000
U_pre_info,6,-116.0,-115.0,0,0.0,52000000
U_pre_info,6,-115.0,-114.0,0,0.0,52000000
U_pre_info,6,-114.0,-113.0,0,0.0,52000000
U_pre_info,6,-113.0,-112.0,0,0.0,52000000
U_pre_info,6,-112.0,-111.0,0,0.0,52000000
U_pre_info,6,-111.0,-110.0,0,0.0,52000000
U_pre_info,6,-110.0,-109.0,0,0.0,52000000
U_pre_info,6,-109.0,-108.0,0,0.0,52000000
U_pre_info,6,-108.0,-107.0,0,0.0,52000000
U_pre_info,6,-107.0,-106.0,0,0.0,52000000
U_pre_info,6,-106.0,-105.0,0,0.0,52000000
U_pre_info,6,-105.0,-104.0,0,0.0,52000000
U_pre_info,6,-104.0,-103.0,0,0.0,52000000
U_pre_info,6,-103.0,-102.0,0,0.0,52000000
U_pre_info,6,-102.0,-101.0,0,0.0,52000000
U_pre_info,6,-101.0,-100.0,0,0.0,52000000
U_pre_info,6,-100.0,-99.0,0,0.0,52000000
U_pre_info,6,-99.0,-98.0,0,0.0,52000000
U_pre_info,6,-98.0,-97.0,0,0.0,52000000
U_pre_info,6,-97.0,-96.0,0,0.0,52000000
U_pre_info,6,-96.0,-95.0,0,0.0,52000000
U_pre_info,6,-95.0,-94.0,0,0.0,52000000
U_pre_info,6,-94.0,-93.0,0,0.0,52000000
U_pre_info,6,-93.0,-92.0,0,0.0,52000000
U_pre_info,6,-92.0,-91.0,0,0.0,52000000
U_pre_info,6,-91.0,-90.0,0,0.0,52000000
U_pre_info,6,-90.0,-89.0,0,0.0,52000000
U_pre_info,6,-89.0,-88.0,0,0.0,52000000
U_pre_info,6,-88.0,-87.0,0,0.0,52000000
U_pre_info,6,-87.0,-86.0,0,0.0,52000000
U_pre_info,6,-86.0,-85.0,0,0.0,52000000
U_pre_info,6,-85.0,-84.0,0,0.0,52000000
U_pre_info,6,-84.0,-83.0,0,0.0,52000000
U_pre_info,6,-83.0,-82.0,0,0.0,52000000
U_pre_info,6,-82.0,-81.0,0,0.0,52000000
U_pre_info,6,-81.0,-80.0,0,0.0,52000000
U_pre_info,6,-80.0,-79.0,0,0.0,52000000
U_pre_info,6,-79.0,-78.0,0,0.0,52000000
U_pre_info,6,-78.0,-77.0,0,0.0,52000000
U_pre_info,6,-77.0,-76.0,0,0.0,52000000
U_pre_info,6,-76.0,-75.0,0,0.0,52000000
U_pre_info,6,-75.0,-74.0,0,0.0,52000000
U_pre_info,6,-74.0,-73.0,0,0.0,52000000
U_pre_info,6,-73.0,-72.0,0,0.0,52000000
U_pre_info,6,-72.0,-71.0,0,0.0,52000000
U_pre_info,6,-71.0,-70.0,0,0.0,52000000
U_pre_info,6,-70.0,-69.0,0,0.0,52000000
U_pre_info,6,-69.0,-68.0,0,0.0,52000000
U_pre_info,6,-68.0,-67.0,0,0.0,52000000
U_pre_info,6,-67.0,-66.0,0,0.0,52000000
U_pre_info,6,-66.0,-65.0,0,0.0,52000000
U_pre_info,6,-65.0,-64.0,0,0.0,52000000
U_pre_info,6,-64.0,-63.0,0,0.0,52000000
U_pre_info,6,-63.0,-62.0,0,0.0,52000000
U_pre_info,6,-62.0,-61.0,0,0.0,52000000
U_pre_info,6,-61.0,-60.0,0,0.0,52000000
U_pre_info,6,-60.0,-59.0,0,0.0,52000000
U_pre_info,6,-59.0,-58.0,1,1.923076923076923e-08,52000000
U_pre_info,6,-58.0,-57.0,0,0.0,52000000
U_pre_info,6,-57.0,-56.0,0,0.0,52000000
U_pre_info,6,-56.0,-55.0,0,0.0,52000000
U_pre_info,6,-55.0,-54.0,1,1.923076923076923e-08,52000000
U_pre_info,6,-54.0,-53.0,0,0.0,52000000
U_pre_info,6,-53.0,-52.0,0,0.0,52000000
U_pre_info,6,-52.0,-51.0,1,1.923076923076923e-08,52000000
U_pre_info,6,-51.0,-50.0,0,0.0,52000000
U_pre_info,6,-50.0,-49.0,0,0.0,52000000
U_pre_info,6,-49.0,-48.0,0,0.0,52000000
U_pre_info,6,-48.0,-47.0,0,0.0,52000000
U_pre_info,6,-47.0,-46.0,0,0.0,52000000
U_pre_info,6,-46.0,-45.0,2,3.846153846153846e-08,52000000
U_pre_info,6,-45.0,-44.0,1,1.923076923076923e-08,52000000
U_pre_info,6,-44.0,-43.0,2,3.846153846153846e-08,52000000
U_pre_info,6,-43.0,-42.0,1,1.923076923076923e-08,52000000
U_pre_info,6,-42.0,-41.0,0,0.0,52000000
U_pre_info,6,-41.0,-40.0,2,3.846153846153846e-08,52000000
U_pre_info,6,-40.0,-39.0,2,3.846153846153846e-08,52000000
U_pre_info,6,-39.0,-38.0,0,0.0,52000000
U_pre_info,6,-38.0,-37.0,0,0.0,52000000
U_pre_info,6,-37.0,-36.0,2,3.846153846153846e-08,52000000
U_pre_info,6,-36.0,-35.0,0,0.0,52000000
U_pre_info,6,-35.0,-34.0,0,0.0,52000000
U_pre_info,6,-34.0,-33.0,4,7.692307692307692e-08,52000000
U_pre_info,6,-33.0,-32.0,1,1.923076923076923e-08,52000000
U_pre_info,6,-32.0,-31.0,7,1.346153846153846e-07,52000000
U_pre_info,6,-31.0,-30.0,3,5.7692307692307695e-08,52000000
U_pre_info,6,-30.0,-29.0,8,1.5384615384615385e-07,52000000
U_pre_info,6,-29.0,-28.0,3,5.7692307692307695e-08,52000000
U_pre_info,6,-28.0,-27.0,3,5.7692307692307695e-08,52000000
U_pre_info,6,-27.0,-26.0,4,7.692307692307692e-08,52000000
U_pre_info,6,-26.0,-25.0,9,1.7307692307692308e-07,52000000
U_pre_info,6,-25.0,-24.0,10,1.9230769230769231e-07,52000000
U_pre_info,6,-24.0,-23.0,4,7.692307692307692e-08,52000000
U_pre_info,6,-23.0,-22.0,12,2.3076923076923078e-07,52000000
U_pre_info,6,-22.0,-21.0,23,4.4230769230769233e-07,52000000
U_pre_info,6,-21.0,-20.0,20,3.8461538461538463e-07,52000000
U_pre_info,6,-20.0,-19.0,29,5.576923076923077e-07,52000000
U_pre_info,6,-19.0,-18.0,36,6.923076923076923e-07,52000000
U_pre_info,6,-18.0,-17.0,46,8.846153846153847e-07,52000000
U_pre_info,6,-17.0,-16.0,77,1.4807692307692307e-06,52000000
U_pre_info,6,-16.0,-15.0,97,1.8653846153846154e-06,52000000
U_pre_info,6,-15.0,-14.0,129,2.480769230769231e-06,52000000
U_pre_info,6,-14.0,-13.0,154,2.9615384615384614e-06,52000000
U_pre_info,6,-13.0,-12.0,213,4.096153846153846e-06,52000000
U_pre_info,6,-12.0,-11.0,336,6.461538461538462e-06,52000000
U_pre_info,6,-11.0,-10.0,492,9.461538461538461e-06,52000000
U_pre_info,6,-10.0,-9.0,756,1.4538461538461538e-05,52000000
U_pre_info,6,-9.0,-8.0,1280,2.4615384615384616e-05,52000000
U_pre_info,6,-8.0,-7.0,2017,3.878846153846154e-05,52000000
U_pre_info,6,-7.0,-6.0,3430,6.596153846153846e-05,52000000
U_pre_info,6,-6.0,-5.0,5782,0.0001111923076923077,52000000
U_pre_info,6,-5.0,-4.0,10095,0.00019413461538461539,52000000
U_pre_info,6,-4.0,-3.0,17745,0.00034125,52000000
U_pre_info,6,-3.0,-2.0,30437,0.0005853269230769231,52000000
U_pre_info,6,-2.0,-1.0,51445,0.000989326923076923,52000000
U_pre_info,6,-1.0,0.0,84582,0.001626576923076923,52000000
U_pre_info,6,0.0,1.0,134220,0.0025811538461538463,52000000
U_pre_info,6,1.0,2.0,205121,0.0039446346153846155,52000000
U_pre_info,6,2.0,3.0,300767,0.0057839807692307696,52000000
U_pre_info,6,3.0,4.0,423090,0.008136346153846154,52000000
U_pre_info,6,4.0,5.0,573723,0.011033134615384615,52000000
U_pre_info,6,5.0,6.0,749049,0.014404788461538462,52000000
U_pre_info,6,6.0,7.0,939725,0.018071634615384614,52000000
U_pre_info,6,7.0,8.0,1146451,0.022047134615384614,52000000
U_pre_info,6,8.0,9.0,1349824,0.025958153846153846,52000000
U_pre_info,6,9.0,10.0,1546899,0.02974805769230769,52000000
U_pre_info,6,10.0,11.0,1726110,0.03319442307692308,52000000
U_pre_info,6,11.0,12.0,1874258,0.03604342307692308,52000000
U_pre_info,6,12.0,13.0,1992557,0.03831840384615385,52000000
U_pre_info,6,13.0,14.0,2075887,0.03992090384615385,52000000
U_pre_info,6,14.0,15.0,2125901,0.04088271153846154,52000000
U_pre_info,6,15.0,16.0,2140400,0.041161538461538465,52000000
U_pre_info,6,16.0,17.0,2124763,0.04086082692307692,52000000
U_pre_info,6,17.0,18.0,2079923,0.03999851923076923,52000000
U_pre_info,6,18.0,19.0,2014033,0.038731403846153846,52000000
U_pre_info,6,19.0,20.0,1933414,0.03718103846153846,52000000
U_pre_info,6,20.0,21.0,1844074,0.03546296153846154,52000000
U_pre_info,6,21.0,22.0,1743562,0.03353003846153846,52000000
U_pre_info,6,22.0,23.0,1637765,0.03149548076923077,52000000
U_pre_info,6,23.0,24.0,1533207,0.02948475,52000000
U_pre_info,6,24.0,25.0,1427920,0.02746,52000000
U_pre_info,6,25.0,26.0,1327258,0.025524192307692307,52000000
U_pre_info,6,26.0,27.0,1234009,0.023730942307692307,52000000
U_pre_info,6,27.0,28.0,1146053,0.02203948076923077,52000000
U_pre_info,6,28.0,29.0,1061166,0.020407038461538463,52000000
U_pre_info,6,29.0,30.0,977888,0.01880553846153846,52000000
U_pre_info,6,30.0,31.0,897224,0.017254307692307694,52000000
U_pre_info,6,31.0,32.0,817780,0.015726538461538462,52000000
U_pre_info,6,32.0,33.0,739967,0.014230134615384615,52000000
U_pre_info,6,33.0,34.0,668336,0.012852615384615384,52000000
U_pre_info,6,34.0,35.0,604287,0.011620903846153847,52000000
U_pre_info,6,35.0,36.0,549990,0.010576730769230769,52000000
U_pre_info,6,36.0,37.0,503806,0.009688576923076923,52000000
U_pre_info,6,37.0,38.0,466549,0.008972096153846153,52000000
U_pre_info,6,38.0,39.0,434900,0.008363461538461538,52000000
U_pre_info,6,39.0,40.0,409411,0.007873288461538461,52000000
U_pre_info,6,40.0,41.0,386314,0.007429115384615385,52000000
U_pre_info,6,41.0,42.0,365819,0.007034980769230769,52000000
U_pre_info,6,42.0,43.0,344848,0.006631692307692308,52000000
U_pre_info,6,43.0,44.0,321248,0.0061778461538461536,52000000
U_pre_info,6,44.0,45.0,296170,0.005695576923076923,52000000
U_pre_info,6,45.0,46.0,268467,0.005162826923076923,52000000
U_pre_info,6,46.0,47.0,239701,0.004609634615384615,52000000
U_pre_info,6,47.0,48.0,214047,0.004116288461538461,52000000
U_pre_info,6,48.0,49.0,190464,0.0036627692307692307,52000000
U_pre_info,6,49.0,50.0,173152,0.0033298461538461537,52000000
U_pre_info,6,50.0,51.0,162364,0.0031223846153846154,52000000
U_pre_info,6,51.0,52.0,155024,0.0029812307692307694,52000000
U_pre_info,6,52.0,53.0,151029,0.002904403846153846,52000000
U_pre_info,6,53.0,54.0,148575,0.0028572115384615385,52000000
U_pre_info,6,54.0,55.0,147288,0.0028324615384615385,52000000
U_pre_info,6,55.0,56.0,142465,0.0027397115384615385,52000000
U_pre_info,6,56.0,57.0,134108,0.002579,52000000
U_pre_info,6,57.0,58.0,121842,0.0023431153846153845,52000000
U_pre_info,6,58.0,59.0,104298,0.002005730769230769,52000000
U_pre_info,6,59.0,60.0,83218,0.0016003461538461538,52000000
U_pre_info,6,60.0,61.0,62429,0.0012005576923076924,52000000
U_pre_info,6,61.0,62.0,42351,0.0008144423076923077,52000000
U_pre_info,6,62.0,63.0,26364,0.000507,52000000
U_pre_info,6,63.0,64.0,15016,0.0002887692307692308,52000000
U_pre_info,6,64.0,65.0,7474,0.00014373076923076923,52000000
U_pre_info,6,65.0,66.0,3399,6.536538461538462e-05,52000000
U_pre_info,6,66.0,67.0,1317,2.5326923076923076e-05,52000000
U_pre_info,6,67.0,68.0,432,8.307692307692307e-06,52000000
U_pre_info,6,68.0,69.0,158,3.0384615384615383e-06,52000000
U_pre_info,6,69.0,70.0,39,7.5e-07,52000000
U_pre_info,6,70.0,71.0,8,1.5384615384615385e-07,52000000
U_pre_info,6,71.0,72.0,1,1.923076923076923e-08,52000000
U_pre_info,6,72.0,73.0,0,0.0,52000000
U_pre_info,6,73.0,74.0,0,0.0,52000000
U_pre_info,6,74.0,75.0,0,0.0,52000000
U_pre_info,6,75.0,76.0,0,0.0,52000000
U_pre_info,6,76.0,77.0,0,0.0,52000000
U_pre_info,6,77.0,78.0,0,0.0,52000000
U_pre_info,6,78.0,79.0,0,0.0,52000000
U_pre_info,6,79.0,80.0,0,0.0,52000000
U_pre_info,6,80.0,81.0,0,0.0,52000000
U_pre_info,6,81.0,82.0,0,0.0,52000000
U_pre_info,6,82.0,83.0,0,0.0,52000000
U_pre_info,6,83.0,84.0,0,0.0,52000000
U_pre_info,6,84.0,85.0,0,0.0,52000000
U_pre_info,6,85.0,86.0,0,0.0,52000000
U_pre_info,6,86.0,87.0,0,0.0,52000000
U_pre_info,6,87.0,88.0,0,0.0,52000000
U_pre_info,6,88.0,89.0,0,0.0,52000000
U_pre_info,6,89.0,90.0,0,0.0,52000000
U_pre_info,6,90.0,91.0,0,0.0,52000000
U_pre_info,6,91.0,92.0,0,0.0,52000000
U_pre_info,6,92.0,93.0,0,0.0,52000000
U_pre_info,6,93.0,94.0,0,0.0,52000000
U_pre_info,6,94.0,95.0,0,0.0,52000000
U_pre_info,6,95.0,96.0,0,0.0,52000000
U_pre_info,6,96.0,97.0,0,0.0,52000000
U_pre_info,6,97.0,98.0,0,0.0,52000000
U_pre_info,6,98.0,99.0,0,0.0,52000000
U_pre_info,6,99.0,100.0,0,0.0,52000000
U_pre_info,6,100.0,101.0,0,0.0,52000000
U_pre_info,6,101.0,102.0,0,0.0,52000000
U_pre_info,6,102.0,103.0,0,0.0,52000000
U_pre_info,6,103.0,104.0,0,0.0,52000000
U_pre_info,6,104.0,105.0,0,0.0,52000000
U_pre_info,6,105.0,106.0,0,0.0,52000000
U_pre_info,6,106.0,107.0,0,0.0,52000000
U_pre_info,6,107.0,108.0,0,0.0,52000000
U_pre_info,6,108.0,109.0,0,0.0,52000000
U_pre_info,6,109.0,110.0,0,0.0,52000000
U_pre_info,6,110.0,111.0,0,0.0,52000000
U_pre_info,6,111.0,112.0,0,0.0,52000000
U_pre_info,6,112.0,113.0,0,0.0,52000000
U_pre_info,6,113.0,114.0,0,0.0,52000000
U_pre_info,6,114.0,115.0,0,0.0,52000000
U_pre_info,6,115.0,116.0,0,0.0,52000000
U_pre_info,6,116.0,117.0,0,0.0,52000000
U_pre_info,6,117.0,118.0,0,0.0,52000000
U_pre_info,6,118.0,119.0,0,0.0,52000000
U_pre_info,6,119.0,120.0,0,0.0,52000000
APP_pre_info,1,-120.0,-119.0,0,0.0,52000000
APP_pre_info,1,-119.0,-118.0,0,0.0,52000000
APP_pre_info,1,-118.0,-117.0,0,0.0,52000000
APP_pre_info,1,-117.0,-116.0,0,0.0,52000000
APP_pre_info,1,-116.0,-115.0,0,0.0,52000000
APP_pre_info,1,-115.0,-114.0,0,0.0,52000000
APP_pre_info,1,-114.0,-113.0,0,0.0,52000000
APP_pre_info,1,-113.0,-112.0,0,0.0,52000000
APP_pre_info,1,-112.0,-111.0,0,0.0,52000000
APP_pre_info,1,-111.0,-110.0,0,0.0,52000000
APP_pre_info,1,-110.0,-109.0,0,0.0,52000000
APP_pre_info,1,-109.0,-108.0,0,0.0,52000000
APP_pre_info,1,-108.0,-107.0,0,0.0,52000000
APP_pre_info,1,-107.0,-106.0,0,0.0,52000000
APP_pre_info,1,-106.0,-105.0,0,0.0,52000000
APP_pre_info,1,-105.0,-104.0,0,0.0,52000000
APP_pre_info,1,-104.0,-103.0,0,0.0,52000000
APP_pre_info,1,-103.0,-102.0,0,0.0,52000000
APP_pre_info,1,-102.0,-101.0,0,0.0,52000000
APP_pre_info,1,-101.0,-100.0,0,0.0,52000000
APP_pre_info,1,-100.0,-99.0,0,0.0,52000000
APP_pre_info,1,-99.0,-98.0,0,0.0,52000000
APP_pre_info,1,-98.0,-97.0,0,0.0,52000000
APP_pre_info,1,-97.0,-96.0,0,0.0,52000000
APP_pre_info,1,-96.0,-95.0,0,0.0,52000000
APP_pre_info,1,-95.0,-94.0,0,0.0,52000000
APP_pre_info,1,-94.0,-93.0,0,0.0,52000000
APP_pre_info,1,-93.0,-92.0,0,0.0,52000000
APP_pre_info,1,-92.0,-91.0,0,0.0,52000000
APP_pre_info,1,-91.0,-90.0,0,0.0,52000000
APP_pre_info,1,-90.0,-89.0,0,0.0,52000000
APP_pre_info,1,-89.0,-88.0,0,0.0,52000000
APP_pre_info,1,-88.0,-87.0,0,0.0,52000000
APP_pre_info,1,-87.0,-86.0,0,0.0,52000000
APP_pre_info,1,-86.0,-85.0,0,0.0,52000000
APP_pre_info,1,-85.0,-84.0,0,0.0,52000000
APP_pre_info,1,-84.0,-83.0,0,0.0,52000000
APP_pre_info,1,-83.0,-82.0,0,0.0,52000000
APP_pre_info,1,-82.0,-81.0,0,0.0,52000000
APP_pre_info,1,-81.0,-80.0,0,0.0,52000000
APP_pre_info,1,-80.0,-79.0,0,0.0,52000000
APP_pre_info,1,-79.0,-78.0,0,0.0,52000000
APP_pre_info,1,-78.0,-77.0,0,0.0,52000000
APP_pre_info,1,-77.0,-76.0,0,0.0,52000000
APP_pre_info,1,-76.0,-75.0,0,0.0,52000000
APP_pre_info,1,-75.0,-74.0,0,0.0,52000000
APP_pre_info,1,-74.0,-73.0,0,0.0,52000000
APP_pre_info,1,-73.0,-72.0,0,0.0,52000000
APP_pre_info,1,-72.0,-71.0,0,0.0,52000000
APP_pre_info,1,-71.0,-70.0,0,0.0,52000000
APP_pre_info,1,-70.0,-69.0,0,0.0,52000000
APP_pre_info,1,-69.0,-68.0,0,0.0,52000000
APP_pre_info,1,-68.0,-67.0,0,0.0,52000000
APP_pre_info,1,-67.0,-66.0,0,0.0,52000000
APP_pre_info,1,-66.0,-65.0,0,0.0,52000000
APP_pre_info,1,-65.0,-64.0,0,0.0,52000000
APP_pre_info,1,-64.0,-63.0,0,0.0,52000000
APP_pre_info,1,-63.0,-62.0,0,0.0,52000000
APP_pre_info,1,-62.0,-61.0,0,0.0,52000000
APP_pre_info,1,-61.0,-60.0,0,0.0,52000000
APP_pre_info,1,-60.0,-59.0,0,0.0,52000000
APP_pre_info,1,-59.0,-58.0,0,0.0,52000000
APP_pre_info,1,-58.0,-57.0,0,0.0,52000000
APP_pre_info,1,-57.0,-56.0,0,0.0,52000000
APP_pre_info,1,-56.0,-55.0,0,0.0,52000000
APP_pre_info,1,-55.0,-54.0,0,0.0,52000000
APP_pre_info,1,-54.0,-53.0,0,0.0,52000000
APP_pre_info,1,-53.0,-52.0,0,0.0,52000000
APP_pre_info,1,-52.0,-51.0,0,0.0,52000000
APP_pre_info,1,-51.0,-50.0,0,0.0,52000000
APP_pre_info,1,-50.0,-49.0,0,0.0,52000000
APP_pre_info,1,-49.0,-48.0,2,3.846153846153846e-08,52000000
APP_pre_info,1,-48.0,-47.0,0,0.0,52000000
APP_pre_info,1,-47.0,-46.0,0,0.0,52000000
APP_pre_info,1,-46.0,-45.0,0,0.0,52000000
APP_pre_info,1,-45.0,-44.0,0,0.0,52000000
APP_pre_info,1,-44.0,-43.0,1,1.923076923076923e-08,52000000
APP_pre_info,1,-43.0,-42.0,0,0.0,52000000
APP_pre_info,1,-42.0,-41.0,0,0.0,52000000
APP_pre_info,1,-41.0,-40.0,0,0.0,52000000
APP_pre_info,1,-40.0,-39.0,0,0.0,52000000
APP_pre_info,1,-39.0,-38.0,2,3.846153846153846e-08,52000000
APP_pre_info,1,-38.0,-37.0,2,3.846153846153846e-08,52000000
APP_pre_info,1,-37.0,-36.0,1,1.923076923076923e-08,52000000
APP_pre_info,1,-36.0,-35.0,1,1.923076923076923e-08,52000000
APP_pre_info,1,-35.0,-34.0,6,1.1538461538461539e-07,52000000
APP_pre_info,1,-34.0,-33.0,2,3.846153846153846e-08,52000000
APP_pre_info,1,-33.0,-32.0,0,0.0,52000000
APP_pre_info,1,-32.0,-31.0,2,3.846153846153846e-08,52000000
APP_pre_info,1,-31.0,-30.0,6,1.1538461538461539e-07,52000000
APP_pre_info,1,-30.0,-29.0,6,1.1538461538461539e-07,52000000
APP_pre_info,1,-29.0,-28.0,3,5.7692307692307695e-08,52000000
APP_pre_info,1,-28.0,-27.0,2,3.846153846153846e-08,52000000
APP_pre_info,1,-27.0,-26.0,5,9.615384615384616e-08,52000000
APP_pre_info,1,-26.0,-25.0,6,1.1538461538461539e-07,52000000
APP_pre_info,1,-25.0,-24.0,11,2.1153846153846155e-07,52000000
APP_pre_info,1,-24.0,-23.0,6,1.1538461538461539e-07,52000000
APP_pre_info,1,-23.0,-22.0,12,2.3076923076923078e-07,52000000
APP_pre_info,1,-22.0,-21.0,6,1.1538461538461539e-07,52000000
APP_pre_info,1,-21.0,-20.0,8,1.5384615384615385e-07,52000000
APP_pre_info,1,-20.0,-19.0,16,3.076923076923077e-07,52000000
APP_pre_info,1,-19.0,-18.0,17,3.269230769230769e-07,52000000
APP_pre_info,1,-18.0,-17.0,19,3.653846153846154e-07,52000000
APP_pre_info,1,-17.0,-16.0,34,6.538461538461538e-07,52000000
APP_pre_info,1,-16.0,-15.0,43,8.26923076923077e-07,52000000
APP_pre_info,1,-15.0,-14.0,71,1.3653846153846153e-06,52000000
APP_pre_info,1,-14.0,-13.0,111,2.1346153846153844e-06,52000000
APP_pre_info,1,-13.0,-12.0,154,2.9615384615384614e-06,52000000
APP_pre_info,1,-12.0,-11.0,229,4.403846153846154e-06,52000000
APP_pre_info,1,-11.0,-10.0,396,7.615384615384615e-06,52000000
APP_pre_info,1,-10.0,-9.0,608,1.1692307692307693e-05,52000000
APP_pre_info,1,-9.0,-8.0,910,1.75e-05,52000000
APP_pre_info,1,-8.0,-7.0,1543,2.9673076923076922e-05,52000000
APP_pre_info,1,-7.0,-6.0,2556,4.9153846153846157e-05,52000000
APP_pre_info,1,-6.0,-5.0,4007,7.705769230769231e-05,52000000
APP_pre_info,1,-5.0,-4.0,6075,0.00011682692307692308,52000000
APP_pre_info,1,-4.0,-3.0,9077,0.0001745576923076923,52000000
APP_pre_info,1,-3.0,-2.0,12897,0.00024801923076923075,52000000
APP_pre_info,1,-2.0,-1.0,17198,0.00033073076923076925,52000000
APP_pre_info,1,-1.0,0.0,23079,0.0004438269230769231,52000000
APP_pre_info,1,0.0,1.0,37646,0.0007239615384615384,52000000
APP_pre_info,1,1.0,2.0,50967,0.0009801346153846154,52000000
APP_pre_info,1,2.0,3.0,69521,0.0013369423076923076,52000000
APP_pre_info,1,3.0,4.0,94774,0.001822576923076923,52000000
APP_pre_info,1,4.0,5.0,126855,0.002439519230769231,52000000
APP_pre_info,1,5.0,6.0,164408,0.0031616923076923076,52000000
APP_pre_info,1,6.0,7.0,209058,0.004020346153846154,52000000
APP_pre_info,1,7.0,8.0,260324,0.005006230769230769,52000000
APP_pre_info,1,8.0,9.0,317494,0.006105653846153846,52000000
APP_pre_info,1,9.0,10.0,381338,0.007333423076923077,52000000
APP_pre_info,1,10.0,11.0,451343,0.008679673076923076,52000000
APP_pre_info,1,11.0,12.0,529730,0.010187115384615385,52000000
APP_pre_info,1,12.0,13.0,615622,0.011838884615384616,52000000
APP_pre_info,1,13.0,14.0,707513,0.01360601923076923,52000000
APP_pre_info,1,14.0,15.0,807167,0.015522442307692308,52000000
APP_pre_info,1,15.0,16.0,914301,0.01758271153846154,52000000
APP_pre_info,1,16.0,17.0,1023681,0.019686173076923077,52000000
APP_pre_info,1,17.0,18.0,1138715,0.021898365384615384,52000000
APP_pre_info,1,18.0,19.0,1250532,0.02404869230769231,52000000
APP_pre_info,1,19.0,20.0,1357746,0.0261105,52000000
APP_pre_info,1,20.0,21.0,1460056,0.028078,52000000
APP_pre_info,1,21.0,22.0,1550719,0.02982151923076923,52000000
APP_pre_info,1,22.0,23.0,1629066,0.03132819230769231,52000000
APP_pre_info,1,23.0,24.0,1690678,0.03251303846153846,52000000
APP_pre_info,1,24.0,25.0,1736325,0.03339086538461539,52000000
APP_pre_info,1,25.0,26.0,1762453,0.03389332692307692,52000000
APP_pre_info,1,26.0,27.0,1775202,0.0341385,52000000
APP_pre_info,1,27.0,28.0,1765542,0.03395273076923077,52000000
APP_pre_info,1,28.0,29.0,1744564,0.03354930769230769,52000000
APP_pre_info,1,29.0,30.0,1712939,0.032941134615384615,52000000
APP_pre_info,1,30.0,31.0,1667756,0.03207223076923077,52000000
APP_pre_info,1,31.0,32.0,1612565,0.031010865384615383,52000000
APP_pre_info,1,32.0,33.0,1548303,0.02977505769230769,52000000
APP_pre_info,1,33.0,34.0,1477480,0.028413076923076923,52000000
APP_pre_info,1,34.0,35.0,1403272,0.026986,52000000
APP_pre_info,1,35.0,36.0,1324299,0.02546728846153846,52000000
APP_pre_info,1,36.0,37.0,1244015,0.023923365384615383,52000000
APP_pre_info,1,37.0,38.0,1161293,0.022332557692307693,52000000
APP_pre_info,1,38.0,39.0,1083912,0.020844461538461537,52000000
APP_pre_info,1,39.0,40.0,1004890,0.019324807692307693,52000000
APP_pre_info,1,40.0,41.0,928988,0.017865153846153847,52000000
APP_pre_info,1,41.0,42.0,856593,0.016472942307692306,52000000
APP_pre_info,1,42.0,43.0,787978,0.015153423076923076,52000000
APP_pre_info,1,43.0,44.0,721368,0.013872461538461538,52000000
APP_pre_info,1,44.0,45.0,661166,0.01271473076923077,52000000
APP_pre_info,1,45.0,46.0,606987,0.011672826923076923,52000000
APP_pre_info,1,46.0,47.0,557036,0.010712230769230769,52000000
APP_pre_info,1,47.0,48.0,512463,0.009855057692307692,52000000
APP_pre_info,1,48.0,49.0,470832,0.009054461538461539,52000000
APP_pre_info,1,49.0,50.0,434550,0.008356730769230769,52000000
APP_pre_info,1,50.0,51.0,401589,0.0077228653846153844,52000000
APP_pre_info,1,51.0,52.0,370331,0.00712175,52000000
APP_pre_info,1,52.0,53.0,342680,0.00659,52000000
APP_pre_info,1,53.0,54.0,316264,0.006082,52000000
APP_pre_info,1,54.0,55.0,291336,0.005602615384615385,52000000
APP_pre_info,1,55.0,56.0,267729,0.005148634615384616,52000000
APP_pre_info,1,56.0,57.0,245272,0.004716769230769231,52000000
APP_pre_info,1,57.0,58.0,226135,0.00434875,52000000
APP_pre_info,1,58.0,59.0,207496,0.003990307692307692,52000000
APP_pre_info,1,59.0,60.0,191569,0.0036840192307692307,52000000
APP_pre_info,1,60.0,61.0,178028,0.0034236153846153848,52000000
APP_pre_info,1,61.0,62.0,165329,0.003179403846153846,52000000
APP_pre_info,1,62.0,63.0,154758,0.0029761153846153848,52000000
APP_pre_info,1,63.0,64.0,144465,0.002778173076923077,52000000
APP_pre_info,1,64.0,65.0,134871,0.0025936730769230767,52000000
APP_pre_info,1,65.0,66.0,124847,0.002400903846153846,52000000
APP_pre_info,1,66.0,67.0,115238,0.0022161153846153845,52000000
APP_pre_info,1,67.0,68.0,104346,0.002006653846153846,52000000
APP_pre_info,1,68.0,69.0,93065,0.0017897115384615384,52000000
APP_pre_info,1,69.0,70.0,81409,0.0015655576923076923,52000000
APP_pre_info,1,70.0,71.0,70093,0.0013479423076923076,52000000
APP_pre_info,1,71.0,72.0,59236,0.0011391538461538462,52000000
APP_pre_info,1,72.0,73.0,48917,0.0009407115384615385,52000000
APP_pre_info,1,73.0,74.0,40513,0.0007790961538461539,52000000
APP_pre_info,1,74.0,75.0,33152,0.0006375384615384615,52000000
APP_pre_info,1,75.0,76.0,26687,0.0005132115384615384,52000000
APP_pre_info,1,76.0,77.0,21524,0.0004139230769230769,52000000
APP_pre_info,1,77.0,78.0,17361,0.0003338653846153846,52000000
APP_pre_info,1,78.0,79.0,13563,0.0002608269230769231,52000000
APP_pre_info,1,79.0,80.0,10341,0.00019886538461538463,52000000
APP_pre_info,1,80.0,81.0,7568,0.00014553846153846154,52000000
APP_pre_info,1,81.0,82.0,5232,0.00010061538461538461,52000000
APP_pre_info,1,82.0,83.0,3395,6.528846153846154e-05,52000000
APP_pre_info,1,83.0,84.0,2182,4.196153846153846e-05,52000000
APP_pre_info,1,84.0,85.0,1186,2.2807692307692307e-05,52000000
APP_pre_info,1,85.0,86.0,629,1.2096153846153847e-05,52000000
APP_pre_info,1,86.0,87.0,291,5.596153846153846e-06,52000000
APP_pre_info,1,87.0,88.0,136,2.6153846153846154e-06,52000000
APP_pre_info,1,88.0,89.0,59,1.1346153846153847e-06,52000000
APP_pre_info,1,89.0,90.0,16,3.076923076923077e-07,52000000
APP_pre_info,1,90.0,91.0,6,1.1538461538461539e-07,52000000
APP_pre_info,1,91.0,92.0,1,1.923076923076923e-08,52000000
APP_pre_info,1,92.0,93.0,0,0.0,52000000
APP_pre_info,1,93.0,94.0,0,0.0,52000000
APP_pre_info,1,94.0,95.0,0,0.0,52000000
APP_pre_info,1,95.0,96.0,0,0.0,52000000
APP_pre_info,1,96.0,97.0,0,0.0,52000000
APP_pre_info,1,97.0,98.0,0,0.0,52000000
APP_pre_info,1,98.0,99.0,0,0.0,52000000
APP_pre_info,1,99.0,100.0,0,0.0,52000000
APP_pre_info,1,100.0,101.0,0,0.0,52000000
APP_pre_info,1,101.0,102.0,0,0.0,52000000
APP_pre_info,1,102.0,103.0,0,0.0,52000000
APP_pre_info,1,103.0,104.0,0,0.0,52000000
APP_pre_info,1,104.0,105.0,0,0.0,52000000
APP_pre_info,1,105.0,106.0,0,0.0,52000000
APP_pre_info,1,106.0,107.0,0,0.0,52000000
APP_pre_info,1,107.0,108.0,0,0.0,52000000
APP_pre_info,1,108.0,109.0,0,0.0,52000000
APP_pre_info,1,109.0,110.0,0,0.0,52000000
APP_pre_info,1,110.0,111.0,0,0.0,52000000
APP_pre_info,1,111.0,112.0,0,0.0,52000000
APP_pre_info,1,112.0,113.0,0,0.0,52000000
APP_pre_info,1,113.0,114.0,0,0.0,52000000
APP_pre_info,1,114.0,115.0,0,0.0,52000000
APP_pre_info,1,115.0,116.0,0,0.0,52000000
APP_pre_info,1,116.0,117.0,0,0.0,52000000
APP_pre_info,1,117.0,118.0,0,0.0,52000000
APP_pre_info,1,118.0,119.0,0,0.0,52000000
APP_pre_info,1,119.0,120.0,0,0.0,52000000
APP_pre_info,2,-120.0,-119.0,0,0.0,52000000
APP_pre_info,2,-119.0,-118.0,0,0.0,52000000
APP_pre_info,2,-118.0,-117.0,0,0.0,52000000
APP_pre_info,2,-117.0,-116.0,0,0.0,52000000
APP_pre_info,2,-116.0,-115.0,0,0.0,52000000
APP_pre_info,2,-115.0,-114.0,0,0.0,52000000
APP_pre_info,2,-114.0,-113.0,0,0.0,52000000
APP_pre_info,2,-113.0,-112.0,0,0.0,52000000
APP_pre_info,2,-112.0,-111.0,0,0.0,52000000
APP_pre_info,2,-111.0,-110.0,0,0.0,52000000
APP_pre_info,2,-110.0,-109.0,0,0.0,52000000
APP_pre_info,2,-109.0,-108.0,0,0.0,52000000
APP_pre_info,2,-108.0,-107.0,0,0.0,52000000
APP_pre_info,2,-107.0,-106.0,0,0.0,52000000
APP_pre_info,2,-106.0,-105.0,0,0.0,52000000
APP_pre_info,2,-105.0,-104.0,0,0.0,52000000
APP_pre_info,2,-104.0,-103.0,0,0.0,52000000
APP_pre_info,2,-103.0,-102.0,0,0.0,52000000
APP_pre_info,2,-102.0,-101.0,0,0.0,52000000
APP_pre_info,2,-101.0,-100.0,0,0.0,52000000
APP_pre_info,2,-100.0,-99.0,0,0.0,52000000
APP_pre_info,2,-99.0,-98.0,0,0.0,52000000
APP_pre_info,2,-98.0,-97.0,0,0.0,52000000
APP_pre_info,2,-97.0,-96.0,0,0.0,52000000
APP_pre_info,2,-96.0,-95.0,0,0.0,52000000
APP_pre_info,2,-95.0,-94.0,0,0.0,52000000
APP_pre_info,2,-94.0,-93.0,0,0.0,52000000
APP_pre_info,2,-93.0,-92.0,0,0.0,52000000
APP_pre_info,2,-92.0,-91.0,0,0.0,52000000
APP_pre_info,2,-91.0,-90.0,0,0.0,52000000
APP_pre_info,2,-90.0,-89.0,0,0.0,52000000
APP_pre_info,2,-89.0,-88.0,0,0.0,52000000
APP_pre_info,2,-88.0,-87.0,0,0.0,52000000
APP_pre_info,2,-87.0,-86.0,0,0.0,52000000
APP_pre_info,2,-86.0,-85.0,0,0.0,52000000
APP_pre_info,2,-85.0,-84.0,0,0.0,52000000
APP_pre_info,2,-84.0,-83.0,0,0.0,52000000
APP_pre_info,2,-83.0,-82.0,0,0.0,52000000
APP_pre_info,2,-82.0,-81.0,0,0.0,52000000
APP_pre_info,2,-81.0,-80.0,0,0.0,52000000
APP_pre_info,2,-80.0,-79.0,0,0.0,52000000
APP_pre_info,2,-79.0,-78.0,0,0.0,52000000
APP_pre_info,2,-78.0,-77.0,0,0.0,52000000
APP_pre_info,2,-77.0,-76.0,0,0.0,52000000
APP_pre_info,2,-76.0,-75.0,0,0.0,52000000
APP_pre_info,2,-75.0,-74.0,0,0.0,52000000
APP_pre_info,2,-74.0,-73.0,0,0.0,52000000
APP_pre_info,2,-73.0,-72.0,0,0.0,52000000
APP_pre_info,2,-72.0,-71.0,0,0.0,52000000
APP_pre_info,2,-71.0,-70.0,0,0.0,52000000
APP_pre_info,2,-70.0,-69.0,0,0.0,52000000
APP_pre_info,2,-69.0,-68.0,0,0.0,52000000
APP_pre_info,2,-68.0,-67.0,0,0.0,52000000
APP_pre_info,2,-67.0,-66.0,0,0.0,52000000
APP_pre_info,2,-66.0,-65.0,0,0.0,52000000
APP_pre_info,2,-65.0,-64.0,0,0.0,52000000
APP_pre_info,2,-64.0,-63.0,0,0.0,52000000
APP_pre_info,2,-63.0,-62.0,0,0.0,52000000
APP_pre_info,2,-62.0,-61.0,0,0.0,52000000
APP_pre_info,2,-61.0,-60.0,1,1.923076923076923e-08,52000000
APP_pre_info,2,-60.0,-59.0,0,0.0,52000000
APP_pre_info,2,-59.0,-58.0,0,0.0,52000000
APP_pre_info,2,-58.0,-57.0,0,0.0,52000000
APP_pre_info,2,-57.0,-56.0,1,1.923076923076923e-08,52000000
APP_pre_info,2,-56.0,-55.0,0,0.0,52000000
APP_pre_info,2,-55.0,-54.0,0,0.0,52000000
APP_pre_info,2,-54.0,-53.0,0,0.0,52000000
APP_pre_info,2,-53.0,-52.0,0,0.0,52000000
APP_pre_info,2,-52.0,-51.0,0,0.0,52000000
APP_pre_info,2,-51.0,-50.0,1,1.923076923076923e-08,52000000
APP_pre_info,2,-50.0,-49.0,0,0.0,52000000
APP_pre_info,2,-49.0,-48.0,1,1.923076923076923e-08,52000000
APP_pre_info,2,-48.0,-47.0,0,0.0,52000000
APP_pre_info,2,-47.0,-46.0,0,0.0,52000000
APP_pre_info,2,-46.0,-45.0,0,0.0,52000000
APP_pre_info,2,-45.0,-44.0,0,0.0,52000000
APP_pre_info,2,-44.0,-43.0,1,1.923076923076923e-08,52000000
APP_pre_info,2,-43.0,-42.0,0,0.0,52000000
APP_pre_info,2,-42.0,-41.0,0,0.0,52000000
APP_pre_info,2,-41.0,-40.0,1,1.923076923076923e-08,52000000
APP_pre_info,2,-40.0,-39.0,2,3.846153846153846e-08,52000000
APP_pre_info,2,-39.0,-38.0,1,1.923076923076923e-08,52000000
APP_pre_info,2,-38.0,-37.0,2,3.846153846153846e-08,52000000
APP_pre_info,2,-37.0,-36.0,1,1.923076923076923e-08,52000000
APP_pre_info,2,-36.0,-35.0,3,5.7692307692307695e-08,52000000
APP_pre_info,2,-35.0,-34.0,3,5.7692307692307695e-08,52000000
APP_pre_info,2,-34.0,-33.0,2,3.846153846153846e-08,52000000
APP_pre_info,2,-33.0,-32.0,5,9.615384615384616e-08,52000000
APP_pre_info,2,-32.0,-31.0,6,1.1538461538461539e-07,52000000
APP_pre_info,2,-31.0,-30.0,3,5.7692307692307695e-08,52000000
APP_pre_info,2,-30.0,-29.0,5,9.615384615384616e-08,52000000
APP_pre_info,2,-29.0,-28.0,4,7.692307692307692e-08,52000000
APP_pre_info,2,-28.0,-27.0,8,1.5384615384615385e-07,52000000
APP_pre_info,2,-27.0,-26.0,6,1.1538461538461539e-07,52000000
APP_pre_info,2,-26.0,-25.0,9,1.7307692307692308e-07,52000000
APP_pre_info,2,-25.0,-24.0,16,3.076923076923077e-07,52000000
APP_pre_info,2,-24.0,-23.0,12,2.3076923076923078e-07,52000000
APP_pre_info,2,-23.0,-22.0,15,2.8846153846153846e-07,52000000
APP_pre_info,2,-22.0,-21.0,28,5.384615384615384e-07,52000000
APP_pre_info,2,-21.0,-20.0,53,1.0192307692307693e-06,52000000
APP_pre_info,2,-20.0,-19.0,56,1.0769230769230769e-06,52000000
APP_pre_info,2,-19.0,-18.0,71,1.3653846153846153e-06,52000000
APP_pre_info,2,-18.0,-17.0,103,1.9807692307692306e-06,52000000
APP_pre_info,2,-17.0,-16.0,161,3.0961538461538464e-06,52000000
APP_pre_info,2,-16.0,-15.0,209,4.01923076923077e-06,52000000
APP_pre_info,2,-15.0,-14.0,268,5.1538461538461534e-06,52000000
APP_pre_info,2,-14.0,-13.0,391,7.519230769230769e-06,52000000
APP_pre_info,2,-13.0,-12.0,535,1.0288461538461538e-05,52000000
APP_pre_info,2,-12.0,-11.0,738,1.4192307692307692e-05,52000000
APP_pre_info,2,-11.0,-10.0,890,1.7115384615384617e-05,52000000
APP_pre_info,2,-10.0,-9.0,1189,2.2865384615384614e-05,52000000
APP_pre_info,2,-9.0,-8.0,1478,2.8423076923076923e-05,52000000
APP_pre_info,2,-8.0,-7.0,1855,3.5673076923076926e-05,52000000
APP_pre_info,2,-7.0,-6.0,2168,4.1692307692307695e-05,52000000
APP_pre_info,2,-6.0,-5.0,2675,5.1442307692307695e-05,52000000
APP_pre_info,2,-5.0,-4.0,2978,5.726923076923077e-05,52000000
APP_pre_info,2,-4.0,-3.0,3284,6.315384615384615e-05,52000000
APP_pre_info,2,-3.0,-2.0,3671,7.059615384615385e-05,52000000
APP_pre_info,2,-2.0,-1.0,4069,7.825e-05,52000000
APP_pre_info,2,-1.0,0.0,4590,8.826923076923077e-05,52000000
APP_pre_info,2,0.0,1.0,12789,0.0002459423076923077,52000000
APP_pre_info,2,1.0,2.0,18656,0.00035876923076923076,52000000
APP_pre_info,2,2.0,3.0,27136,0.0005218461538461539,52000000
APP_pre_info,2,3.0,4.0,39892,0.0007671538461538461,52000000
APP_pre_info,2,4.0,5.0,57118,0.001098423076923077,52000000
APP_pre_info,2,5.0,6.0,79159,0.0015222884615384616,52000000
APP_pre_info,2,6.0,7.0,108330,0.0020832692307692306,52000000
APP_pre_info,2,7.0,8.0,145352,0.002795230769230769,52000000
APP_pre_info,2,8.0,9.0,191911,0.0036905961538461537,52000000
APP_pre_info,2,9.0,10.0,247599,0.004761519230769231,52000000
APP_pre_info,2,10.0,11.0,314028,0.006039,52000000
APP_pre_info,2,11.0,12.0,394514,0.007586807692307692,52000000
APP_pre_info,2,12.0,13.0,485983,0.009345826923076924,52000000
APP_pre_info,2,13.0,14.0,588266,0.011312807692307691,52000000
APP_pre_info,2,14.0,15.0,700661,0.01347425,52000000
APP_pre_info,2,15.0,16.0,824672,0.015859076923076924,52000000
APP_pre_info,2,16.0,17.0,950208,0.01827323076923077,52000000
APP_pre_info,2,17.0,18.0,1080901,0.02078655769230769,52000000
APP_pre_info,2,18.0,19.0,1209691,0.02326328846153846,52000000
APP_pre_info,2,19.0,20.0,1332422,0.0256235,52000000
APP_pre_info,2,20.0,21.0,1447125,0.027829326923076922,52000000
APP_pre_info,2,21.0,22.0,1549994,0.029807576923076923,52000000
APP_pre_info,2,22.0,23.0,1639526,0.03152934615384615,52000000
APP_pre_info,2,23.0,24.0,1709041,0.03286617307692308,52000000
APP_pre_info,2,24.0,25.0,1762571,0.03389559615384615,52000000
APP_pre_info,2,25.0,26.0,1796091,0.03454021153846154,52000000
APP_pre_info,2,26.0,27.0,1814807,0.03490013461538462,52000000
APP_pre_info,2,27.0,28.0,1810348,0.034814384615384615,52000000
APP_pre_info,2,28.0,29.0,1792859,0.03447805769230769,52000000
APP_pre_info,2,29.0,30.0,1765577,0.03395340384615385,52000000
APP_pre_info,2,30.0,31.0,1722113,0.03311755769230769,52000000
APP_pre_info,2,31.0,32.0,1669368,0.032103230769230766,52000000
APP_pre_info,2,32.0,33.0,1605865,0.03088201923076923,52000000
APP_pre_info,2,33.0,34.0,1536168,0.029541692307692307,52000000
APP_pre_info,2,34.0,35.0,1463072,0.028136,52000000
APP_pre_info,2,35.0,36.0,1384066,0.026616653846153845,52000000
APP_pre_info,2,36.0,37.0,1303272,0.025062923076923076,52000000
APP_pre_info,2,37.0,38.0,1219955,0.023460673076923077,52000000
APP_pre_info,2,38.0,39.0,1141349,0.02194901923076923,52000000
APP_pre_info,2,39.0,40.0,1061369,0.020410942307692307,52000000
APP_pre_info,2,40.0,41.0,983479,0.01891305769230769,52000000
APP_pre_info,2,41.0,42.0,909465,0.017489711538461537,52000000
APP_pre_info,2,42.0,43.0,838798,0.01613073076923077,52000000
APP_pre_info,2,43.0,44.0,770263,0.01481275,52000000
APP_pre_info,2,44.0,45.0,708161,0.01361848076923077,52000000
APP_pre_info,2,45.0,46.0,651914,0.012536807692307693,52000000
APP_pre_info,2,46.0,47.0,599977,0.01153801923076923,52000000
APP_pre_info,2,47.0,48.0,553467,0.010643596153846155,52000000
APP_pre_info,2,48.0,49.0,509788,0.009803615384615385,52000000
APP_pre_info,2,49.0,50.0,471823,0.00907351923076923,52000000
APP_pre_info,2,50.0,51.0,437257,0.008408788461538462,52000000
APP_pre_info,2,51.0,52.0,404579,0.007780365384615385,52000000
APP_pre_info,2,52.0,53.0,374730,0.0072063461538461535,52000000
APP_pre_info,2,53.0,54.0,346546,0.0066643461538461535,52000000
APP_pre_info,2,54.0,55.0,319428,0.006142846153846154,52000000
APP_pre_info,2,55.0,56.0,294592,0.00566523076923077,52000000
APP_pre_info,2,56.0,57.0,270151,0.005195211538461538,52000000
APP_pre_info,2,57.0,58.0,249171,0.00479175,52000000
APP_pre_info,2,58.0,59.0,228909,0.004402096153846154,52000000
APP_pre_info,2,59.0,60.0,211692,0.004071,52000000
APP_pre_info,2,60.0,61.0,196501,0.0037788653846153844,52000000
APP_pre_info,2,61.0,62.0,182696,0.0035133846153846153,52000000
APP_pre_info,2,62.0,63.0,171233,0.0032929423076923075,52000000
APP_pre_info,2,63.0,64.0,159559,0.0030684423076923076,52000000
APP_pre_info,2,64.0,65.0,149175,0.00286875,52000000
APP_pre_info,2,65.0,66.0,138086,0.0026555,52000000
APP_pre_info,2,66.0,67.0,127290,0.0024478846153846152,52000000
APP_pre_info,2,67.0,68.0,115281,0.002216942307692308,52000000
APP_pre_info,2,68.0,69.0,102879,0.001978442307692308,52000000
APP_pre_info,2,69.0,70.0,89804,0.001727,52000000
APP_pre_info,2,70.0,71.0,77433,0.0014890961538461538,52000000
APP_pre_info,2,71.0,72.0,65275,0.0012552884615384615,52000000
APP_pre_info,2,72.0,73.0,53965,0.0010377884615384615,52000000
APP_pre_info,2,73.0,74.0,44476,0.0008553076923076923,52000000
APP_pre_info,2,74.0,75.0,36408,0.0007001538461538461,52000000
APP_pre_info,2,75.0,76.0,29264,0.0005627692307692307,52000000
APP_pre_info,2,76.0,77.0,23602,0.0004538846153846154,52000000
APP_pre_info,2,77.0,78.0,19021,0.00036578846153846156,52000000
APP_pre_info,2,78.0,79.0,14786,0.00028434615384615385,52000000
APP_pre_info,2,79.0,80.0,11277,0.0002168653846153846,52000000
APP_pre_info,2,80.0,81.0,8239,0.00015844230769230768,52000000
APP_pre_info,2,81.0,82.0,5663,0.00010890384615384615,52000000
APP_pre_info,2,82.0,83.0,3665,7.048076923076923e-05,52000000
APP_pre_info,2,83.0,84.0,2374,4.565384615384615e-05,52000000
APP_pre_info,2,84.0,85.0,1256,2.4153846153846155e-05,52000000
APP_pre_info,2,85.0,86.0,678,1.3038461538461539e-05,52000000
APP_pre_info,2,86.0,87.0,306,5.884615384615385e-06,52000000
APP_pre_info,2,87.0,88.0,138,2.6538461538461537e-06,52000000
APP_pre_info,2,88.0,89.0,62,1.1923076923076923e-06,52000000
APP_pre_info,2,89.0,90.0,17,3.269230769230769e-07,52000000
APP_pre_info,2,90.0,91.0,7,1.346153846153846e-07,52000000
APP_pre_info,2,91.0,92.0,1,1.923076923076923e-08,52000000
APP_pre_info,2,92.0,93.0,0,0.0,52000000
APP_pre_info,2,93.0,94.0,0,0.0,52000000
APP_pre_info,2,94.0,95.0,0,0.0,52000000
APP_pre_info,2,95.0,96.0,0,0.0,52000000
APP_pre_info,2,96.0,97.0,0,0.0,52000000
APP_pre_info,2,97.0,98.0,0,0.0,52000000
APP_pre_info,2,98.0,99.0,0,0.0,52000000
APP_pre_info,2,99.0,100.0,0,0.0,52000000
APP_pre_info,2,100.0,101.0,0,0.0,52000000
APP_pre_info,2,101.0,102.0,0,0.0,52000000
APP_pre_info,2,102.0,103.0,0,0.0,52000000
APP_pre_info,2,103.0,104.0,0,0.0,52000000
APP_pre_info,2,104.0,105.0,0,0.0,52000000
APP_pre_info,2,105.0,106.0,0,0.0,52000000
APP_pre_info,2,106.0,107.0,0,0.0,52000000
APP_pre_info,2,107.0,108.0,0,0.0,52000000
APP_pre_info,2,108.0,109.0,0,0.0,52000000
APP_pre_info,2,109.0,110.0,0,0.0,52000000
APP_pre_info,2,110.0,111.0,0,0.0,52000000
APP_pre_info,2,111.0,112.0,0,0.0,52000000
APP_pre_info,2,112.0,113.0,0,0.0,52000000
APP_pre_info,2,113.0,114.0,0,0.0,52000000
APP_pre_info,2,114.0,115.0,0,0.0,52000000
APP_pre_info,2,115.0,116.0,0,0.0,52000000
APP_pre_info,2,116.0,117.0,0,0.0,52000000
APP_pre_info,2,117.0,118.0,0,0.0,52000000
APP_pre_info,2,118.0,119.0,0,0.0,52000000
APP_pre_info,2,119.0,120.0,0,0.0,52000000
APP_pre_info,3,-120.0,-119.0,0,0.0,52000000
APP_pre_info,3,-119.0,-118.0,0,0.0,52000000
APP_pre_info,3,-118.0,-117.0,0,0.0,52000000
APP_pre_info,3,-117.0,-116.0,0,0.0,52000000
APP_pre_info,3,-116.0,-115.0,0,0.0,52000000
APP_pre_info,3,-115.0,-114.0,0,0.0,52000000
APP_pre_info,3,-114.0,-113.0,0,0.0,52000000
APP_pre_info,3,-113.0,-112.0,0,0.0,52000000
APP_pre_info,3,-112.0,-111.0,0,0.0,52000000
APP_pre_info,3,-111.0,-110.0,0,0.0,52000000
APP_pre_info,3,-110.0,-109.0,0,0.0,52000000
APP_pre_info,3,-109.0,-108.0,0,0.0,52000000
APP_pre_info,3,-108.0,-107.0,0,0.0,52000000
APP_pre_info,3,-107.0,-106.0,0,0.0,52000000
APP_pre_info,3,-106.0,-105.0,0,0.0,52000000
APP_pre_info,3,-105.0,-104.0,0,0.0,52000000
APP_pre_info,3,-104.0,-103.0,0,0.0,52000000
APP_pre_info,3,-103.0,-102.0,0,0.0,52000000
APP_pre_info,3,-102.0,-101.0,0,0.0,52000000
APP_pre_info,3,-101.0,-100.0,0,0.0,52000000
APP_pre_info,3,-100.0,-99.0,0,0.0,52000000
APP_pre_info,3,-99.0,-98.0,0,0.0,52000000
APP_pre_info,3,-98.0,-97.0,0,0.0,52000000
APP_pre_info,3,-97.0,-96.0,0,0.0,52000000
APP_pre_info,3,-96.0,-95.0,0,0.0,52000000
APP_pre_info,3,-95.0,-94.0,0,0.0,52000000
APP_pre_info,3,-94.0,-93.0,0,0.0,52000000
APP_pre_info,3,-93.0,-92.0,0,0.0,52000000
APP_pre_info,3,-92.0,-91.0,0,0.0,52000000
APP_pre_info,3,-91.0,-90.0,0,0.0,52000000
APP_pre_info,3,-90.0,-89.0,0,0.0,52000000
APP_pre_info,3,-89.0,-88.0,0,0.0,52000000
APP_pre_info,3,-88.0,-87.0,0,0.0,52000000
APP_pre_info,3,-87.0,-86.0,0,0.0,52000000
APP_pre_info,3,-86.0,-85.0,0,0.0,52000000
APP_pre_info,3,-85.0,-84.0,0,0.0,52000000
APP_pre_info,3,-84.0,-83.0,0,0.0,52000000
APP_pre_info,3,-83.0,-82.0,0,0.0,52000000
APP_pre_info,3,-82.0,-81.0,0,0.0,52000000
APP_pre_info,3,-81.0,-80.0,0,0.0,52000000
APP_pre_info,3,-80.0,-79.0,0,0.0,52000000
APP_pre_info,3,-79.0,-78.0,0,0.0,52000000
APP_pre_info,3,-78.0,-77.0,0,0.0,52000000
APP_pre_info,3,-77.0,-76.0,0,0.0,52000000
APP_pre_info,3,-76.0,-75.0,0,0.0,52000000
APP_pre_info,3,-75.0,-74.0,0,0.0,52000000
APP_pre_info,3,-74.0,-73.0,0,0.0,52000000
APP_pre_info,3,-73.0,-72.0,0,0.0,52000000
APP_pre_info,3,-72.0,-71.0,0,0.0,52000000
APP_pre_info,3,-71.0,-70.0,0,0.0,52000000
APP_pre_info,3,-70.0,-69.0,0,0.0,52000000
APP_pre_info,3,-69.0,-68.0,0,0.0,52000000
APP_pre_info,3,-68.0,-67.0,0,0.0,52000000
APP_pre_info,3,-67.0,-66.0,0,0.0,52000000
APP_pre_info,3,-66.0,-65.0,0,0.0,52000000
APP_pre_info,3,-65.0,-64.0,0,0.0,52000000
APP_pre_info,3,-64.0,-63.0,0,0.0,52000000
APP_pre_info,3,-63.0,-62.0,0,0.0,52000000
APP_pre_info,3,-62.0,-61.0,0,0.0,52000000
APP_pre_info,3,-61.0,-60.0,0,0.0,52000000
APP_pre_info,3,-60.0,-59.0,0,0.0,52000000
APP_pre_info,3,-59.0,-58.0,0,0.0,52000000
APP_pre_info,3,-58.0,-57.0,0,0.0,52000000
APP_pre_info,3,-57.0,-56.0,0,0.0,52000000
APP_pre_info,3,-56.0,-55.0,0,0.0,52000000
APP_pre_info,3,-55.0,-54.0,0,0.0,52000000
APP_pre_info,3,-54.0,-53.0,0,0.0,52000000
APP_pre_info,3,-53.0,-52.0,0,0.0,52000000
APP_pre_info,3,-52.0,-51.0,0,0.0,52000000
APP_pre_info,3,-51.0,-50.0,0,0.0,52000000
APP_pre_info,3,-50.0,-49.0,0,0.0,52000000
APP_pre_info,3,-49.0,-48.0,0,0.0,52000000
APP_pre_info,3,-48.0,-47.0,0,0.0,52000000
APP_pre_info,3,-47.0,-46.0,0,0.0,52000000
APP_pre_info,3,-46.0,-45.0,0,0.0,52000000
APP_pre_info,3,-45.0,-44.0,0,0.0,52000000
APP_pre_info,3,-44.0,-43.0,0,0.0,52000000
APP_pre_info,3,-43.0,-42.0,0,0.0,52000000
APP_pre_info,3,-42.0,-41.0,0,0.0,52000000
APP_pre_info,3,-41.0,-40.0,0,0.0,52000000
APP_pre_info,3,-40.0,-39.0,0,0.0,52000000
APP_pre_info,3,-39.0,-38.0,0,0.0,52000000
APP_pre_info,3,-38.0,-37.0,0,0.0,52000000
APP_pre_info,3,-37.0,-36.0,0,0.0,52000000
APP_pre_info,3,-36.0,-35.0,3,5.7692307692307695e-08,52000000
APP_pre_info,3,-35.0,-34.0,2,3.846153846153846e-08,52000000
APP_pre_info,3,-34.0,-33.0,1,1.923076923076923e-08,52000000
APP_pre_info,3,-33.0,-32.0,2,3.846153846153846e-08,52000000
APP_pre_info,3,-32.0,-31.0,3,5.7692307692307695e-08,52000000
APP_pre_info,3,-31.0,-30.0,6,1.1538461538461539e-07,52000000
APP_pre_info,3,-30.0,-29.0,8,1.5384615384615385e-07,52000000
APP_pre_info,3,-29.0,-28.0,5,9.615384615384616e-08,52000000
APP_pre_info,3,-28.0,-27.0,6,1.1538461538461539e-07,52000000
APP_pre_info,3,-27.0,-26.0,10,1.9230769230769231e-07,52000000
APP_pre_info,3,-26.0,-25.0,12,2.3076923076923078e-07,52000000
APP_pre_info,3,-25.0,-24.0,13,2.5e-07,52000000
APP_pre_info,3,-24.0,-23.0,22,4.230769230769231e-07,52000000
APP_pre_info,3,-23.0,-22.0,26,5e-07,52000000
APP_pre_info,3,-22.0,-21.0,51,9.807692307692308e-07,52000000
APP_pre_info,3,-21.0,-20.0,43,8.26923076923077e-07,52000000
APP_pre_info,3,-20.0,-19.0,86,1.653846153846154e-06,52000000
APP_pre_info,3,-19.0,-18.0,97,1.8653846153846154e-06,52000000
APP_pre_info,3,-18.0,-17.0,166,3.192307692307692e-06,52000000
APP_pre_info,3,-17.0,-16.0,173,3.3269230769230767e-06,52000000
APP_pre_info,3,-16.0,-15.0,225,4.326923076923077e-06,52000000
APP_pre_info,3,-15.0,-14.0,272,5.230769230769231e-06,52000000
APP_pre_info,3,-14.0,-13.0,398,7.653846153846154e-06,52000000
APP_pre_info,3,-13.0,-12.0,540,1.0384615384615384e-05,52000000
APP_pre_info,3,-12.0,-11.0,638,1.2269230769230769e-05,52000000
APP_pre_info,3,-11.0,-10.0,857,1.6480769230769232e-05,52000000
APP_pre_info,3,-10.0,-9.0,1071,2.0596153846153845e-05,52000000
APP_pre_info,3,-9.0,-8.0,1190,2.2884615384615383e-05,52000000
APP_pre_info,3,-8.0,-7.0,1452,2.7923076923076924e-05,52000000
APP_pre_info,3,-7.0,-6.0,1588,3.053846153846154e-05,52000000
APP_pre_info,3,-6.0,-5.0,1692,3.253846153846154e-05,52000000
APP_pre_info,3,-5.0,-4.0,1912,3.676923076923077e-05,52000000
APP_pre_info,3,-4.0,-3.0,2014,3.873076923076923e-05,52000000
APP_pre_info,3,-3.0,-2.0,2173,4.1788461538461536e-05,52000000
APP_pre_info,3,-2.0,-1.0,2280,4.384615384615385e-05,52000000
APP_pre_info,3,-1.0,0.0,2566,4.9346153846153846e-05,52000000
APP_pre_info,3,0.0,1.0,10379,0.00019959615384615385,52000000
APP_pre_info,3,1.0,2.0,15964,0.000307,52000000
APP_pre_info,3,2.0,3.0,23795,0.00045759615384615386,52000000
APP_pre_info,3,3.0,4.0,35332,0.0006794615384615385,52000000
APP_pre_info,3,4.0,5.0,51237,0.0009853269230769232,52000000
APP_pre_info,3,5.0,6.0,71219,0.0013695961538461537,52000000
APP_pre_info,3,6.0,7.0,98331,0.0018909807692307691,52000000
APP_pre_info,3,7.0,8.0,132965,0.0025570192307692308,52000000
APP_pre_info,3,8.0,9.0,177118,0.0034061153846153846,52000000
APP_pre_info,3,9.0,10.0,230722,0.004436961538461538,52000000
APP_pre_info,3,10.0,11.0,294684,0.005667,52000000
APP_pre_info,3,11.0,12.0,373568,0.007184,52000000
APP_pre_info,3,12.0,13.0,462731,0.008898673076923077,52000000
APP_pre_info,3,13.0,14.0,564570,0.010857115384615385,52000000
APP_pre_info,3,14.0,15.0,676601,0.013011557692307692,52000000
APP_pre_info,3,15.0,16.0,801192,0.015407538461538462,52000000
APP_pre_info,3,16.0,17.0,928455,0.017854903846153847,52000000
APP_pre_info,3,17.0,18.0,1061702,0.020417346153846154,52000000
APP_pre_info,3,18.0,19.0,1192678,0.022936115384615385,52000000
APP_pre_info,3,19.0,20.0,1317166,0.025330115384615385,52000000
APP_pre_info,3,20.0,21.0,1435153,0.027599096153846155,52000000
APP_pre_info,3,21.0,22.0,1540907,0.02963282692307692,52000000
APP_pre_info,3,22.0,23.0,1632803,0.03140005769230769,52000000
APP_pre_info,3,23.0,24.0,1704825,0.03278509615384615,52000000
APP_pre_info,3,24.0,25.0,1761475,0.03387451923076923,52000000
APP_pre_info,3,25.0,26.0,1796698,0.034551884615384616,52000000
APP_pre_info,3,26.0,27.0,1817159,0.03494536538461539,52000000
APP_pre_info,3,27.0,28.0,1814597,0.03489609615384615,52000000
APP_pre_info,3,28.0,29.0,1799207,0.034600134615384616,52000000
APP_pre_info,3,29.0,30.0,1772721,0.034090788461538464,52000000
APP_pre_info,3,30.0,31.0,1731055,0.033289519230769234,52000000
APP_pre_info,3,31.0,32.0,1678633,0.03228140384615385,52000000
APP_pre_info,3,32.0,33.0,1616213,0.03108101923076923,52000000
APP_pre_info,3,33.0,34.0,1547200,0.029753846153846155,52000000
APP_pre_info,3,34.0,35.0,1474717,0.028359942307692308,52000000
APP_pre_info,3,35.0,36.0,1395648,0.026839384615384616,52000000
APP_pre_info,3,36.0,37.0,1315306,0.025294346153846153,52000000
APP_pre_info,3,37.0,38.0,1232232,0.02369676923076923,52000000
APP_pre_info,3,38.0,39.0,1153385,0.02218048076923077,52000000
APP_pre_info,3,39.0,40.0,1073120,0.020636923076923077,52000000
APP_pre_info,3,40.0,41.0,995180,0.019138076923076924,52000000
APP_pre_info,3,41.0,42.0,920930,0.01771019230769231,52000000
APP_pre_info,3,42.0,43.0,849789,0.016342096153846155,52000000
APP_pre_info,3,43.0,44.0,780777,0.015014942307692307,52000000
APP_pre_info,3,44.0,45.0,718459,0.013816519230769231,52000000
APP_pre_info,3,45.0,46.0,661551,0.012722134615384616,52000000
APP_pre_info,3,46.0,47.0,609379,0.011718826923076924,52000000
APP_pre_info,3,47.0,48.0,562691,0.010820980769230769,52000000
APP_pre_info,3,48.0,49.0,518480,0.009970769230769231,52000000
APP_pre_info,3,49.0,50.0,480036,0.009231461538461539,52000000
APP_pre_info,3,50.0,51.0,445143,0.008560442307692307,52000000
APP_pre_info,3,51.0,52.0,412073,0.007924480769230769,52000000
APP_pre_info,3,52.0,53.0,381911,0.007344442307692308,52000000
APP_pre_info,3,53.0,54.0,353331,0.006794826923076923,52000000
APP_pre_info,3,54.0,55.0,325820,0.006265769230769231,52000000
APP_pre_info,3,55.0,56.0,300445,0.005777788461538462,52000000
APP_pre_info,3,56.0,57.0,275733,0.005302557692307692,52000000
APP_pre_info,3,57.0,58.0,254359,0.0048915192307692305,52000000
APP_pre_info,3,58.0,59.0,233616,0.004492615384615385,52000000
APP_pre_info,3,59.0,60.0,216208,0.0041578461538461535,52000000
APP_pre_info,3,60.0,61.0,200740,0.0038603846153846154,52000000
APP_pre_info,3,61.0,62.0,186483,0.0035862115384615386,52000000
APP_pre_info,3,62.0,63.0,174775,0.0033610576923076923,52000000
APP_pre_info,3,63.0,64.0,163065,0.0031358653846153845,52000000
APP_pre_info,3,64.0,65.0,152360,0.00293,52000000
APP_pre_info,3,65.0,66.0,141090,0.002713269230769231,52000000
APP_pre_info,3,66.0,67.0,130033,0.0025006346153846155,52000000
APP_pre_info,3,67.0,68.0,117784,0.002265076923076923,52000000
APP_pre_info,3,68.0,69.0,105036,0.0020199230769230767,52000000
APP_pre_info,3,69.0,70.0,91703,0.0017635192307692308,52000000
APP_pre_info,3,70.0,71.0,79080,0.0015207692307692307,52000000
APP_pre_info,3,71.0,72.0,66649,0.0012817115384615384,52000000
APP_pre_info,3,72.0,73.0,55076,0.0010591538461538462,52000000
APP_pre_info,3,73.0,74.0,45390,0.0008728846153846154,52000000
APP_pre_info,3,74.0,75.0,37124,0.000713923076923077,52000000
APP_pre_info,3,75.0,76.0,29847,0.0005739807692307692,52000000
APP_pre_info,3,76.0,77.0,24031,0.0004621346153846154,52000000
APP_pre_info,3,77.0,78.0,19394,0.0003729615384615385,52000000
APP_pre_info,3,78.0,79.0,15069,0.00028978846153846155,52000000
APP_pre_info,3,79.0,80.0,11509,0.00022132692307692307,52000000
APP_pre_info,3,80.0,81.0,8383,0.00016121153846153846,52000000
APP_pre_info,3,81.0,82.0,5765,0.00011086538461538462,52000000
APP_pre_info,3,82.0,83.0,3725,7.163461538461539e-05,52000000
APP_pre_info,3,83.0,84.0,2414,4.642307692307692e-05,52000000
APP_pre_info,3,84.0,85.0,1275,2.4519230769230768e-05,52000000
APP_pre_info,3,85.0,86.0,686,1.3192307692307692e-05,52000000
APP_pre_info,3,86.0,87.0,309,5.9423076923076926e-06,52000000
APP_pre_info,3,87.0,88.0,141,2.7115384615384617e-06,52000000
APP_pre_info,3,88.0,89.0,62,1.1923076923076923e-06,52000000
APP_pre_info,3,89.0,90.0,17,3.269230769230769e-07,52000000
APP_pre_info,3,90.0,91.0,7,1.346153846153846e-07,52000000
APP_pre_info,3,91.0,92.0,1,1.923076923076923e-08,52000000
APP_pre_info,3,92.0,93.0,0,0.0,52000000
APP_pre_info,3,93.0,94.0,0,0.0,52000000
APP_pre_info,3,94.0,95.0,0,0.0,52000000
APP_pre_info,3,95.0,96.0,0,0.0,52000000
APP_pre_info,3,96.0,97.0,0,0.0,52000000
APP_pre_info,3,97.0,98.0,0,0.0,52000000
APP_pre_info,3,98.0,99.0,0,0.0,52000000
APP_pre_info,3,99.0,100.0,0,0.0,52000000
APP_pre_info,3,100.0,101.0,0,0.0,52000000
APP_pre_info,3,101.0,102.0,0,0.0,52000000
APP_pre_info,3,102.0,103.0,0,0.0,52000000
APP_pre_info,3,103.0,104.0,0,0.0,52000000
APP_pre_info,3,104.0,105.0,0,0.0,52000000
APP_pre_info,3,105.0,106.0,0,0.0,52000000
APP_pre_info,3,106.0,107.0,0,0.0,52000000
APP_pre_info,3,107.0,108.0,0,0.0,52000000
APP_pre_info,3,108.0,109.0,0,0.0,52000000
APP_pre_info,3,109.0,110.0,0,0.0,52000000
APP_pre_info,3,110.0,111.0,0,0.0,52000000
APP_pre_info,3,111.0,112.0,0,0.0,52000000
APP_pre_info,3,112.0,113.0,0,0.0,52000000
APP_pre_info,3,113.0,114.0,0,0.0,52000000
APP_pre_info,3,114.0,115.0,0,0.0,52000000
APP_pre_info,3,115.0,116.0,0,0.0,52000000
APP_pre_info,3,116.0,117.0,0,0.0,52000000
APP_pre_info,3,117.0,118.0,0,0.0,52000000
APP_pre_info,3,118.0,119.0,0,0.0,52000000
APP_pre_info,3,119.0,120.0,0,0.0,52000000
APP_pre_info,4,-120.0,-119.0,0,0.0,52000000
APP_pre_info,4,-119.0,-118.0,0,0.0,52000000
APP_pre_info,4,-118.0,-117.0,0,0.0,52000000
APP_pre_info,4,-117.0,-116.0,0,0.0,52000000
APP_pre_info,4,-116.0,-115.0,0,0.0,52000000
APP_pre_info,4,-115.0,-114.0,0,0.0,52000000
APP_pre_info,4,-114.0,-113.0,0,0.0,52000000
APP_pre_info,4,-113.0,-112.0,0,0.0,52000000
APP_pre_info,4,-112.0,-111.0,0,0.0,52000000
APP_pre_info,4,-111.0,-110.0,0,0.0,52000000
APP_pre_info,4,-110.0,-109.0,0,0.0,52000000
APP_pre_info,4,-109.0,-108.0,0,0.0,52000000
APP_pre_info,4,-108.0,-107.0,0,0.0,52000000
APP_pre_info,4,-107.0,-106.0,0,0.0,52000000
APP_pre_info,4,-106.0,-105.0,0,0.0,52000000
APP_pre_info,4,-105.0,-104.0,0,0.0,52000000
APP_pre_info,4,-104.0,-103.0,0,0.0,52000000
APP_pre_info,4,-103.0,-102.0,0,0.0,52000000
APP_pre_info,4,-102.0,-101.0,0,0.0,52000000
APP_pre_info,4,-101.0,-100.0,0,0.0,52000000
APP_pre_info,4,-100.0,-99.0,0,0.0,52000000
APP_pre_info,4,-99.0,-98.0,0,0.0,52000000
APP_pre_info,4,-98.0,-97.0,0,0.0,52000000
APP_pre_info,4,-97.0,-96.0,0,0.0,52000000
APP_pre_info,4,-96.0,-95.0,0,0.0,52000000
APP_pre_info,4,-95.0,-94.0,0,0.0,52000000
APP_pre_info,4,-94.0,-93.0,0,0.0,52000000
APP_pre_info,4,-93.0,-92.0,0,0.0,52000000
APP_pre_info,4,-92.0,-91.0,0,0.0,52000000
APP_pre_info,4,-91.0,-90.0,0,0.0,52000000
APP_pre_info,4,-90.0,-89.0,0,0.0,52000000
APP_pre_info,4,-89.0,-88.0,0,0.0,52000000
APP_pre_info,4,-88.0,-87.0,0,0.0,52000000
APP_pre_info,4,-87.0,-86.0,0,0.0,52000000
APP_pre_info,4,-86.0,-85.0,0,0.0,52000000
APP_pre_info,4,-85.0,-84.0,0,0.0,52000000
APP_pre_info,4,-84.0,-83.0,0,0.0,52000000
APP_pre_info,4,-83.0,-82.0,0,0.0,52000000
APP_pre_info,4,-82.0,-81.0,0,0.0,52000000
APP_pre_info,4,-81.0,-80.0,0,0.0,52000000
APP_pre_info,4,-80.0,-79.0,0,0.0,52000000
APP_pre_info,4,-79.0,-78.0,0,0.0,52000000
APP_pre_info,4,-78.0,-77.0,0,0.0,52000000
APP_pre_info,4,-77.0,-76.0,0,0.0,52000000
APP_pre_info,4,-76.0,-75.0,0,0.0,52000000
APP_pre_info,4,-75.0,-74.0,0,0.0,52000000
APP_pre_info,4,-74.0,-73.0,0,0.0,52000000
APP_pre_info,4,-73.0,-72.0,0,0.0,52000000
APP_pre_info,4,-72.0,-71.0,0,0.0,52000000
APP_pre_info,4,-71.0,-70.0,0,0.0,52000000
APP_pre_info,4,-70.0,-69.0,0,0.0,52000000
APP_pre_info,4,-69.0,-68.0,0,0.0,52000000
APP_pre_info,4,-68.0,-67.0,0,0.0,52000000
APP_pre_info,4,-67.0,-66.0,0,0.0,52000000
APP_pre_info,4,-66.0,-65.0,0,0.0,52000000
APP_pre_info,4,-65.0,-64.0,0,0.0,52000000
APP_pre_info,4,-64.0,-63.0,0,0.0,52000000
APP_pre_info,4,-63.0,-62.0,0,0.0,52000000
APP_pre_info,4,-62.0,-61.0,0,0.0,52000000
APP_pre_info,4,-61.0,-60.0,0,0.0,52000000
APP_pre_info,4,-60.0,-59.0,0,0.0,52000000
APP_pre_info,4,-59.0,-58.0,0,0.0,52000000
APP_pre_info,4,-58.0,-57.0,0,0.0,52000000
APP_pre_info,4,-57.0,-56.0,0,0.0,52000000
APP_pre_info,4,-56.0,-55.0,0,0.0,52000000
APP_pre_info,4,-55.0,-54.0,0,0.0,52000000
APP_pre_info,4,-54.0,-53.0,0,0.0,52000000
APP_pre_info,4,-53.0,-52.0,0,0.0,52000000
APP_pre_info,4,-52.0,-51.0,1,1.923076923076923e-08,52000000
APP_pre_info,4,-51.0,-50.0,0,0.0,52000000
APP_pre_info,4,-50.0,-49.0,0,0.0,52000000
APP_pre_info,4,-49.0,-48.0,0,0.0,52000000
APP_pre_info,4,-48.0,-47.0,1,1.923076923076923e-08,52000000
APP_pre_info,4,-47.0,-46.0,2,3.846153846153846e-08,52000000
APP_pre_info,4,-46.0,-45.0,2,3.846153846153846e-08,52000000
APP_pre_info,4,-45.0,-44.0,0,0.0,52000000
APP_pre_info,4,-44.0,-43.0,3,5.7692307692307695e-08,52000000
APP_pre_info,4,-43.0,-42.0,0,0.0,52000000
APP_pre_info,4,-42.0,-41.0,1,1.923076923076923e-08,52000000
APP_pre_info,4,-41.0,-40.0,0,0.0,52000000
APP_pre_info,4,-40.0,-39.0,1,1.923076923076923e-08,52000000
APP_pre_info,4,-39.0,-38.0,2,3.846153846153846e-08,52000000
APP_pre_info,4,-38.0,-37.0,1,1.923076923076923e-08,52000000
APP_pre_info,4,-37.0,-36.0,2,3.846153846153846e-08,52000000
APP_pre_info,4,-36.0,-35.0,1,1.923076923076923e-08,52000000
APP_pre_info,4,-35.0,-34.0,2,3.846153846153846e-08,52000000
APP_pre_info,4,-34.0,-33.0,2,3.846153846153846e-08,52000000
APP_pre_info,4,-33.0,-32.0,2,3.846153846153846e-08,52000000
APP_pre_info,4,-32.0,-31.0,3,5.7692307692307695e-08,52000000
APP_pre_info,4,-31.0,-30.0,6,1.1538461538461539e-07,52000000
APP_pre_info,4,-30.0,-29.0,3,5.7692307692307695e-08,52000000
APP_pre_info,4,-29.0,-28.0,4,7.692307692307692e-08,52000000
APP_pre_info,4,-28.0,-27.0,14,2.692307692307692e-07,52000000
APP_pre_info,4,-27.0,-26.0,12,2.3076923076923078e-07,52000000
APP_pre_info,4,-26.0,-25.0,14,2.692307692307692e-07,52000000
APP_pre_info,4,-25.0,-24.0,19,3.653846153846154e-07,52000000
APP_pre_info,4,-24.0,-23.0,24,4.6153846153846156e-07,52000000
APP_pre_info,4,-23.0,-22.0,35,6.730769230769231e-07,52000000
APP_pre_info,4,-22.0,-21.0,36,6.923076923076923e-07,52000000
APP_pre_info,4,-21.0,-20.0,61,1.1730769230769232e-06,52000000
APP_pre_info,4,-20.0,-19.0,77,1.4807692307692307e-06,52000000
APP_pre_info,4,-19.0,-18.0,116,2.2307692307692307e-06,52000000
APP_pre_info,4,-18.0,-17.0,165,3.1730769230769233e-06,52000000
APP_pre_info,4,-17.0,-16.0,174,3.346153846153846e-06,52000000
APP_pre_info,4,-16.0,-15.0,251,4.826923076923077e-06,52000000
APP_pre_info,4,-15.0,-14.0,314,6.038461538461539e-06,52000000
APP_pre_info,4,-14.0,-13.0,395,7.5961538461538465e-06,52000000
APP_pre_info,4,-13.0,-12.0,488,9.384615384615385e-06,52000000
APP_pre_info,4,-12.0,-11.0,630,1.2115384615384615e-05,52000000
APP_pre_info,4,-11.0,-10.0,743,1.4288461538461539e-05,52000000
APP_pre_info,4,-10.0,-9.0,907,1.7442307692307692e-05,52000000
APP_pre_info,4,-9.0,-8.0,1029,1.9788461538461537e-05,52000000
APP_pre_info,4,-8.0,-7.0,1073,2.0634615384615386e-05,52000000
APP_pre_info,4,-7.0,-6.0,1270,2.4423076923076924e-05,52000000
APP_pre_info,4,-6.0,-5.0,1395,2.6826923076923075e-05,52000000
APP_pre_info,4,-5.0,-4.0,1415,2.721153846153846e-05,52000000
APP_pre_info,4,-4.0,-3.0,1427,2.744230769230769e-05,52000000
APP_pre_info,4,-3.0,-2.0,1501,2.8865384615384614e-05,52000000
APP_pre_info,4,-2.0,-1.0,1577,3.0326923076923076e-05,52000000
APP_pre_info,4,-1.0,0.0,1729,3.325e-05,52000000
APP_pre_info,4,0.0,1.0,9650,0.00018557692307692307,52000000
APP_pre_info,4,1.0,2.0,14773,0.0002840961538461539,52000000
APP_pre_info,4,2.0,3.0,22188,0.00042669230769230767,52000000
APP_pre_info,4,3.0,4.0,33248,0.0006393846153846153,52000000
APP_pre_info,4,4.0,5.0,48508,0.0009328461538461539,52000000
APP_pre_info,4,5.0,6.0,67846,0.0013047307692307692,52000000
APP_pre_info,4,6.0,7.0,93693,0.0018017884615384614,52000000
APP_pre_info,4,7.0,8.0,127719,0.0024561346153846152,52000000
APP_pre_info,4,8.0,9.0,170630,0.003281346153846154,52000000
APP_pre_info,4,9.0,10.0,222579,0.004280365384615384,52000000
APP_pre_info,4,10.0,11.0,285535,0.005491057692307693,52000000
APP_pre_info,4,11.0,12.0,363557,0.006991480769230769,52000000
APP_pre_info,4,12.0,13.0,452069,0.008693634615384615,52000000
APP_pre_info,4,13.0,14.0,553684,0.010647769230769231,52000000
APP_pre_info,4,14.0,15.0,665469,0.01279748076923077,52000000
APP_pre_info,4,15.0,16.0,790067,0.015193596153846153,52000000
APP_pre_info,4,16.0,17.0,918090,0.017655576923076923,52000000
APP_pre_info,4,17.0,18.0,1051755,0.020226057692307692,52000000
APP_pre_info,4,18.0,19.0,1184088,0.022770923076923077,52000000
APP_pre_info,4,19.0,20.0,1309808,0.025188615384615386,52000000
APP_pre_info,4,20.0,21.0,1429053,0.02748178846153846,52000000
APP_pre_info,4,21.0,22.0,1536083,0.029540057692307692,52000000
APP_pre_info,4,22.0,23.0,1629256,0.031331846153846155,52000000
APP_pre_info,4,23.0,24.0,1702666,0.032743576923076924,52000000
APP_pre_info,4,24.0,25.0,1760294,0.033851807692307695,52000000
APP_pre_info,4,25.0,26.0,1796460,0.03454730769230769,52000000
APP_pre_info,4,26.0,27.0,1817852,0.03495869230769231,52000000
APP_pre_info,4,27.0,28.0,1816332,0.03492946153846154,52000000
APP_pre_info,4,28.0,29.0,1801411,0.034642519230769234,52000000
APP_pre_info,4,29.0,30.0,1775786,0.03414973076923077,52000000
APP_pre_info,4,30.0,31.0,1734419,0.03335421153846154,52000000
APP_pre_info,4,31.0,32.0,1682978,0.03236496153846154,52000000
APP_pre_info,4,32.0,33.0,1620974,0.031172576923076924,52000000
APP_pre_info,4,33.0,34.0,1552173,0.02984948076923077,52000000
APP_pre_info,4,34.0,35.0,1479744,0.028456615384615386,52000000
APP_pre_info,4,35.0,36.0,1401221,0.026946557692307693,52000000
APP_pre_info,4,36.0,37.0,1320687,0.025397826923076922,52000000
APP_pre_info,4,37.0,38.0,1237893,0.023805634615384614,52000000
APP_pre_info,4,38.0,39.0,1158966,0.022287807692307694,52000000
APP_pre_info,4,39.0,40.0,1078786,0.020745884615384614,52000000
APP_pre_info,4,40.0,41.0,1000796,0.019246076923076925,52000000
APP_pre_info,4,41.0,42.0,926441,0.017816173076923077,52000000
APP_pre_info,4,42.0,43.0,855152,0.016445230769230768,52000000
APP_pre_info,4,43.0,44.0,785904,0.015113538461538461,52000000
APP_pre_info,4,44.0,45.0,723364,0.013910846153846154,52000000
APP_pre_info,4,45.0,46.0,666327,0.012813980769230768,52000000
APP_pre_info,4,46.0,47.0,613942,0.011806576923076923,52000000
APP_pre_info,4,47.0,48.0,567124,0.010906230769230769,52000000
APP_pre_info,4,48.0,49.0,522585,0.010049711538461539,52000000
APP_pre_info,4,49.0,50.0,484206,0.009311653846153846,52000000
APP_pre_info,4,50.0,51.0,449181,0.008638096153846154,52000000
APP_pre_info,4,51.0,52.0,415819,0.00799651923076923,52000000
APP_pre_info,4,52.0,53.0,385508,0.007413615384615385,52000000
APP_pre_info,4,53.0,54.0,356736,0.0068603076923076925,52000000
APP_pre_info,4,54.0,55.0,328960,0.006326153846153846,52000000
APP_pre_info,4,55.0,56.0,303433,0.00583525,52000000
APP_pre_info,4,56.0,57.0,278529,0.005356326923076923,52000000
APP_pre_info,4,57.0,58.0,256985,0.004942019230769231,52000000
APP_pre_info,4,58.0,59.0,236160,0.0045415384615384614,52000000
APP_pre_info,4,59.0,60.0,218420,0.004200384615384615,52000000
APP_pre_info,4,60.0,61.0,202865,0.00390125,52000000
APP_pre_info,4,61.0,62.0,188387,0.003622826923076923,52000000
APP_pre_info,4,62.0,63.0,176719,0.0033984423076923076,52000000
APP_pre_info,4,63.0,64.0,164874,0.003170653846153846,52000000
APP_pre_info,4,64.0,65.0,153989,0.002961326923076923,52000000
APP_pre_info,4,65.0,66.0,142646,0.0027431923076923076,52000000
APP_pre_info,4,66.0,67.0,131468,0.002528230769230769,52000000
APP_pre_info,4,67.0,68.0,119089,0.002290173076923077,52000000
APP_pre_info,4,68.0,69.0,106233,0.0020429423076923077,52000000
APP_pre_info,4,69.0,70.0,92698,0.0017826538461538461,52000000
APP_pre_info,4,70.0,71.0,79971,0.0015379038461538462,52000000
APP_pre_info,4,71.0,72.0,67358,0.0012953461538461539,52000000
APP_pre_info,4,72.0,73.0,55699,0.0010711346153846153,52000000
APP_pre_info,4,73.0,74.0,45966,0.0008839615384615384,52000000
APP_pre_info,4,74.0,75.0,37548,0.000722076923076923,52000000
APP_pre_info,4,75.0,76.0,30175,0.0005802884615384615,52000000
APP_pre_info,4,76.0,77.0,24308,0.00046746153846153845,52000000
APP_pre_info,4,77.0,78.0,19609,0.00037709615384615386,52000000
APP_pre_info,4,78.0,79.0,15241,0.0002930961538461538,52000000
APP_pre_info,4,79.0,80.0,11643,0.00022390384615384614,52000000
APP_pre_info,4,80.0,81.0,8470,0.00016288461538461538,52000000
APP_pre_info,4,81.0,82.0,5834,0.0001121923076923077,52000000
APP_pre_info,4,82.0,83.0,3758,7.226923076923077e-05,52000000
APP_pre_info,4,83.0,84.0,2440,4.692307692307692e-05,52000000
APP_pre_info,4,84.0,85.0,1290,2.480769230769231e-05,52000000
APP_pre_info,4,85.0,86.0,689,1.325e-05,52000000
APP_pre_info,4,86.0,87.0,311,5.98076923076923e-06,52000000
APP_pre_info,4,87.0,88.0,143,2.75e-06,52000000
APP_pre_info,4,88.0,89.0,62,1.1923076923076923e-06,52000000
APP_pre_info,4,89.0,90.0,17,3.269230769230769e-07,52000000
APP_pre_info,4,90.0,91.0,7,1.346153846153846e-07,52000000
APP_pre_info,4,91.0,92.0,1,1.923076923076923e-08,52000000
APP_pre_info,4,92.0,93.0,0,0.0,52000000
APP_pre_info,4,93.0,94.0,0,0.0,52000000
APP_pre_info,4,94.0,95.0,0,0.0,52000000
APP_pre_info,4,95.0,96.0,0,0.0,52000000
APP_pre_info,4,96.0,97.0,0,0.0,52000000
APP_pre_info,4,97.0,98.0,0,0.0,52000000
APP_pre_info,4,98.0,99.0,0,0.0,52000000
APP_pre_info,4,99.0,100.0,0,0.0,52000000
APP_pre_info,4,100.0,101.0,0,0.0,52000000
APP_pre_info,4,101.0,102.0,0,0.0,52000000
APP_pre_info,4,102.0,103.0,0,0.0,52000000
APP_pre_info,4,103.0,104.0,0,0.0,52000000
APP_pre_info,4,104.0,105.0,0,0.0,52000000
APP_pre_info,4,105.0,106.0,0,0.0,52000000
APP_pre_info,4,106.0,107.0,0,0.0,52000000
APP_pre_info,4,107.0,108.0,0,0.0,52000000
APP_pre_info,4,108.0,109.0,0,0.0,52000000
APP_pre_info,4,109.0,110.0,0,0.0,52000000
APP_pre_info,4,110.0,111.0,0,0.0,52000000
APP_pre_info,4,111.0,112.0,0,0.0,52000000
APP_pre_info,4,112.0,113.0,0,0.0,52000000
APP_pre_info,4,113.0,114.0,0,0.0,52000000
APP_pre_info,4,114.0,115.0,0,0.0,52000000
APP_pre_info,4,115.0,116.0,0,0.0,52000000
APP_pre_info,4,116.0,117.0,0,0.0,52000000
APP_pre_info,4,117.0,118.0,0,0.0,52000000
APP_pre_info,4,118.0,119.0,0,0.0,52000000
APP_pre_info,4,119.0,120.0,0,0.0,52000000
APP_pre_info,5,-120.0,-119.0,0,0.0,52000000
APP_pre_info,5,-119.0,-118.0,0,0.0,52000000
APP_pre_info,5,-118.0,-117.0,0,0.0,52000000
APP_pre_info,5,-117.0,-116.0,0,0.0,52000000
APP_pre_info,5,-116.0,-115.0,0,0.0,52000000
APP_pre_info,5,-115.0,-114.0,0,0.0,52000000
APP_pre_info,5,-114.0,-113.0,0,0.0,52000000
APP_pre_info,5,-113.0,-112.0,0,0.0,52000000
APP_pre_info,5,-112.0,-111.0,0,0.0,52000000
APP_pre_info,5,-111.0,-110.0,0,0.0,52000000
APP_pre_info,5,-110.0,-109.0,0,0.0,52000000
APP_pre_info,5,-109.0,-108.0,0,0.0,52000000
APP_pre_info,5,-108.0,-107.0,0,0.0,52000000
APP_pre_info,5,-107.0,-106.0,0,0.0,52000000
APP_pre_info,5,-106.0,-105.0,0,0.0,52000000
APP_pre_info,5,-105.0,-104.0,0,0.0,52000000
APP_pre_info,5,-104.0,-103.0,0,0.0,52000000
APP_pre_info,5,-103.0,-102.0,0,0.0,52000000
APP_pre_info,5,-102.0,-101.0,0,0.0,52000000
APP_pre_info,5,-101.0,-100.0,0,0.0,52000000
APP_pre_info,5,-100.0,-99.0,0,0.0,52000000
APP_pre_info,5,-99.0,-98.0,0,0.0,52000000
APP_pre_info,5,-98.0,-97.0,0,0.0,52000000
APP_pre_info,5,-97.0,-96.0,0,0.0,52000000
APP_pre_info,5,-96.0,-95.0,0,0.0,52000000
APP_pre_info,5,-95.0,-94.0,0,0.0,52000000
APP_pre_info,5,-94.0,-93.0,0,0.0,52000000
APP_pre_info,5,-93.0,-92.0,0,0.0,52000000
APP_pre_info,5,-92.0,-91.0,0,0.0,52000000
APP_pre_info,5,-91.0,-90.0,0,0.0,52000000
APP_pre_info,5,-90.0,-89.0,0,0.0,52000000
APP_pre_info,5,-89.0,-88.0,0,0.0,52000000
APP_pre_info,5,-88.0,-87.0,0,0.0,52000000
APP_pre_info,5,-87.0,-86.0,0,0.0,52000000
APP_pre_info,5,-86.0,-85.0,0,0.0,52000000
APP_pre_info,5,-85.0,-84.0,0,0.0,52000000
APP_pre_info,5,-84.0,-83.0,0,0.0,52000000
APP_pre_info,5,-83.0,-82.0,0,0.0,52000000
APP_pre_info,5,-82.0,-81.0,0,0.0,52000000
APP_pre_info,5,-81.0,-80.0,0,0.0,52000000
APP_pre_info,5,-80.0,-79.0,0,0.0,52000000
APP_pre_info,5,-79.0,-78.0,0,0.0,52000000
APP_pre_info,5,-78.0,-77.0,0,0.0,52000000
APP_pre_info,5,-77.0,-76.0,0,0.0,52000000
APP_pre_info,5,-76.0,-75.0,0,0.0,52000000
APP_pre_info,5,-75.0,-74.0,0,0.0,52000000
APP_pre_info,5,-74.0,-73.0,0,0.0,52000000
APP_pre_info,5,-73.0,-72.0,0,0.0,52000000
APP_pre_info,5,-72.0,-71.0,0,0.0,52000000
APP_pre_info,5,-71.0,-70.0,0,0.0,52000000
APP_pre_info,5,-70.0,-69.0,0,0.0,52000000
APP_pre_info,5,-69.0,-68.0,0,0.0,52000000
APP_pre_info,5,-68.0,-67.0,0,0.0,52000000
APP_pre_info,5,-67.0,-66.0,0,0.0,52000000
APP_pre_info,5,-66.0,-65.0,0,0.0,52000000
APP_pre_info,5,-65.0,-64.0,0,0.0,52000000
APP_pre_info,5,-64.0,-63.0,0,0.0,52000000
APP_pre_info,5,-63.0,-62.0,0,0.0,52000000
APP_pre_info,5,-62.0,-61.0,0,0.0,52000000
APP_pre_info,5,-61.0,-60.0,0,0.0,52000000
APP_pre_info,5,-60.0,-59.0,1,1.923076923076923e-08,52000000
APP_pre_info,5,-59.0,-58.0,0,0.0,52000000
APP_pre_info,5,-58.0,-57.0,0,0.0,52000000
APP_pre_info,5,-57.0,-56.0,0,0.0,52000000
APP_pre_info,5,-56.0,-55.0,0,0.0,52000000
APP_pre_info,5,-55.0,-54.0,0,0.0,52000000
APP_pre_info,5,-54.0,-53.0,1,1.923076923076923e-08,52000000
APP_pre_info,5,-53.0,-52.0,2,3.846153846153846e-08,52000000
APP_pre_info,5,-52.0,-51.0,0,0.0,52000000
APP_pre_info,5,-51.0,-50.0,0,0.0,52000000
APP_pre_info,5,-50.0,-49.0,2,3.846153846153846e-08,52000000
APP_pre_info,5,-49.0,-48.0,2,3.846153846153846e-08,52000000
APP_pre_info,5,-48.0,-47.0,0,0.0,52000000
APP_pre_info,5,-47.0,-46.0,1,1.923076923076923e-08,52000000
APP_pre_info,5,-46.0,-45.0,0,0.0,52000000
APP_pre_info,5,-45.0,-44.0,0,0.0,52000000
APP_pre_info,5,-44.0,-43.0,2,3.846153846153846e-08,52000000
APP_pre_info,5,-43.0,-42.0,2,3.846153846153846e-08,52000000
APP_pre_info,5,-42.0,-41.0,0,0.0,52000000
APP_pre_info,5,-41.0,-40.0,1,1.923076923076923e-08,52000000
APP_pre_info,5,-40.0,-39.0,3,5.7692307692307695e-08,52000000
APP_pre_info,5,-39.0,-38.0,2,3.846153846153846e-08,52000000
APP_pre_info,5,-38.0,-37.0,2,3.846153846153846e-08,52000000
APP_pre_info,5,-37.0,-36.0,1,1.923076923076923e-08,52000000
APP_pre_info,5,-36.0,-35.0,2,3.846153846153846e-08,52000000
APP_pre_info,5,-35.0,-34.0,4,7.692307692307692e-08,52000000
APP_pre_info,5,-34.0,-33.0,4,7.692307692307692e-08,52000000
APP_pre_info,5,-33.0,-32.0,6,1.1538461538461539e-07,52000000
APP_pre_info,5,-32.0,-31.0,4,7.692307692307692e-08,52000000
APP_pre_info,5,-31.0,-30.0,9,1.7307692307692308e-07,52000000
APP_pre_info,5,-30.0,-29.0,2,3.846153846153846e-08,52000000
APP_pre_info,5,-29.0,-28.0,8,1.5384615384615385e-07,52000000
APP_pre_info,5,-28.0,-27.0,17,3.269230769230769e-07,52000000
APP_pre_info,5,-27.0,-26.0,12,2.3076923076923078e-07,52000000
APP_pre_info,5,-26.0,-25.0,22,4.230769230769231e-07,52000000
APP_pre_info,5,-25.0,-24.0,29,5.576923076923077e-07,52000000
APP_pre_info,5,-24.0,-23.0,27,5.192307692307692e-07,52000000
APP_pre_info,5,-23.0,-22.0,35,6.730769230769231e-07,52000000
APP_pre_info,5,-22.0,-21.0,57,1.0961538461538462e-06,52000000
APP_pre_info,5,-21.0,-20.0,50,9.615384615384615e-07,52000000
APP_pre_info,5,-20.0,-19.0,84,1.6153846153846154e-06,52000000
APP_pre_info,5,-19.0,-18.0,111,2.1346153846153844e-06,52000000
APP_pre_info,5,-18.0,-17.0,138,2.6538461538461537e-06,52000000
APP_pre_info,5,-17.0,-16.0,210,4.0384615384615385e-06,52000000
APP_pre_info,5,-16.0,-15.0,263,5.057692307692308e-06,52000000
APP_pre_info,5,-15.0,-14.0,308,5.923076923076923e-06,52000000
APP_pre_info,5,-14.0,-13.0,413,7.942307692307693e-06,52000000
APP_pre_info,5,-13.0,-12.0,498,9.576923076923076e-06,52000000
APP_pre_info,5,-12.0,-11.0,553,1.0634615384615385e-05,52000000
APP_pre_info,5,-11.0,-10.0,666,1.2807692307692308e-05,52000000
APP_pre_info,5,-10.0,-9.0,768,1.476923076923077e-05,52000000
APP_pre_info,5,-9.0,-8.0,890,1.7115384615384617e-05,52000000
APP_pre_info,5,-8.0,-7.0,902,1.7346153846153847e-05,52000000
APP_pre_info,5,-7.0,-6.0,1054,2.026923076923077e-05,52000000
APP_pre_info,5,-6.0,-5.0,1083,2.082692307692308e-05,52000000
APP_pre_info,5,-5.0,-4.0,1116,2.1461538461538463e-05,52000000
APP_pre_info,5,-4.0,-3.0,1209,2.325e-05,52000000
APP_pre_info,5,-3.0,-2.0,1189,2.2865384615384614e-05,52000000
APP_pre_info,5,-2.0,-1.0,1252,2.4076923076923076e-05,52000000
APP_pre_info,5,-1.0,0.0,1433,2.7557692307692308e-05,52000000
APP_pre_info,5,0.0,1.0,9218,0.00017726923076923076,52000000
APP_pre_info,5,1.0,2.0,14263,0.00027428846153846156,52000000
APP_pre_info,5,2.0,3.0,21677,0.0004168653846153846,52000000
APP_pre_info,5,3.0,4.0,32368,0.0006224615384615384,52000000
APP_pre_info,5,4.0,5.0,47542,0.0009142692307692308,52000000
APP_pre_info,5,5.0,6.0,66339,0.00127575,52000000
APP_pre_info,5,6.0,7.0,91926,0.0017678076923076922,52000000
APP_pre_info,5,7.0,8.0,125252,0.002408692307692308,52000000
APP_pre_info,5,8.0,9.0,167384,0.003218923076923077,52000000
APP_pre_info,5,9.0,10.0,219233,0.004216019230769231,52000000
APP_pre_info,5,10.0,11.0,281315,0.005409903846153846,52000000
APP_pre_info,5,11.0,12.0,358764,0.006899307692307692,52000000
APP_pre_info,5,12.0,13.0,447133,0.008598711538461538,52000000
APP_pre_info,5,13.0,14.0,548184,0.010542,52000000
APP_pre_info,5,14.0,15.0,660157,0.012695326923076924,52000000
APP_pre_info,5,15.0,16.0,785099,0.015098057692307692,52000000
APP_pre_info,5,16.0,17.0,913243,0.017562365384615385,52000000
APP_pre_info,5,17.0,18.0,1047069,0.020135942307692306,52000000
APP_pre_info,5,18.0,19.0,1179545,0.022683557692307694,52000000
APP_pre_info,5,19.0,20.0,1306167,0.025118596153846155,52000000
APP_pre_info,5,20.0,21.0,1425840,0.02742,52000000
APP_pre_info,5,21.0,22.0,1533535,0.02949105769230769,52000000
APP_pre_info,5,22.0,23.0,1627652,0.031301,52000000
APP_pre_info,5,23.0,24.0,1701495,0.032721057692307695,52000000
APP_pre_info,5,24.0,25.0,1759330,0.03383326923076923,52000000
APP_pre_info,5,25.0,26.0,1796363,0.034545442307692305,52000000
APP_pre_info,5,26.0,27.0,1818442,0.03497003846153846,52000000
APP_pre_info,5,27.0,28.0,1817091,0.03494405769230769,52000000
APP_pre_info,5,28.0,29.0,1802568,0.03466476923076923,52000000
APP_pre_info,5,29.0,30.0,1777459,0.03418190384615385,52000000
APP_pre_info,5,30.0,31.0,1736501,0.03339425,52000000
APP_pre_info,5,31.0,32.0,1685083,0.03240544230769231,52000000
APP_pre_info,5,32.0,33.0,1623478,0.031220730769230768,52000000
APP_pre_info,5,33.0,34.0,1554618,0.0298965,52000000
APP_pre_info,5,34.0,35.0,1482171,0.028503288461538462,52000000
APP_pre_info,5,35.0,36.0,1403624,0.02699276923076923,52000000
APP_pre_info,5,36.0,37.0,1323468,0.025451307692307693,52000000
APP_pre_info,5,37.0,38.0,1240584,0.023857384615384617,52000000
APP_pre_info,5,38.0,39.0,1161718,0.02234073076923077,52000000
APP_pre_info,5,39.0,40.0,1081614,0.02080026923076923,52000000
APP_pre_info,5,40.0,41.0,1003410,0.019296346153846154,52000000
APP_pre_info,5,41.0,42.0,928960,0.017864615384615385,52000000
APP_pre_info,5,42.0,43.0,857683,0.016493903846153846,52000000
APP_pre_info,5,43.0,44.0,788367,0.015160903846153847,52000000
APP_pre_info,5,44.0,45.0,725783,0.013957365384615384,52000000
APP_pre_info,5,45.0,46.0,668627,0.012858211538461539,52000000
APP_pre_info,5,46.0,47.0,616120,0.011848461538461539,52000000
APP_pre_info,5,47.0,48.0,569234,0.010946807692307691,52000000
APP_pre_info,5,48.0,49.0,524608,0.010088615384615385,52000000
APP_pre_info,5,49.0,50.0,486155,0.009349134615384615,52000000
APP_pre_info,5,50.0,51.0,451014,0.008673346153846153,52000000
APP_pre_info,5,51.0,52.0,417576,0.008030307692307692,52000000
APP_pre_info,5,52.0,53.0,387188,0.0074459230769230765,52000000
APP_pre_info,5,53.0,54.0,358313,0.006890634615384615,52000000
APP_pre_info,5,54.0,55.0,330390,0.0063536538461538465,52000000
APP_pre_info,5,55.0,56.0,304803,0.005861596153846154,52000000
APP_pre_info,5,56.0,57.0,279879,0.005382288461538462,52000000
APP_pre_info,5,57.0,58.0,258120,0.004963846153846154,52000000
APP_pre_info,5,58.0,59.0,237282,0.004563115384615384,52000000
APP_pre_info,5,59.0,60.0,219466,0.0042205,52000000
APP_pre_info,5,60.0,61.0,203798,0.0039191923076923076,52000000
APP_pre_info,5,61.0,62.0,189199,0.003638442307692308,52000000
APP_pre_info,5,62.0,63.0,177548,0.0034143846153846156,52000000
APP_pre_info,5,63.0,64.0,165606,0.003184730769230769,52000000
APP_pre_info,5,64.0,65.0,154674,0.0029745,52000000
APP_pre_info,5,65.0,66.0,143335,0.002756442307692308,52000000
APP_pre_info,5,66.0,67.0,132089,0.002540173076923077,52000000
APP_pre_info,5,67.0,68.0,119621,0.002300403846153846,52000000
APP_pre_info,5,68.0,69.0,106756,0.002053,52000000
APP_pre_info,5,69.0,70.0,93092,0.0017902307692307692,52000000
APP_pre_info,5,70.0,71.0,80337,0.0015449423076923077,52000000
APP_pre_info,5,71.0,72.0,67675,0.0013014423076923077,52000000
APP_pre_info,5,72.0,73.0,55915,0.0010752884615384615,52000000
APP_pre_info,5,73.0,74.0,46137,0.00088725,52000000
APP_pre_info,5,74.0,75.0,37721,0.0007254038461538461,52000000
APP_pre_info,5,75.0,76.0,30307,0.0005828269230769231,52000000
APP_pre_info,5,76.0,77.0,24406,0.00046934615384615385,52000000
APP_pre_info,5,77.0,78.0,19708,0.000379,52000000
APP_pre_info,5,78.0,79.0,15305,0.0002943269230769231,52000000
APP_pre_info,5,79.0,80.0,11702,0.00022503846153846155,52000000
APP_pre_info,5,80.0,81.0,8513,0.00016371153846153846,52000000
APP_pre_info,5,81.0,82.0,5861,0.00011271153846153846,52000000
APP_pre_info,5,82.0,83.0,3774,7.257692307692308e-05,52000000
APP_pre_info,5,83.0,84.0,2455,4.721153846153846e-05,52000000
APP_pre_info,5,84.0,85.0,1293,2.4865384615384615e-05,52000000
APP_pre_info,5,85.0,86.0,692,1.3307692307692307e-05,52000000
APP_pre_info,5,86.0,87.0,311,5.98076923076923e-06,52000000
APP_pre_info,5,87.0,88.0,143,2.75e-06,52000000
APP_pre_info,5,88.0,89.0,62,1.1923076923076923e-06,52000000
APP_pre_info,5,89.0,90.0,17,3.269230769230769e-07,52000000
APP_pre_info,5,90.0,91.0,7,1.346153846153846e-07,52000000
APP_pre_info,5,91.0,92.0,1,1.923076923076923e-08,52000000
APP_pre_info,5,92.0,93.0,0,0.0,52000000
APP_pre_info,5,93.0,94.0,0,0.0,52000000
APP_pre_info,5,94.0,95.0,0,0.0,52000000
APP_pre_info,5,95.0,96.0,0,0.0,52000000
APP_pre_info,5,96.0,97.0,0,0.0,52000000
APP_pre_info,5,97.0,98.0,0,0.0,52000000
APP_pre_info,5,98.0,99.0,0,0.0,52000000
APP_pre_info,5,99.0,100.0,0,0.0,52000000
APP_pre_info,5,100.0,101.0,0,0.0,52000000
APP_pre_info,5,101.0,102.0,0,0.0,52000000
APP_pre_info,5,102.0,103.0,0,0.0,52000000
APP_pre_info,5,103.0,104.0,0,0.0,52000000
APP_pre_info,5,104.0,105.0,0,0.0,52000000
APP_pre_info,5,105.0,106.0,0,0.0,52000000
APP_pre_info,5,106.0,107.0,0,0.0,52000000
APP_pre_info,5,107.0,108.0,0,0.0,52000000
APP_pre_info,5,108.0,109.0,0,0.0,52000000
APP_pre_info,5,109.0,110.0,0,0.0,52000000
APP_pre_info,5,110.0,111.0,0,0.0,52000000
APP_pre_info,5,111.0,112.0,0,0.0,52000000
APP_pre_info,5,112.0,113.0,0,0.0,52000000
APP_pre_info,5,113.0,114.0,0,0.0,52000000
APP_pre_info,5,114.0,115.0,0,0.0,52000000
APP_pre_info,5,115.0,116.0,0,0.0,52000000
APP_pre_info,5,116.0,117.0,0,0.0,52000000
APP_pre_info,5,117.0,118.0,0,0.0,52000000
APP_pre_info,5,118.0,119.0,0,0.0,52000000
APP_pre_info,5,119.0,120.0,0,0.0,52000000
APP_pre_info,6,-120.0,-119.0,0,0.0,52000000
APP_pre_info,6,-119.0,-118.0,0,0.0,52000000
APP_pre_info,6,-118.0,-117.0,0,0.0,52000000
APP_pre_info,6,-117.0,-116.0,0,0.0,52000000
APP_pre_info,6,-116.0,-115.0,0,0.0,52000000
APP_pre_info,6,-115.0,-114.0,0,0.0,52000000
APP_pre_info,6,-114.0,-113.0,0,0.0,52000000
APP_pre_info,6,-113.0,-112.0,0,0.0,52000000
APP_pre_info,6,-112.0,-111.0,0,0.0,52000000
APP_pre_info,6,-111.0,-110.0,0,0.0,52000000
APP_pre_info,6,-110.0,-109.0,0,0.0,52000000
APP_pre_info,6,-109.0,-108.0,0,0.0,52000000
APP_pre_info,6,-108.0,-107.0,0,0.0,52000000
APP_pre_info,6,-107.0,-106.0,0,0.0,52000000
APP_pre_info,6,-106.0,-105.0,0,0.0,52000000
APP_pre_info,6,-105.0,-104.0,0,0.0,52000000
APP_pre_info,6,-104.0,-103.0,0,0.0,52000000
APP_pre_info,6,-103.0,-102.0,0,0.0,52000000
APP_pre_info,6,-102.0,-101.0,0,0.0,52000000
APP_pre_info,6,-101.0,-100.0,0,0.0,52000000
APP_pre_info,6,-100.0,-99.0,0,0.0,52000000
APP_pre_info,6,-99.0,-98.0,0,0.0,52000000
APP_pre_info,6,-98.0,-97.0,0,0.0,52000000
APP_pre_info,6,-97.0,-96.0,0,0.0,52000000
APP_pre_info,6,-96.0,-95.0,0,0.0,52000000
APP_pre_info,6,-95.0,-94.0,0,0.0,52000000
APP_pre_info,6,-94.0,-93.0,0,0.0,52000000
APP_pre_info,6,-93.0,-92.0,0,0.0,52000000
APP_pre_info,6,-92.0,-91.0,0,0.0,52000000
APP_pre_info,6,-91.0,-90.0,0,0.0,52000000
APP_pre_info,6,-90.0,-89.0,0,0.0,52000000
APP_pre_info,6,-89.0,-88.0,0,0.0,52000000
APP_pre_info,6,-88.0,-87.0,0,0.0,52000000
APP_pre_info,6,-87.0,-86.0,0,0.0,52000000
APP_pre_info,6,-86.0,-85.0,0,0.0,52000000
APP_pre_info,6,-85.0,-84.0,0,0.0,52000000
APP_pre_info,6,-84.0,-83.0,0,0.0,52000000
APP_pre_info,6,-83.0,-82.0,0,0.0,52000000
APP_pre_info,6,-82.0,-81.0,0,0.0,52000000
APP_pre_info,6,-81.0,-80.0,0,0.0,52000000
APP_pre_info,6,-80.0,-79.0,0,0.0,52000000
APP_pre_info,6,-79.0,-78.0,0,0.0,52000000
APP_pre_info,6,-78.0,-77.0,0,0.0,52000000
APP_pre_info,6,-77.0,-76.0,0,0.0,52000000
APP_pre_info,6,-76.0,-75.0,0,0.0,52000000
APP_pre_info,6,-75.0,-74.0,0,0.0,52000000
APP_pre_info,6,-74.0,-73.0,0,0.0,52000000
APP_pre_info,6,-73.0,-72.0,0,0.0,52000000
APP_pre_info,6,-72.0,-71.0,0,0.0,52000000
APP_pre_info,6,-71.0,-70.0,0,0.0,52000000
APP_pre_info,6,-70.0,-69.0,0,0.0,52000000
APP_pre_info,6,-69.0,-68.0,0,0.0,52000000
APP_pre_info,6,-68.0,-67.0,0,0.0,52000000
APP_pre_info,6,-67.0,-66.0,0,0.0,52000000
APP_pre_info,6,-66.0,-65.0,0,0.0,52000000
APP_pre_info,6,-65.0,-64.0,0,0.0,52000000
APP_pre_info,6,-64.0,-63.0,0,0.0,52000000
APP_pre_info,6,-63.0,-62.0,0,0.0,52000000
APP_pre_info,6,-62.0,-61.0,1,1.923076923076923e-08,52000000
APP_pre_info,6,-61.0,-60.0,0,0.0,52000000
APP_pre_info,6,-60.0,-59.0,0,0.0,52000000
APP_pre_info,6,-59.0,-58.0,0,0.0,52000000
APP_pre_info,6,-58.0,-57.0,0,0.0,52000000
APP_pre_info,6,-57.0,-56.0,0,0.0,52000000
APP_pre_info,6,-56.0,-55.0,1,1.923076923076923e-08,52000000
APP_pre_info,6,-55.0,-54.0,0,0.0,52000000
APP_pre_info,6,-54.0,-53.0,0,0.0,52000000
APP_pre_info,6,-53.0,-52.0,1,1.923076923076923e-08,52000000
APP_pre_info,6,-52.0,-51.0,1,1.923076923076923e-08,52000000
APP_pre_info,6,-51.0,-50.0,0,0.0,52000000
APP_pre_info,6,-50.0,-49.0,0,0.0,52000000
APP_pre_info,6,-49.0,-48.0,0,0.0,52000000
APP_pre_info,6,-48.0,-47.0,1,1.923076923076923e-08,52000000
APP_pre_info,6,-47.0,-46.0,4,7.692307692307692e-08,52000000
APP_pre_info,6,-46.0,-45.0,1,1.923076923076923e-08,52000000
APP_pre_info,6,-45.0,-44.0,0,0.0,52000000
APP_pre_info,6,-44.0,-43.0,0,0.0,52000000
APP_pre_info,6,-43.0,-42.0,2,3.846153846153846e-08,52000000
APP_pre_info,6,-42.0,-41.0,1,1.923076923076923e-08,52000000
APP_pre_info,6,-41.0,-40.0,0,0.0,52000000
APP_pre_info,6,-40.0,-39.0,1,1.923076923076923e-08,52000000
APP_pre_info,6,-39.0,-38.0,0,0.0,52000000
APP_pre_info,6,-38.0,-37.0,1,1.923076923076923e-08,52000000
APP_pre_info,6,-37.0,-36.0,0,0.0,52000000
APP_pre_info,6,-36.0,-35.0,3,5.7692307692307695e-08,52000000
APP_pre_info,6,-35.0,-34.0,4,7.692307692307692e-08,52000000
APP_pre_info,6,-34.0,-33.0,8,1.5384615384615385e-07,52000000
APP_pre_info,6,-33.0,-32.0,7,1.346153846153846e-07,52000000
APP_pre_info,6,-32.0,-31.0,6,1.1538461538461539e-07,52000000
APP_pre_info,6,-31.0,-30.0,8,1.5384615384615385e-07,52000000
APP_pre_info,6,-30.0,-29.0,7,1.346153846153846e-07,52000000
APP_pre_info,6,-29.0,-28.0,8,1.5384615384615385e-07,52000000
APP_pre_info,6,-28.0,-27.0,19,3.653846153846154e-07,52000000
APP_pre_info,6,-27.0,-26.0,14,2.692307692307692e-07,52000000
APP_pre_info,6,-26.0,-25.0,27,5.192307692307692e-07,52000000
APP_pre_info,6,-25.0,-24.0,29,5.576923076923077e-07,52000000
APP_pre_info,6,-24.0,-23.0,36,6.923076923076923e-07,52000000
APP_pre_info,6,-23.0,-22.0,52,1e-06,52000000
APP_pre_info,6,-22.0,-21.0,48,9.230769230769231e-07,52000000
APP_pre_info,6,-21.0,-20.0,63,1.2115384615384616e-06,52000000
APP_pre_info,6,-20.0,-19.0,80,1.5384615384615385e-06,52000000
APP_pre_info,6,-19.0,-18.0,115,2.2115384615384614e-06,52000000
APP_pre_info,6,-18.0,-17.0,153,2.9423076923076925e-06,52000000
APP_pre_info,6,-17.0,-16.0,171,3.2884615384615385e-06,52000000
APP_pre_info,6,-16.0,-15.0,214,4.115384615384615e-06,52000000
APP_pre_info,6,-15.0,-14.0,300,5.769230769230769e-06,52000000
APP_pre_info,6,-14.0,-13.0,370,7.115384615384615e-06,52000000
APP_pre_info,6,-13.0,-12.0,463,8.903846153846154e-06,52000000
APP_pre_info,6,-12.0,-11.0,496,9.538461538461538e-06,52000000
APP_pre_info,6,-11.0,-10.0,625,1.201923076923077e-05,52000000
APP_pre_info,6,-10.0,-9.0,720,1.3846153846153847e-05,52000000
APP_pre_info,6,-9.0,-8.0,728,1.4e-05,52000000
APP_pre_info,6,-8.0,-7.0,833,1.6019230769230768e-05,52000000
APP_pre_info,6,-7.0,-6.0,893,1.7173076923076924e-05,52000000
APP_pre_info,6,-6.0,-5.0,879,1.6903846153846155e-05,52000000
APP_pre_info,6,-5.0,-4.0,911,1.751923076923077e-05,52000000
APP_pre_info,6,-4.0,-3.0,1032,1.9846153846153847e-05,52000000
APP_pre_info,6,-3.0,-2.0,1015,1.951923076923077e-05,52000000
APP_pre_info,6,-2.0,-1.0,1062,2.0423076923076925e-05,52000000
APP_pre_info,6,-1.0,0.0,1251,2.4057692307692307e-05,52000000
APP_pre_info,6,0.0,1.0,9016,0.0001733846153846154,52000000
APP_pre_info,6,1.0,2.0,14099,0.00027113461538461536,52000000
APP_pre_info,6,2.0,3.0,21171,0.00040713461538461536,52000000
APP_pre_info,6,3.0,4.0,31836,0.0006122307692307692,52000000
APP_pre_info,6,4.0,5.0,46815,0.0009002884615384615,52000000
APP_pre_info,6,5.0,6.0,65302,0.0012558076923076924,52000000
APP_pre_info,6,6.0,7.0,90464,0.0017396923076923078,52000000
APP_pre_info,6,7.0,8.0,123709,0.0023790192307692306,52000000
APP_pre_info,6,8.0,9.0,165260,0.0031780769230769232,52000000
APP_pre_info,6,9.0,10.0,216763,0.004168519230769231,52000000
APP_pre_info,6,10.0,11.0,278712,0.005359846153846154,52000000
APP_pre_info,6,11.0,12.0,355837,0.006843019230769231,52000000
APP_pre_info,6,12.0,13.0,443648,0.008531692307692308,52000000
APP_pre_info,6,13.0,14.0,544609,0.01047325,52000000
APP_pre_info,6,14.0,15.0,656666,0.012628192307692307,52000000
APP_pre_info,6,15.0,16.0,781099,0.015021134615384615,52000000
APP_pre_info,6,16.0,17.0,909537,0.017491096153846152,52000000
APP_pre_info,6,17.0,18.0,1043738,0.020071884615384616,52000000
APP_pre_info,6,18.0,19.0,1176622,0.022627346153846154,52000000
APP_pre_info,6,19.0,20.0,1303488,0.025067076923076925,52000000
APP_pre_info,6,20.0,21.0,1423713,0.027379096153846153,52000000
APP_pre_info,6,21.0,22.0,1532100,0.02946346153846154,52000000
APP_pre_info,6,22.0,23.0,1626401,0.03127694230769231,52000000
APP_pre_info,6,23.0,24.0,1700637,0.03270455769230769,52000000
APP_pre_info,6,24.0,25.0,1758771,0.03382251923076923,52000000
APP_pre_info,6,25.0,26.0,1796329,0.03454478846153846,52000000
APP_pre_info,6,26.0,27.0,1818458,0.03497034615384615,52000000
APP_pre_info,6,27.0,28.0,1817788,0.03495746153846154,52000000
APP_pre_info,6,28.0,29.0,1803661,0.03468578846153846,52000000
APP_pre_info,6,29.0,30.0,1778641,0.034204634615384616,52000000
APP_pre_info,6,30.0,31.0,1737632,0.033416,52000000
APP_pre_info,6,31.0,32.0,1686589,0.03243440384615385,52000000
APP_pre_info,6,32.0,33.0,1625161,0.03125309615384615,52000000
APP_pre_info,6,33.0,34.0,1556327,0.029929365384615384,52000000
APP_pre_info,6,34.0,35.0,1484041,0.02853925,52000000
APP_pre_info,6,35.0,36.0,1405640,0.02703153846153846,52000000
APP_pre_info,6,36.0,37.0,1325444,0.025489307692307693,52000000
APP_pre_info,6,37.0,38.0,1242372,0.02389176923076923,52000000
APP_pre_info,6,38.0,39.0,1163567,0.02237628846153846,52000000
APP_pre_info,6,39.0,40.0,1083392,0.020834461538461538,52000000
APP_pre_info,6,40.0,41.0,1005301,0.019332711538461538,52000000
APP_pre_info,6,41.0,42.0,930759,0.017899211538461537,52000000
APP_pre_info,6,42.0,43.0,859455,0.01652798076923077,52000000
APP_pre_info,6,43.0,44.0,790066,0.015193576923076922,52000000
APP_pre_info,6,44.0,45.0,727404,0.013988538461538462,52000000
APP_pre_info,6,45.0,46.0,670191,0.012888288461538461,52000000
APP_pre_info,6,46.0,47.0,617683,0.01187851923076923,52000000
APP_pre_info,6,47.0,48.0,570737,0.010975711538461538,52000000
APP_pre_info,6,48.0,49.0,525962,0.010114653846153846,52000000
APP_pre_info,6,49.0,50.0,487445,0.009373942307692307,52000000
APP_pre_info,6,50.0,51.0,452247,0.008697057692307693,52000000
APP_pre_info,6,51.0,52.0,418735,0.008052596153846153,52000000
APP_pre_info,6,52.0,53.0,388305,0.007467403846153846,52000000
APP_pre_info,6,53.0,54.0,359308,0.006909769230769231,52000000
APP_pre_info,6,54.0,55.0,331378,0.0063726538461538465,52000000
APP_pre_info,6,55.0,56.0,305693,0.005878711538461538,52000000
APP_pre_info,6,56.0,57.0,280710,0.005398269230769231,52000000
APP_pre_info,6,57.0,58.0,258894,0.004978730769230769,52000000
APP_pre_info,6,58.0,59.0,237965,0.00457625,52000000
APP_pre_info,6,59.0,60.0,220110,0.004232884615384616,52000000
APP_pre_info,6,60.0,61.0,204421,0.003931173076923077,52000000
APP_pre_info,6,61.0,62.0,189802,0.0036500384615384615,52000000
APP_pre_info,6,62.0,63.0,178123,0.0034254423076923077,52000000
APP_pre_info,6,63.0,64.0,166152,0.0031952307692307692,52000000
APP_pre_info,6,64.0,65.0,155171,0.002984057692307692,52000000
APP_pre_info,6,65.0,66.0,143795,0.0027652884615384614,52000000
APP_pre_info,6,66.0,67.0,132486,0.002547807692307692,52000000
APP_pre_info,6,67.0,68.0,120001,0.0023077115384615384,52000000
APP_pre_info,6,68.0,69.0,107084,0.0020593076923076923,52000000
APP_pre_info,6,69.0,70.0,93373,0.0017956346153846154,52000000
APP_pre_info,6,70.0,71.0,80587,0.00154975,52000000
APP_pre_info,6,71.0,72.0,67861,0.0013050192307692307,52000000
APP_pre_info,6,72.0,73.0,56082,0.0010785,52000000
APP_pre_info,6,73.0,74.0,46277,0.0008899423076923077,52000000
APP_pre_info,6,74.0,75.0,37839,0.0007276730769230769,52000000
APP_pre_info,6,75.0,76.0,30391,0.0005844423076923077,52000000
APP_pre_info,6,76.0,77.0,24461,0.00047040384615384614,52000000
APP_pre_info,6,77.0,78.0,19777,0.00038032692307692306,52000000
APP_pre_info,6,78.0,79.0,15347,0.0002951346153846154,52000000
APP_pre_info,6,79.0,80.0,11729,0.0002255576923076923,52000000
APP_pre_info,6,80.0,81.0,8530,0.00016403846153846153,52000000
APP_pre_info,6,81.0,82.0,5876,0.000113,52000000
APP_pre_info,6,82.0,83.0,3777,7.263461538461539e-05,52000000
APP_pre_info,6,83.0,84.0,2463,4.736538461538462e-05,52000000
APP_pre_info,6,84.0,85.0,1293,2.4865384615384615e-05,52000000
APP_pre_info,6,85.0,86.0,692,1.3307692307692307e-05,52000000
APP_pre_info,6,86.0,87.0,312,6e-06,52000000
APP_pre_info,6,87.0,88.0,143,2.75e-06,52000000
APP_pre_info,6,88.0,89.0,62,1.1923076923076923e-06,52000000
APP_pre_info,6,89.0,90.0,17,3.269230769230769e-07,52000000
APP_pre_info,6,90.0,91.0,7,1.346153846153846e-07,52000000
APP_pre_info,6,91.0,92.0,1,1.923076923076923e-08,52000000
APP_pre_info,6,92.0,93.0,0,0.0,52000000
APP_pre_info,6,93.0,94.0,0,0.0,52000000
APP_pre_info,6,94.0,95.0,0,0.0,52000000
APP_pre_info,6,95.0,96.0,0,0.0,52000000
APP_pre_info,6,96.0,97.0,0,0.0,52000000
APP_pre_info,6,97.0,98.0,0,0.0,52000000
APP_pre_info,6,98.0,99.0,0,0.0,52000000
APP_pre_info,6,99.0,100.0,0,0.0,52000000
APP_pre_info,6,100.0,101.0,0,0.0,52000000
APP_pre_info,6,101.0,102.0,0,0.0,52000000
APP_pre_info,6,102.0,103.0,0,0.0,52000000
APP_pre_info,6,103.0,104.0,0,0.0,52000000
APP_pre_info,6,104.0,105.0,0,0.0,52000000
APP_pre_info,6,105.0,106.0,0,0.0,52000000
APP_pre_info,6,106.0,107.0,0,0.0,52000000
APP_pre_info,6,107.0,108.0,0,0.0,52000000
APP_pre_info,6,108.0,109.0,0,0.0,52000000
APP_pre_info,6,109.0,110.0,0,0.0,52000000
APP_pre_info,6,110.0,111.0,0,0.0,52000000
APP_pre_info,6,111.0,112.0,0,0.0,52000000
APP_pre_info,6,112.0,113.0,0,0.0,52000000
APP_pre_info,6,113.0,114.0,0,0.0,52000000
APP_pre_info,6,114.0,115.0,0,0.0,52000000
APP_pre_info,6,115.0,116.0,0,0.0,52000000
APP_pre_info,6,116.0,117.0,0,0.0,52000000
APP_pre_info,6,117.0,118.0,0,0.0,52000000
APP_pre_info,6,118.0,119.0,0,0.0,52000000
APP_pre_info,6,119.0,120.0,0,0.0,52000000
